编号,企业名称,股票简称,上市公司行业,招聘岗位,工作城市,最低月薪,最高月薪,职位描述,学历要求,要求经验,招聘类别,招聘发布日期,招聘结束日期
3059,华测检测认证集团股份有限公司,华测检测,专业技术服务业,人事行政专员,北京,5000.0,7000.0,【工作内容】 - 负责日常人事事务，包括员工考勤、档案管理及入职离职手续办理； - 协助组织公司各类会议及活动，保障行政工作的正常运转； -负责与物业、电业等相关部门的沟通协调工作； -协助集团EHS部门做好相关管理工作； -协助市场部进行宣传工作。 【任职要求】 -本科及以上学历，专业不限，文笔好； -具备良好的沟通能力和团队协作精神； -工作细致认真，责任心强，能承受一定工作压力； -熟悉办公软件操作，有计算机管理经验优先； -具备基本的文书处理能力，文笔好。,本科,1年及以上,检测，认证,2026-01-07,2026-03-07
3090,深圳瑞捷技术股份有限公司,深圳瑞捷,专业技术服务业,酒店木饰面管控专员,深圳,9000.0,12000.0,酒店木饰面装饰工程师 一、工作经验及项目经历 1.经验要求：5年以上高端木饰面（如星级酒店、奢侈品门店）生产或施工管控经验，需主导过至少1个完整五星级酒店木饰面项目全流程管理。 2.核心能力：熟悉木饰面从原材料选型（实木、贴皮、复合板材）、生产工艺（切割、拼接、油漆）到现场安装的全链条质量控制，能独立解决色差、开裂、拼接缝等技术问题。 3.有在木饰面加工厂驻场管控经验。 二、专业技能要求 .技术能力： 1.精通木饰面材料特性（含水率控制、环保等级、耐磨系数），熟悉GB 18580《室内装饰装修材料人造板及其制品中甲醛释放限量》等国家标准。 2.掌握CAD、SketchUp等设计软件，能审核深化图纸，优化排版方案（如模数化设计减少非标准件切割）。 .质量管控： 1.制定木饰面验收标准（如拼接缝≤0.3mm、油漆厚度≥0.6mm、光泽度≥90度），建立材料进场检验（色差、纹理、环保检测）与施工巡检流程。 2.熟悉高端酒店品牌（如万豪、凯悦）对木饰面的特殊要求（如防火等级、防潮处理）。 三、综合素养 3.沟通协调：能对接设计方、施工队、供应商，推动技术方案落地 4.细节把控：对木饰面纹理匹配、颜色一致性、安装精度（如阴阳角方正度≤3mm）有极致追求，具备较强的问题预判与解决能力。 5.抗压能力：适应酒店项目赶工周期，能在多任务并行下保持对质量的严格管控,大专,5年及以上,检测，认证,2026-01-19,2026-03-19
3065,华测检测认证集团股份有限公司,华测检测,专业技术服务业,饲料检测销售工程师,南京,5000.0,10000.0,更多数据： 岗位职责 1.负责东方区域饲料、宠物食品项目开发扩充目标客户清单； 明确区域销售目标，负责外部客户沟通联系； 2.明确区域销售目标，负责外部客户沟通联系； 3.有效管理大客户合同签订及价格调整，协调服务执行方案; 4.制定、推行、并发展企业大客户销售战略. 任职条件 1.具有饲料、宠物食品行业、第三方行业经验优先； 2.具备较强的沟通协调能力、统筹规划能力； 3.大专及以上学历，食品、饲料、化学或市场营销相关专业； 4.具备良好的市场洞察力，协助区域负责人开发市场、建团队。,大专,1年及以上,检测，认证,2026-03-04,2026-05-04
3055,重庆苏试四达试验设备有限公司,苏试试验,专业技术服务业,技术中心副主任,重庆,13000.0,16000.0,一、工作内容 1.负责协助主任日常管理工作，部门之间的沟通协调工作； 2.负责组织售前、售后技术支持； 3.负责按照产品设计和开发流程，组织开展项目各阶段工作，在设计过程给予技术支持； 4.负责组织对产品的工艺性和符合性的控制； 5.负责督促产品设计和开发的技术文件、图纸、工艺定额、质量要求按时准确发放到各相关部门； 6.负责审核材料BOM表，审核与批准非标产品的设计更改，定型产品的设计更改； 7.负责组织对有关质量技术信息的分析、整改，安排人员给予生产现场技术支持； 8.负责参加对外协单位的考察和评价； 9.定期对下属进行专业知识培训，负责对下属工作绩效进行考核； 10.对本部门质量体系运行负责，做好保密管理工作； 11.完成上级领导临时交办的工作任务； 二、任职要求 1.本科及以上学历，自动化、机械类相关专业背景； 2.具备良好的沟通协调能力和团队管理经验； 3.熟悉技术研发流程，有较强的问题分析与解决能力； 4.会使用一种或三种以上三维设计软件，了解PLM系统； 5.有机械设计、制冷（空调）系统设计、电气设计工艺及生产工艺指导经验； 6.了解工艺相关法规、熟悉工艺文件编制。,本科,10年及以上,仪器仪表/工业自动化,2026-01-30,2026-03-30
1802,烟台杰瑞石油服务集团股份有限公司,杰瑞股份,专用设备制造业,HRBP,烟台,10000.0,20000.0,工作职责: 1. 英语课程开发与讲授 ?开发并讲授以实用英语（常用语、工作场景英语）为核心的培训课程； ?根据不同学习对象（新员工、在岗员工等）设计匹配的课程内容和学习路径； ?持续优化课程结构、案例和教学方式，提升课程实用性与学习体验。 2. 英语测评工具与学习资源建设 ?研究并引入外部英语测评工具，支持集团英语能力评估需求； ?整合外部优质英语学习资源（课程、平台、工具等），形成可使用、可推广的学习资源库； ?参与英语考试与测评资源的升级与优化。 3. 国际化人才项目运营 ?参与集团国际化人才项目的整体运作与日常管理； ?负责项目实施过程中的组织、协调、跟进与反馈工作； ?跟踪学员学习情况与项目效果，推动项目持续优化。 4. 项目支持与持续改进 ?协助完善国际化人才培养相关流程、规则与工具； 参与相关数据整理、效果评估及阶段性总结工作。 任职资格: 1. 英语能力与表达能力 英语表达清楚、自然，能够胜任课程讲授与日常交流； 语言表达简洁、有条理，能够将内容讲清楚、讲明白。 2. 课程与内容能力 具备一定的课程设计、内容整理或教学相关经验； 能将学习目标转化为结构清晰、易理解的课程内容。 3. 项目与运营意识 具备基础的项目执行和运营意识，能够推进具体事项落地； 对过程跟进、结果反馈和持续改进有基本认知。 4. 综合素质 学习能力强，能够快速理解业务需求并转化为工作方案； 工作踏实、稳定，具备良好的责任心和执行力。 优先条件 有英语培训、课程讲授、学习项目运营相关经验； 有英语测评、考试或学习平台使用或对接经验； 有国际化人才培养或相关项目参与经历,本科,5年及以上,机械/设备/重工,2026-01-27,2026-03-27
1826,苏州道森钻采设备有限公司,洪田股份,专用设备制造业,人事专员,苏州,6000.0,9000.0,【工作内容】 - **招聘模块**：主导特定职能岗位的招聘工作，包括岗位需求对接、人才画像构建、简历初筛及面试跟进，确保招聘周期缩短20%； - **绩效管理**：负责部门绩效指标拆解与落地，通过数据分析提出改进方案，协助管理者进行绩效面谈与激励措施制定； - **行政支持**：统筹办公环境维护，含物资申领、固定资产盘点、差旅费用核对等基础性事务，提升部门运营效率； - **跨部门协作**：联动业务团队梳理人才需求，协同行政部门推进企业文化活动策划，保障人力行政工作无缝衔接； 【任职要求】 - 人力资源管理、行政管理等相关专业优先，1年以上中大型企业招聘或绩效管理实操经验； - 精通Excel数据透视表及VLOOKUP函数，能独立完成招聘漏斗分析、绩效数据可视化呈现；。,本科,1年及以上,机械/设备/重工,2026-03-04,2026-05-04
1820,杭州长川科技股份有限公司,长川科技,专用设备制造业,成本会计,杭州,13000.0,15000.0,岗位职责： 1、参与集团公司存货流转监控，审核物料请购下单、审核物料到货计划，定期反馈物料异动情况； 2、配合开展安全库存搭建工作； 3、完善全面的公司存货考核制度，定期输出考核结果； 4、参加公司存货相关专项项目，参与项目进程并反馈执行结果； 5、完善存货业财分析管理体系，识别业务风险，完成月度存货分析报告，推动分析建议的后续方案落地； 6、组织存货盘点，编写存货盘点报告，协助强化存货管理，跟进不良品、呆滞物料存货处理进度； 7、负责工作范围内的体系建设工作； 8、做好其他领导临时性分配的工作。 任职要求： 1.财务相关专业，本科及以上学历，5年以上工作经验； 2.能够独立完成成本核算工作，具有良好的数据分析能力； 3.具有良好的沟通能力和团队合作精神，能够高效协作。,本科,5年及以上,电子技术/半导体/集成电路,2026-01-14,2026-03-14
1860,重庆日联科技有限公司,日联科技,专用设备制造业,电气工程师,重庆,6000.0,11000.0,1. 本阶段需要的技术讨论/学习/接受培训； 2. 需求分析及产品设计规格确定； 3. 电气设计、评审、修改及优化等； 4. 详细图纸设计、图纸设计审核及修改、优化； 5. 拟制电控图纸设计规范及质量检验要点； 6. 电气逻辑原理图设计及优化； 7.PLC程序编写与修改。 备注：有电气设计与调试实践经验，具备至少一种机器人的相关调试经验，有一定的电气程序编写开发经验；能够独立承担较复杂的电气详细设计与调试，以及逻辑复杂程度的电气程序编写等工作，伺服机相关经验；,本科,3年及以上,机械/设备/重工,2026-02-28,2026-04-28
4425,浙江世纪华通车业有限公司,ST 华通,互联网和相关服务,001质量工程师（四川省）,成都,4000.0,7000.0,工作内容： 1、 生产过程质量巡查； 2、 不合格品的评审及处理； 3、 产品下场、入库、出库检验； 4、 新产品内部PPAP及顾客PPAP审核产品质量的确认； 5、 产品年度型试及全尺寸检测； 6、 顾客退货及投诉的确认及处理； 7、 对过程检验员及出、入库检验员的技术培训； 8、 安排、监督本部门检验员的工作； 9、负责领导交办的临时工作。 岗位要求： 1. 工科类专业专科以上学历； 2、 认真仔细，责任心强； 3、 良好的执行力；良好的团队合作精神； 知识（应知）：（入职后能学习到） 1、 公司规章制度； 2、 本岗位工作职责包括与其它部门、岗位的关系； 3、 精通质量管理专业理论知识； 4、 精通ISO/TS16949：2009、VDA6.1、ISO9001、VDA6.3（Formel Q）标准及五大工具手册知识； 5、 熟悉汽车零部件行业相关知识； 技能（应会）：（入职后能学习到） 1、娴熟的质量管理技巧。 2、掌握现代质量检验常用方法，熟悉新、老七种质量管理工具。 3、具备较强的管理组织才能、语言表达能力、沟通协调能力。 工作地点：浙江绍兴（必要时可以去子公司n） 3、工作有激情、热情，有较强的吃苦能力和奉献精神； 4、责任心强、敢作敢为、敢于承担责任； 知识（应知）：（入职后能学习到） 1、 公司规章制度； 2、 本岗位工作职责及与其它部门、岗位的关系； 3、 新产品开发与项目管理基础知识； 4、 环境管理与职业健康安全管理知识； 5、 TS16949、APQP、PPAP、FEMA、SPC、MSA知识； 6、 VDA6.3知识； 7、 不合格品的控制程序和要求； 8、 产品过程评审流程； 9、 注塑成型工艺和模具结构； 10、汽车零部件高分子材料知识； 技能（应会）：（入职后能学习到） 1、 能够分析和解决产品开发和生产过程中存在的技术问题，并组织相关人员进行解决。 2、 正确识别产品的性能要求及其生产工艺要求，并对可制造性以及不合格品进行评审。 3、 具有一定的组织能力，能领导项目组开展相应的工作。 4、 熟悉项目开发管理流程，熟悉项目开发常用工具。 5、 计算机辅助设计基础知识及2D和3D软件的应用。,大专,经验不限,汽车,2026-03-04,2026-05-04
4431,海外网传媒有限公司,人民网,互联网和相关服务,销售总监/经理（全国区域）,全国,5000.0,10000.0,岗位名称：销售总监/经理（全国区域） 岗位职责： 1、根据公司媒体定位和资源优势，开发省域内相关客户； 2、联络区域地方、产业、渠道资源，落地线下主题活动等； 3、做好经营项目策划和落实； 4、完成公司交办的其他工作任务。 任职条件： 1、政治立场坚定，爱岗敬业，遵纪守法； 2、新闻、广告、市场营销等本科及以上学历； 3、五年以上广告/营销及团队管理经验； 4、党员或具有中央网络媒体工作经历者优先。,本科,5年及以上,互联网/电子商务,2026-03-02,2026-05-02
4375,浙江世纪华通车业有限公司,ST 华通,互联网和相关服务,注塑技术员,绍兴,8000.0,11000.0,岗位职责： 1、根据下达的日生产计划指令，有序、及时进行各机台模具调换并按工艺文件要求开机。 2、负责及时按作业指导文件要求进行调机工作； 任职要求： 1、会注塑机操作； 2、会工艺参数调整； 3、会装卸模具、开机、机械手安装调试，懂塑料原料知识； 4、汽车零部件塑料壳体内外饰相关工作经验者优先考虑； 薪酬福利： 1.员工提供免费住宿，住宿条件：独立卫生间、空调、热水器、电视；发放餐补，20元/班次； 2.免费工作餐+免费职工宿舍+五险一金+年终奖+节日福利； 交 通：高铁绍兴东站转223至大通购物中心转229（世纪华通）至终点站 来自：,高中,5年及以上,汽车,2026-01-30,2026-03-30
4432,追觅科技（苏州）有限公司,昆仑万维,互联网和相关服务,薪酬主管/专员,滁州,10000.0,20000.0,岗位职责： 1、全面负责工厂端的薪酬福利体系设计与日常运营管理，确保制度执行的准确性与合规性。 2、依据公司政策与工厂业务特点，设计并优化适合一线员工的计时、计件、绩效等激励方案。 3、主导工厂月度薪酬核算的全面工作，包括考勤、工时、产量数据的审核、计算与发放。 4、负责与外包派遣公司的薪酬对接与结算，并监控其薪酬发放的准确性与及时性。 5、定期进行薪酬数据的内外部对标分析，为薪酬策略调整与年度预算编制提供数据支持。 6、负责解答工厂员工关于薪酬福利的各项咨询，并妥善处理相关的疑问与申诉。 7、确保工厂的薪酬管理严格遵循国家及地方的劳动法规，并配合完成相关的审计与检查工作。 任职要求： 1、人力资源管理、财务管理、统计学或相关专业本科及以上学历。 2、具备3年以上中大型制造企业薪酬核算与管理经验，熟悉一线员工多种薪酬模式。 3、精通国家及地方的劳动薪酬法规，对社保、公积金及个人所得税计算有深刻理解。 4、具备出色的数据处理与分析能力，能熟练使用Excel等工具进行复杂运算与建模。 5、工作严谨细致，原则性强，具备极高的数据敏感度与保密意识。 6、有使用SAP、Oracle等大型ERP薪酬模块或专业薪资软件经验者将优先考虑。,本科,3年及以上,家具/家电/玩具/礼品,2026-01-06,2026-03-06
3917,浙江宁水水务科技有限公司,宁水集团,仪器仪表制造业,JAVA后端开发工程师,宁波,10000.0,20000.0,岗位职责： 1.负责公司核心业务系统的后端架构设计、开发与优化，确保系统的高性能、高可用及可扩展性。 2.深入理解业务需求，参与技术方案制定，完成核心代码的编写与评审，解决开发过程中的技术难题。 3.持续优化现有系统架构，提升系统稳定性、安全性和响应效率，推动技术迭代与创新。 4.与产品、前端、测试等团队紧密协作，保障项目按时高质量交付。 5.负责关键技术难点的攻关和新技术的研究，并能将合适的技术应用于实际项目中。 6.指导初中级开发人员，组织代码审查，提升团队整体技术能力。 任职要求： 1.本科及以上学历，计算机相关专业，5年以上Java后端开发经验，具有扎实的编程基础和良好的编码习惯。 2.Java基础扎实，精通JVM原理、多线程并发、网络编程等，熟悉常用设计模式和数据结构。 3.熟练掌握Spring Boot/Spring Cloud框架，有微服务架构设计与开发经验，熟悉服务治理、配置中心、链路追踪等常见组件。 4.精通MySQL、PostgreSQL数据库，具备数据库性能调优、分库分表经验；熟悉至少一种NoSQL（如Redis、MongoDB）和消息中间件（如Kafka、RabbitMQ）。 5.熟悉分布式系统原理，对缓存、消息队列、分布式事务、高并发处理有深入理解及实战经验。 6.熟悉Linux环境及常用命令，能够独立进行系统部署、日志排查和问题定位。 7.具备良好的沟通能力和团队协作精神，有较强的责任心和技术热情，能够主动推动项目进展。 加分项： 1.有系统架构设计经验，能够独立完成中大型系统的整体架构规划与演进。 2.具有GIS（地理信息系统）开发经验，熟悉空间数据处理、地图服务（如GeoServer、ArcGIS Server）及相关标准（WMS、WFS等）。 3.有智慧水务、智慧城市或相关行业系统开发经验，了解水务业务场景（如管网监测、水力模型、SCADA集成等）。 4.熟悉容器化技术（Docker、Kubernetes）及DevOps流程，有CI/CD实践经验。 5.对大数据技术栈（如Hadoop、Spark、Flink）有一定了解或有实际应用经验。,本科,5年及以上,计算机软件,2026-03-04,2026-05-04
3895,广东省顺德开关厂有限公司,科陆电子,仪器仪表制造业,光储充技术支持,佛山,10000.0,15000.0,【工作内容】 - 负责泰国市场新能源项目的技术支持与现场服务，协助客户解决技术问题； - 参与新能源设备的安装、调试及运维工作，确保项目顺利推进； - 与当地团队协作，提供技术培训与指导，提升客户满意度； - 收集并反馈市场和技术信息，为产品优化和市场拓展提供支持。 【任职要求】 - 对新能源行业技术知识有相关工作经验，愿意长期发展； - 具备良好的学习能力和适应能力，能接受驻外工作安排；,本科,3年及以上,电气/电力/水利,2026-02-09,2026-04-09
3944,南京茂莱光学科技股份有限公司,茂莱光学,仪器仪表制造业,机械结构设计工程师,南京,10000.0,20000.0,岗位内容： 1、与光学工程师、电子工程师合作共同完成光学机械结构的方案设计； 2、模组结构的详细设计、误差分析、负责输出3D、2D图纸，搭建BOM表； 3、进行光机装调方案的制定，负责产品工装夹具的设计； 4、优化现有产品结构设计，提升稳定性； 5、配合NPI一起完善系统的装调标定相关流程； 6、完成相关工作文档编写； 7、完成领导布置的其他工作。 岗位要求： 1、统招本科学历，机械及机电一体化或其他机械相关专业； 2、2-3年同岗位工作经验，有光学模组结构设计经验，熟悉光学镜头等结构设计经验优先； 3、精通熟悉机械原理和设计方法，熟练使用Solidworks\Proe\CAD等设计工具； 4、有熟练的英文读、写能力; 5、有光学结构研发设计工作经验，熟悉镜头光学知识；,本科,3年及以上,仪器仪表/工业自动化,2026-02-12,2026-04-12
3899,安徽皖仪科技股份有限公司,皖仪科技,仪器仪表制造业,（2026届）售后工程师,合肥,7000.0,8000.0,【工作内容】 - 负责检漏设备的安装、调试及日常维护，确保设备正常运行； - 处理客户反馈的技术问题，提供现场或远程技术支持； - 协助完成售后服务流程，提升客户满意度； - 配合团队进行产品使用培训及技术资料整理。 【任职要求】 - 2026届本科及以上学历，机械、电子、自动化等相关专业； - 具备良好的沟通能力和客户服务意识； - 对技术有热情，学习能力强，能适应出差及灵活工作安排； - 无相关工作经验者亦可，公司提供系统培训。 详见官网：,本科,经验不限,仪器仪表/工业自动化,2026-01-22,2026-03-22
4865,七天四季酒店(广州)有限公司,锦江酒店,住宿业,企业文化经理,深圳,15000.0,19000.0,职位描述： 1、独立运营公众号、视频号，完成内容生产，包括但不限于创意策划、人物故事、业务报道等； 2、独立运营社群平台，包括但不限于积分管理、用户管理、论坛管理等，保证平台稳定、高效运营； 3、识别和洞察公司与业务面临的文化、管理挑战，能够通过创意内容项目推动问题解决，并负责企业文化的场景化解析与渗透，统筹策划各类文化主题活动、员工沟通项目等，促进文化落地与传播； 4、拓展和运营公司内外部文化内容渠道，能通过渠道整合与创新提升内容传播效果； 5、具备体系化文化建设思维，能结合公司发展阶段与管理需求，设计并执行文化推广计划，提升组织凝聚力与员工认同感。 职位要求： 1、本科及以上学历，广告学、市场营销、新闻传播、人力资源管理等相关专业优先； 2、3年以上媒体/公关/创意策划/企业文化相关工作经验，具备出色的创意内容能力，有爆款作品或成功文化推广案例者优先； 3、具备扎实的项目管理与统筹能力，能独立负责复杂的文化传播或员工活动项目，善于协调内外部资源并推动项目落地； 4、对企业文化有深刻理解，具备将文化理念转化为具体场景、活动与内容的能力，能通过多元形式实现文化渗透与传播； 5、对跨界创新有充分的思考力及洞察力，学习能力强，视野开阔、思维活跃，能适应快速变化的业务环境； 6、具备良好的职业素养与沟通协调能力，具备较强的自主思考与策略规划能力，能承担从策划到执行的全流程责任； 7、有较好的英语沟通能力者优先。 *此岗位为外包岗位，与劳务公司签订劳动合同。,本科,5年及以上,酒店/民宿,2026-01-09,2026-03-09
4871,无锡肯德基有限公司,锦江酒店,住宿业,宜兴新泳安肯德基服务员,无锡,3000.0,4000.0,"【工作职责】 1.执行外场服务、内场产品制作; 2.维持餐厅环境卫生、整洁; 3.工作认真负责，为人正直诚信; 4.积极参与培训，不断学习提升技能。 【任职要求】 1.身体健康,能适应餐饮行业的工作节奏； 2.品行端正，有良好的沟通表达; 3.无不良记录和嗜好; 4.符合国家餐饮行业工作从业资格。 【加入我们，您可以享受到】 1.就近分配有招募需求的门店; 2.根据您的供班与餐厅需求灵活调整; 3.舒适的工作环境，免费提供工作服，休息室内设备齐全； 人性化氛围，可以学习多种技能。",学历不限,经验不限,餐饮业,2026-01-27,2026-03-27
4815,七天四季酒店(广州)有限公司,锦江酒店,住宿业,内容运营经理,深圳,15000.0,17000.0,【岗位职责】 1.负责品牌新媒体矩阵（包括但不限于小红书｜微信｜抖音）选题企划，按节奏完成选题规划、独立进行重要选题内容创作、发布及传播。 2.协同各城市门店新媒体营销经理，推动各地门店号&店员号运营，建立城市新媒体运营SOP与方法论，有力推动区域新媒体运营逐步走向成熟，提高有效转化。 3.定期跟进数据表现（如浏览、点赞、互动、线索），并基于数据做内容优化，提高品牌声量与生意的增长。 4.在重要节点结合门店核心场景、目标受众痛点，进行达人投放，对效果负责。 5.统领门店社群活动等线下品牌行动落地，拆解品牌核心旅居场景与消费者需求，拓展符合品牌调性的跨界资源，通过品牌行动、跨界产品、联合推广等模式，以总部视角赋能门店。 【岗位要求】 1.我们希望你对内容运营充满热情，愿意花时间思考和打磨内容，拥抱新技术，用真实影响力撬动更大的商业生态，帮助品牌成长。 2.擅长挖掘用户与品牌的情感连接点对产品核心场景敏感，有网感，了解不同平台的流量算法逻辑，创作内容被人读懂，被算法读懂，创造事半功倍的传播效果。 3.有深厚的文字表达力，能独立产出内容，会基础图文处理、剪辑工具更加分。 4.具备数据思维，能不断复盘优化，能通过内容数据分析指导后续策略。 5.学习能力强，乐于尝试新工具、新事物，致力成为新一代真正帮品牌拿到结果的市场营销人。,本科,5年及以上,酒店/民宿,2026-01-27,2026-03-27
4872,杭州肯德基有限公司,锦江酒店,住宿业,嵊州和悦KFC招小伙伴,绍兴,3000.0,4000.0,主要工作职责 你将从事： - 对客服务类工作：满足顾客需要，给顾客带来完美用餐体验； - 产品制作类工作：参与食品、饮料等多种产品的制作工作，学习国际连锁西餐厅的高标准制作工艺。 你将得到： - 系统正规的培训，广阔的发展空间； - “关爱成员的大家庭”企业文化 - 与年轻的伙伴快乐共事，感受充满激情的团队氛围 - 弹性安排工作时间 - 丰富多彩的团队活动 你的发展空间 服务员→楼面经理→餐厅副经理→餐厅资深副经理→餐厅经理→更高管理职位…… 餐厅运营时间一般为6-24点，分早中晚班， 早班 6-15 中班10-19 晚班16-24 职位任职资格 1. 年龄满18周岁以上，高中或同等以上学历 2. 热情开朗，正直诚信，善于与人沟通，有团队精神 3. 适应快节奏、高效的工作环境 4. 乐于从事连锁餐饮零售业 工作经验要求 无要求,学历不限,经验不限,餐饮业,2026-01-16,2026-03-16
4811,中体城（宁波）运营管理有限公司,中体产业,体育,运营助理,宁波,5000.0,6000.0,【工作内容】 1）负责场馆的客户服务，接待、录入会员、维系会员关系、场地管理、投诉应诉等系列工作，执行部门预算制度； 2）负责建立和健全场馆客户管理体系、流程和标准，以标准化组织部门人员进行训练或培训，从而形成对客户的标准化服务； 3）负责客户投诉管理，与相关部门商议具体改进措施，并及时反馈客户； 4）负责维系好新老客户的关系，与新客户有效充分的沟通，促成销售。老客户进行有效维系，促成复购； 5）负责定期不定期进行顾客满意度调查，将相关数据进行汇总、分析，提出改进方案，不断提升服务； 6）负责自营及合作俱乐部、商户日常开放的场地的安全、卫生、运营状态、风险等进行管控； 7）负责与各部门进行有关会员的录入、消课、反馈等工作的衔接； 8）完成上级领导交办的其他临时性任务，配合完成公司其他部门的相关工作。 【任职要求】 - 需具备良好的沟通能力和团队管理意识； - 有较强的责任心和抗压能力，能适应快节奏工作环境； - 对客户服务工作有热情，愿意在该领域长期发展； -三年以上服务业管理相关工作经验者优先； -要求全日制本科学历及以上，年龄25-35周岁之间,本科,3年及以上,娱乐/休闲/体育,2026-02-23,2026-04-23
4814,华益新桥(北京)科技发展有限公司,中体产业,体育,企业党建,北京,15000.0,20000.0,【岗位职责】 一、党务工作 党建基础管理 1.贯彻落实上级党组织决策部署，制定公司年度党建工作计划并组织实施。 2.负责“三会一课”、组织生活会、民主评议党员等党内组织生活的落实，做好会议记录及材料归档。 3.负责党员教育和管理工作，包括入党积极分子培养、党员档案管理、党费收缴及组织关系转接等。 党建活动与宣传 1.策划并组织主题党日、青年理论学习活动等党建活动，做好活动方案、执行及总结工作。 2.撰写党建工作总结、报告、新闻稿等材料，维护党建宣传阵地。 党风廉政建设 1.协助开展党风廉政教育、警示教育及廉洁文化建设相关工作。 2.参与党建责任制考核，督促各党支部落实整改要求。 二、工会工作 1.负责制定公司工会年度、季度工作计划与预算，并组织实施；定期进行工作总结与汇报，确保工会工作有序开展。 2.负责策划、组织并实施各类员工文体活动（如运动会、兴趣小组、节日庆典等）、技能竞赛、团队建设活动等，营造积极健康的企业文化氛围。 3.准确理解并贯彻落实上级工会组织的工作部署和要求；保持与上级工会的日常沟通与汇报，积极争取资源与支持。 4.负责工会员工关怀与服务、宣传推广、经费管理等相关工作。 【任职要求】 1.政治素质过硬：中共党员，熟悉国有企业党建和行政管理流程。 2.文字能力强：具备优秀的公文写作能力，能独立完成党建工作报告、年度总结报告、会议纪要等材料。 3.组织协调能力：擅长会议管理、活动策划，具备较强的执行力和沟通能力。 4.具有2年及以上工会、党群、行政或相关工作经验者优先，熟悉工会法律法规及工作流程者尤佳。 5.本科以上学历，985/211优先。 （来自 ）,本科,5年及以上,零售/批发,2026-02-28,2026-04-28
4812,中国航空服务有限公司,中体产业,体育,酒店业务产品经理,北京,12000.0,15000.0,负责我司酒店业务线中后台系统的规划与功能设计，推动产品落地，实现稳定、高效、可扩展的酒店技术平台的目标。 一、工作内容： 1、产品规划：理解前端业务需求，满足业务策略实施，规划酒店相关系统和模块的技术方向，评估技术复杂度、潜在风险和优先级。 2、功能设计：进行需求调研，结合客户需求和业务数据，负责设计合规、高效、合理、可扩展的系统功能，及优化方案落地，实现核心指标。 3、输出方案：描述平台、后端功能的需求、逻辑和数据流转。供内部和外部合作伙伴使用的需求描述和技术文档。 4、行业分析：了解TMC、OTA行业规则和运营模式，分析同业系统产品功能，确保产品具备市场竞争力。 二、岗位能力要求： 1、技术能力：具备强大的技术理解力，能与内部相关部门架构师、工程师深度对话。熟悉API设计、数据建模、微服务、缓存及分布式系统基本原理。 2、行业知识：深刻理解TMC、OTA整体业务流程，熟悉酒店预订、房态管理、结算等环节；熟知企业差旅政策、费用管控、员工报销流程；能深入业务场景，挖掘用户（酒店运营方、客人）痛点，将其转化为明确的产品解决方案。 3、专业能力：掌握数据结构、软件工程等知识，了解主流技术线和系统架构，熟练使用将产品概念转化为可体验、可沟通原型等工具进行原型设计，具备出色的需求分析、文档撰写、数据分析和项目管理能力。 4、软实力：优秀的跨部门沟通协调能力、逻辑思维、自驱力、责任心和团队协作精神；具备项目规划、进度控制和风险管理的能?。 三、任职要求： 1、经验：要求3年以上TMC、OTA或酒店行业相关产品经验。 2、学历：多数要求本科及以上学历，计算机、旅游管理等相关专业可能被偏好。 3、优先项： （1）有GDS系统对接经验或技术研发背景者优先。 （2）有PMS（酒店管理系统）或OTA（在线旅游）经验者优先。 （3）有大型酒店资源管理经验者优先。 4、身体健康，无不良嗜好。,本科,5年及以上,旅游服务,2026-02-26,2026-04-26
4810,中体城（宁波）运营管理有限公司,中体产业,体育,办公室主任,宁波,10000.0,12000.0,"【工作要求】 1)党建工作：贯彻党的方针政策，落实上级党委部署，推进党员干部政治理论学习与思想教育，统筹党建及党务全流 程工作； 2)战略与目标管理：结合集团战略规划，拟定公司年度经营目标与阶段性工作计划；跟踪督办会议决策及重点工作的执行情况； 3)内控与授权管理：负责搭建并完善内部控制体系，制定实施内控方案；宣贯上级集团授权放权清单，对授权放权清单指导落地； 4)法律合规事务：负责法律合规事务管理，包括合同的拟定、审核，案件诉讼资料准备等；协助办理股权转让、清算和注销等方面的法律手续； 5)内部审计工作：负责内部审计工作计划， 组织实施内部审计，督促审计问题的整改落实； 6)会议组织保障：负责公司股东会、董事会、总经理办公会的组织及安排，包括会议纪要撰写及审批； 7)人力资源全流程管理：制定人力资源规划及体系制度， 优化组织架构与岗位编制；搭建人才发展机制，建立核心人 才库，制定干部培养与流动方案；统筹人员招聘、绩效考核、薪酬福利管理及劳动关系、离退人员服务工作； 8)行政综合保障：负责后勤保障、客户接待、会务服务、 公文印章、档案资料、公务管理；保障OA 系统与内部网络运行维护，统筹法人治理、工商变更及执照证件管理；承担固定资产管理工作； 9)采购与安全管理：完善采购管理制度流程，管控重大采购事项，开展采购工作抽查与审计；负责场馆赛事日常安全 监督与巡查及空间集团办公区域安全管理。 10）绩效管理：负责公司年度绩效目标责任书签订、季度绩效提交及结果下达；负责公司经营班子成员年度绩效目标责任书核定备份及季度绩效； 11）经营分析：完成月度/季度场馆运营数据分析及汇报材 料制作； 12）信息化管理：场馆运营信息化体系的规划、建设与维护； 13）对本部门人员进行绩效考核； 14）负责公司领导安排的其他工作，配合完成公司其他部门的相关工作。 【任职要求 】 1、 了解现代企业人力资源管理模式和实践经验积累，在人力资源战略规划、人才的引进、绩效激励考核、培训、职业生涯设计等方面具有丰富的实践经验； 2、 优秀的语言表达及沟通能力，协调能力、亲和力和敏锐的洞察能力,分析判断力； 3、具有良好的职业道德和职业操守,良好的团队合作意识，工作独立性强，能够承受较大的工作压力，善于自我管理。 4、要求:全日制本科以上学历， 有正规企业人事行政管理5年以上工作经验。",本科,5年及以上,娱乐/休闲/体育,2026-01-15,2026-03-15
2849,上海市健康养老发展（集团）有限公司,中国太保,保险业,见习岗（运营方向）,上海,6667.0,10000.0,职位描述： 1.协助参与项目运营管理相关制度、流程以及操作规范的编制工作； 2.协助制定项目运营年度计划目标，并负责动态跟踪落实情况； 3.协助项目运营管理工作，负责运营数据统计，报表填制申报工作； 4.负责部门相关报表的编制、汇总及上报工作以及部门文件档案整理、管理工作。 任职要求： 1.管理类、数据统计类、工程类等相关专业； 2.较强的业务洞察力和分析能力，掌握且能运用数据库知识，擅长数据统计与分析，能结合数据分析公司运营情况； 3.掌握Python编程优先，有国央企、大型民营企业运营相关实习经验优先。。,硕士,经验不限,医疗/护理/卫生,2026-03-03,2026-05-03
2819,中国太平洋财产保险股份有限公司,中国太保,保险业,普洱墨江-个客综合销售岗 (MJ006518),普洱,5000.0,8000.0,岗位职责： 1、个客业务日常推动、维护； 2、重大项目推动管理维护； 3、车非融合推动、重要客户车非协同。 任职要求 1、本科及以上学历，金融、保险等相关专业优先。 2、具备保险行业渠道拓展相关经验者优先，具备一定客户资源者优先； 3、具有较强的逻辑推理能力、言语沟通能力及团队协作能力； 4、熟练使用计算机办公软件； 5、责任心强，具备风险防范意识。,本科,经验不限,保险,2026-03-02,2026-05-02
2807,安诺优达基因科技（北京）股份有限公司,中国人寿,保险业,科研销售（北京）,北京,8000.0,15000.0,岗位职责： 1、负责指定区域的产品宣传、推广和销售，完成销售的任务指标和回款任务； 2、制定自己的销售计划，并按计划拜访客户和开发新客户； 3、宣传维护公司的品牌形象，提高公司知名度 ； 任职要求： 1、生物、农学或医学类相关专业，硕士及以上学历； 2、优秀的沟通能力和人际交往能力，抗压能力强； 3、具备较强的客户服务意识和责任感，做事积极主动，吃苦耐劳； 4、熟悉二代基因组测序技术及有销售工作经验者优先； 5、现有高校研究所或医院资源可意向转化者优先；,硕士,1年及以上,电子技术/半导体/集成电路,2026-01-29,2026-03-29
2812,北京新华卓越康复医院有限公司,新华保险,保险业,老年医学科护士,北京,5000.0,7000.0,1.在康养中心主任及护士长的领导下进行工作； 2.参加每日晨会交班，查房并了解长者情况； 3.白班与夜班护士做好交接，清点康养中心物品、药品、仪器、设备等； 4.定期检查、清点抢救车内物品、药品，定点放置处于备用状态； 5.负责康养中心各项治疗护理工作，严格执行消毒隔离制度、无菌技术操作和查对制度，准确、及时地完成各项护理工作； 6.负责护理档案整理工作，认真书写交班报告、增值服务项目； 7.负责保管长者备用金并做好交接记录； 8.负责入住长者的药物核对发放，做到服药到口。每周二、五消毒药杯； 9.负责长者的护理评估工作，4h内出评估报告； 10.严格执行医嘱，积极配合医生工作； 11.护士每两周与护士长核对全部医嘱； 12.清点长者自带药品数量，不足三天时通知家属并交班； 13.接收长者及家属的自带药品，数量准确逐项登记。。 （更多数据，详见）,大专,5年及以上,医院,2026-01-22,2026-03-22
3494,重庆汇贤优策科技有限公司,新安洁,公共设施管理业,运维水电工（南理工）,南京,4000.0,5500.0,国企上市公司，福利待遇完善，工作稳定，福利多多！ 工作内容： 1、热水项目的成本控制，提升项目收益 2、水控设备等相关设备及时巡查，发现问题及时处理 3、项目内部所有设备的维护及保养 4、设备系统相关参数设置及调整 5、相关水电数据收集分析 任职要求： 1、中专及以上学历，50岁以下 2、水电维护相关经验1年以上，具备较强的电工专业知识，有电工证 3、有较强的管理思维和运营思维 4、主动性和责任心较强 5、主要负责南京理工大学项目相关设备运营维护维保工作 来自,中技/中专,1年及以上,计算机软件,2026-03-05,2026-05-05
3499,上海东方明珠广播电视塔有限公司,东方明珠,公共设施管理业,运行班技术员,上海,6667.0,7500.0,任职要求： （1）20-40岁，最低学历资格 Minimal Degree：中专 （2）相关工作经验 Relative Experience ：暖通、给排水、强电专业5-7年 （3）专业证书 Certification：水电、暖通 （4）专业知识 Knowledge：给排水、暖通 （5）责任心强、吃苦耐劳、学习能力强、一专多能 工作内容： （1）24小时确保电视塔所有设备设施安全运行 （2）负责全塔日常维修保养工作，处理突发应急事件 （3）负责启停电视塔日常营业及照明等设备 （4）负责全塔暖通、给排水、供电、厨房等设备设施的安全巡检及维修 更多数据：,中技/中专,5年及以上,酒店/旅游,2026-02-25,2026-04-25
3540,上海东方明珠传输有限公司,东方明珠,公共设施管理业,电工,上海,7000.0,8000.0,1、需要熟悉园区高压配电机房到本机房的两路供电情况（管道线路等）、备用柴油发电机的使用情况、电力机柜配电用电线路和每个开关分配关系，照明线路布置情况和所有配电机柜布局及走向，负责修理、调换、添置及改进动力、照明和管道的设施维护检查。 2、故障应急处理，快速响应电力报警事件，处理突发停电，设备跳闸等故障。核心要求是紧急情况下的应急能力。柴油发电机快速启动送电操作。 3、定期和维保单位做好设备维护，配合或监督维保单位维保情况。 4、要求做到对机房精密空调、UPS、柴油发电机和其他电气设备，进行定期巡检，做好巡检记录； 5、要求做到对楼顶卫星天线、馈线、桥架、楼顶环境等使用情况，进行定期巡检，做好巡检记录。 6、协助机房内网线和馈线的布线，及其它机房负责人交付的工作任务。,大专,3年及以上,通信/电信运营、增值服务,2026-02-25,2026-04-25
3525,侨银城市管理股份有限公司,侨银股份,公共设施管理业,HRBP（偏招聘 国内+国外）,广州,11000.0,22000.0,岗位职责： 1. 负责公司海外关键岗位的人才获取，包括但不限于本地化运营、市场及职能岗位，能独立完成从需求对接到Offer发放的全流程招聘； 2. 负责开拓并维护海外属地招聘渠道（如当地主流招聘平台、社交媒体招聘、猎头管理、高校合作等），建立属地化人才库； 3.深入理解所支持国际事业部的战略目标与痛点，进行海外行业竞对分析，绘制重点岗位的人才地图，完善海内外人才库； 4. 在开展招聘工作的同时，收集当地劳工政策与市场薪酬信息，协助处理员工入职、跨文化融合等基础人力工作； 5.负责国内指定区域的招聘工作，尤其擅长高层管理岗位的寻聘与交付，协助国内业务团队完善人才梯队； 6.结合国内业务需求，协助业务部门进行人员编制规划、内部人才盘点与人岗匹配分析，优化内部人才配置，提升组织效能； 7.完成领导交办的其他工作。 岗位要求： 1. 学历：本科及以上学历，人力资源、管理学或外语类相关专业优先。 2. 经验：3年以上外企或出海企业人才招聘经验，其中至少1年聚焦东南亚或中东地区，有实际合规操作经验。 3.具备定向挖猎能力，熟悉国内及海外主流招聘平台、猎头等渠道，熟练操作各类招聘工具及数据分析工具。 4. 掌握跨文化面试技巧，了解东南亚或中东地区的用工合规要求、文化习俗、人才市场特点及招聘流程，能制定适配的招聘策略。 5. 英语CET6或同等及以上水平，可作为工作语言独立进行跨部门对接及人选沟通。 6. 能灵活应对不同文化背景下的沟通差异，能与业务部门、HR团队、外部服务商高效协作， 具备一定业务敏感度，以业务目标为核心驱动招聘交付。,本科,5年及以上,居民服务,2026-03-02,2026-05-02
3771,上海瑞华晟新材料有限公司,华秦科技,其他制造业,CNC操作工/技术员,上海,7000.0,12000.0,任职要求 1.中专/技校以上学历，数控、模具、机械相关专业，35岁以下； 2.能熟练操作 CNC 机床（三轴/四轴/五轴），两年以上CNC操机经验； 3.具备设备调试经验优先，具备编程经验优先， 4.能够能根据工艺要求完成零件的装夹、对刀、加工，能够识别和解决加工过程中常见问题（如刀具磨损、尺寸偏差、设备异常报警等）优先； 5.熟悉法兰克FANUC系统的编程指令和操作面板。 6.能适应加班和倒班。 薪资待遇：底薪（7K左右）+加班费+餐补（25元/餐及加班餐补）+13薪+五险一金 工作地址：上海市宝山区北蕴川路777号数智宝地·罗泾园A6栋,中技/中专,2年及以上,航天/航空,2026-02-26,2026-04-26
3776,浙江华富立复合材料有限公司,华立股份,其他制造业,采购经理（2026新招）,嘉兴,8000.0,15000.0,岗位职责： 1、拟定实施采购供应链的战略目标分解与执行；全面负责公司设备和原料采购、供应商管理体系的优化及管控工作； 2、组织制定采购各项管理制度，制定采购计划，优化采购流程，控制采购质量与成本； 3、供应商的开发、选择、管理、维护、考评和退出;记录供应商履约情况.，跟进服务工作； 4、建立标准的供应商合同条款，建立采购物品验收标准和供方资源数据库； 5、定期编制、分析动态管理供应链的预算和费用，善于利用行业信息及新方式降低采购成本； 6、定期组织开展市场调查工作，根据原料趋势和市场调查预判行情走势（涨、降、平稳），输出调研报告； 7、 明确识别并控制采购行为当中的风险点，并及时规避风险； 8、对部门内工作进行有效指导及考核培训，主持召开部门内会议，撰写部门周报、月报和总结，处理部门重大事务解决争议；确保部门工作计划的完成。 9、与相关部门保持良好的工作配合及协调，以保证公司业务的有序开展及问题的及时处理。 10、采购部质量问题，外部投诉问题分析处理； 【任职资格】 1、30-40岁，本科及以上学历，物流管理、采购管理、供应链管理等相关专业优先。 2、会开车，能接受短期出差，十年食品行业采购经验，五年以上大型连锁餐饮行业供应商开发管理采购经验（硬性）； 3、熟悉采购管理软件和办公自动化工具，尤其擅长数据分析。 4、具备成功的带领团队、培养人才的经验; 5、具有较强的供应商开发、供应商谈判、供应商管理等方面的能力； 6、具有出色的沟通协调能力，能拉通内部上下游链路并满足业务需求； 7、具备极强的工作责任心，自我驱动，主动性执行力强，具有良好的抗压能力；敢于迎接挑战； 工作地址 嘉兴市平湖经济开发区虹光路2999号,本科,10年及以上,原材料和加工,2026-01-13,2026-03-13
3817,福建浔兴拉链科技股份有限公司,浔兴股份,其他制造业,采购员,泉州,4500.0,6000.0,岗位职责: 1.负责公司物料的采购执行与交期跟进。 2.负责供应商对接、询价比价及日常维护。 3.处理采购异常，保障生产物料稳定供应。 4.完成采购台账整理、对账及单据归档。 任职要求 1.大专及以上学历，有制造业采购工作经验。 2.1-2年采购实操经验，熟悉五金辅料类物料优先。 3.工作认真负责，沟通协调能力良好。 4.熟练使用Office，有ERP操作经验优先。,大专,2年及以上,服装/纺织/皮革,2026-03-04,2026-05-04
3802,成都佳驰电子科技股份有限公司,佳驰科技,其他制造业,软件工程师,成都,8000.0,15000.0,上市公司，科技属性，平台稳定，股权激励机制 培训体系，入职带教，晋升机会，发展空间大 免费食堂，人才公寓，九险一金，节假日礼品、员工生日礼等丰富福利，员工俱乐部活动 岗位职责： 1、分析产品性能特点，开展软件工作框架设计，开展各软件模块功能开发，验证模块工作情况。 2、开展软件UI框架设计，实现采集数据处理及图像呈现，实现多层次UI设计。 3、开展软件的测试，调试，升级工作。 要求： 1、学历：本科及以上学历。 2、专业：软件工程、通信工程、电子工程、计算机科学等相关专业。 3、精通C#（WPF/WinForms）或C++（Qt）进行上位机开发；熟练使用Python进行数据处理与算法验证。 4、深刻理解S参数、相位、幅度、极化等基本射频概念；熟悉矢网、信号源等仪表的操作原理。 5、理解FFT、卷积、插值等基本信号处理概念。 6、熟练掌握VISA、TCP/IP、GPIB、RS232/422、USB等通信协议。 7、具备良好的数学功底，能够理解并实现复杂的复数运算和矩阵运算。 来自,本科,2年及以上,航天/航空,2026-03-02,2026-05-02
341,爱建证券有限责任公司,爱建集团,其他金融业,客户经理（斜土路）,上海,5000.0,10000.0,岗位职责: 1.根据适当性原则，做好新老客户开发、服产签约、产品销售和新业务推广等工作 2.做好客户包的维护、客户日常咨询服务、存量客户二次开发等工作 3.负责客户投资者教育工作，根据适当性原则，为客户提供各种综合性理财咨询服务 4.分析市场状况和客户理财需求，匹配合适的金融产品，满足客户资产配置需求 5.完成营业部交办的其他工作 任职资格: 1.本科及以上学历 2.通过证券从业资格、通过基金从业 3.有较强的沟通能力和客户开发维护能力，做事认真仔细，有责任心，有团队协作精神 4.具有良好的职业道德，无违法违纪记录，不属于《证券法》规定的禁入人员 马-克-数据,本科,2年及以上,金融/投资/证券,2026-02-25,2026-04-25
337,亚太财产保险有限公司,泛海控股,其他金融业,总公司-车险部-系统管理岗,深圳,15000.0,25000.0,工作职责: 1.负责车险线上及线下业务系统的日常维护及优化； 2.负责承保运营平台的日常维护管理； 3.负责车险规则引擎的维护管理，负责分公司核保规则、定价规则、费用规则的配置逻辑指导与审核； 4.负责车险系统流程优化需求的统筹、提交、测试跟进及上线； 5.负责配合本部门或其他部门，开展与第三方平台或科技公司的系统对接，组织测试和上线； 6.负责协助IT部门统筹跟进中保信平台的定期系统联调测试及其他车险相关的联调测试； 7.负责公司定价模型的定期维护升级； 8.负责车险系统创新项目工作，如管理驾驶舱的设计与开发等。 9.领导交办的其他事宜。 任职资格: 1.普通全日制本科及以上，保险、信息技术、汽车类等专业； 2.至少2年及以上工作经验； 3.熟悉办公软件使用； 4.具备较强的问题解决能力、研究与分析能力、学习能力、沟通能力。,本科,2年及以上,保险,2026-03-02,2026-05-02
280,爱建证券有限责任公司,爱建集团,其他金融业,系统管理岗（机构投资管理系统）,上海,12000.0,24000.0,岗位职责: 1、负责机构业务投资管理系统、算法交易系统、专业终端系统的日常监控、运行、维护与管理工作； 2、参与机构交易相关系统的架构设计，根据业务需求制定系统改进和优化建议，提升系统性能和稳定性；并负责相关的技术文档、手册、流程的制定和整理； 3、完成负责系统的故障应急处置，制定应急演练计划并完成演练工作； 4、与需求部门、系统厂商间紧密合作，主导并完成相关项目工作。 任职要求: 1、IT相关专业，2年以上证券/期货行业的技术开发/运维经验，具有运维风险意识，责任心强； 2、具备投资管理系统相关经验者优先，如恒生PB/PTrade、迅投PB/QMT、卡方PB/算法总线等； 3、掌握 Linux、windows 等系统的安装操作和性能调优，掌握mysql或Oracle等数据库使用，能熟练运用 C++ 或 Java 编程语言； 4、具备一定的分析和解决问题的能力，能为机构业务系统建设和运行提供一定的技术支持。,本科,2年及以上,金融/投资/证券,2026-01-20,2026-03-20
323,北京指南针科技发展股份有限公司,指南针,其他金融业,证券从业人员,北京,10000.0,20000.0,公司总部位于北京TBD云集中心指南针大厦，市值400亿+，员工3000+，主营证券分析软件，金融+互联网营销赛道，行业龙头。 岗位要求 - 统招大专及以上，21-30周岁 - 热爱生活、年轻活力，想拼高薪；普通话标准，会基础电脑操作，积极正能量 薪资福利 - 薪资：轻松月入过万，底薪?销售额10%提成，五险一金，餐补/绩效/年终奖/全勤奖等 - 保障：实习免费住宿，免费带薪培训，可考证券从业、投顾资格证 - 福利：国内外游、体检、带薪法定假、过节福利、孝心年金、实物大奖 岗位职责 - 公司有策划，有话术，打打电话，喝喝茶 - 客户投资咨询与维护，挖掘需求、建立档案，完成回访及二次营销 晋升发展 一年4次公开晋升，路径透明：业务员→组长→经理→总监；可专升本、签三方、开实习证明，储备干部专项培养。 老牌上市平台，正规稳定，无背景也能凭实力冲刺高薪！。,大专,经验不限,证券/期货,2026-02-23,2026-04-23
3678,云南宣晟种业有限公司,隆平高科,农、林、牧、渔专业及辅助性活动,总账会计,曲靖,4500.0,6000.0,1、负责核对现金、银行日记账，按时汇报资金情况； 2、负责公司相关重要票据的收集、归档、存放与保管； 3、负责公司报销费用的监督，付款单据的审核； 4、负责应收款与发票账务的核对，确保及时开票收款； 5、负责公司相关工商、银行、税务的变更，按期申报工商年报； 6、负责公司的账务工作，进行纳税申报、税款缴纳等工作。,本科,1年及以上,农/林/牧/渔,2026-02-25,2026-04-25
3679,云南宣晟种业有限公司,隆平高科,农、林、牧、渔专业及辅助性活动,财务专员,曲靖,4000.0,6000.0,1.高效完成销售单据的出库及结算全流程操作，保障业务流转顺畅； 2、保障生产-销售-库存-财务数据链路准确，定期盘点核查，确保账实一致； 3、积极响应总部数据需求，精准收集、系统整理经营分析的所需底稿数据，为公司战略决策提供有力数据支撑； 4、具有优秀的沟通协调能力，能够高效对接跨部门工作;拥有强烈的自我驱动与责任心，可适应公司快速发展节奏，积极迎接挑战； 5、熟练操作财务软件及名类办公软件，熟悉NCC系统功能模块及操作流程，具备较强的数据处理、逻辑分析与问题解决能力，可独立完成信息维护与系统管理工作。 财会类专业大专以上学历，持有会计初级职称者优先；因工作性质特殊，本岗位涉及大宗商品盘点需攀爬作业，根据《劳动法》和《女职工劳动保护特别规定》，基于以上录用条件的实操要求，以下情况人员不符合岗位录用条件： 妊娠期或哺乳期内； 患有高血压、心脏病、眩晕症等可能影响高空作业安全的慢性疾病者； 存在肢体功能障碍或平衡能力异常者； 其他经医疗机构认定不适宜从事高空、高强度作业的身体状况。,大专,1年及以上,农/林/牧/渔,2026-02-25,2026-04-25
3683,湖南运达实业集团有限公司,隆平高科,农、林、牧、渔专业及辅助性活动,2026年校招岗,长沙,6000.0,10000.0,岗位类别： 行政/人力、财务/投融资、法务、工程管理/计划成控、设计（建筑/室内/景观）、招采、信息技术、运营/策划、销售等 招聘要求： 1、2026届应届毕业生，本科及以上学历； 2、中文/新闻/行政文秘/人力资源/财务/金融/法律/土木工程/建筑学/艺术设计/计算机与信息技术/工商管理/市场营销/酒店管理等专业； 3、***，综合潜力强，有良好的沟通表达能力，在校有学生会、社团等经验者优先； 4、高度认同运达企业文化，愿意长期发展。 薪酬福利： 年薪8-30万，均可享有五险一金、带薪年假、节日礼金、交通和通讯补贴、免费工作餐、免费健身房、助学金、助困金等基本福利。 加入公司“三核心”团队，另可享受车补、房补等一系列特别福利。,本科,经验不限,房地产,2026-01-21,2026-03-21
3693,山高荃银供应链管理有限公司,荃银高科,农、林、牧、渔专业及辅助性活动,资金出纳,合肥,4000.0,6000.0,岗位职责： 1. 负责资金结算与账户管理，审核各类合同付款申请，办理内外部资金往来、备用金及借款业务；保管现金、票据、发票等有价证券，办理银行结算。保管银行账户资料，办理账户开立，变更，销户手续。 2. 每周编制资金周报，按业务发生顺序逐笔记录收支金额，凭证号，摘要，结出当周余额，提交财务主管 3. 每季初核对银行对账单与日记账，编制《银行存款余额调节表》，排查未达账项并跟进处理。 4. 每月初及时编制粮食收储费用结算单、实时编制红旗手业务结算单。 5. 做好会计原始凭证、账册、报表等会计档案的整理、归档工作，协助完成公司其他相关工作。,本科,经验不限,零售/批发,2026-01-20,2026-03-20
4806,甘肃亚盛农业综合服务有限公司,亚盛集团,农业,市场营销4,金昌,8000.0,10000.0,任职要求： 1.农学相关专业；2.5年以上微生物菌剂、有机肥销售相关工作经验，拥有成熟的微生物菌剂、有机肥销售渠道资源与市场网络；3.具备良好的微生物菌剂、有机肥销售客户服务意识，持有驾照，能吃苦耐劳，责任心强；4.服从组织安排适应出差。 岗位职责： 1.保质保量、高效完成既定销售计划与任务；2.开发新客户，挖掘潜在客户资源；3.建立客户资料档案，保持与客户的双向沟通及关系维护。 职位福利： 五险一金、餐补、带薪年假、采暖补贴、通讯补助、交通补助、包住、绩效奖金、提成奖金。,本科,8年及以上,咨询服务,2026-02-25,2026-04-25
4790,天水众兴菌业科技股份有限公司,众兴菌业,农业,财务部长,邢台,5000.0,6000.0,1. 统筹公司财务体系，包括核算、税务、资金、预算及财务报告； 2. 制定年度财务计划，监控月度经营目标达成情况，预警风险； 3. 优化资本结构，管理融资渠道及现金流安全； 4. 对接审计、券商、银行、税务及监管机构，确保各项业务合规； 5. 参与重大投资决策，提供财务模型与收益分析支持等。 岗位要求： 1. 学历要求 - 大专及以上学历，财务、会计、审计或经济类相关专业；会计工作经验丰富者可适当放宽至大专学历。 2. 资质证书 - 必须持有会计从业资格证（或已融入职称体系：初级职称）； - 中级会计职称优先。 3. 工作经验 - 1年以上会计类岗位工作经验，最好具备3年担任财务部长同等职务经历； - 具备制造业会计核算经验，参与过成本分配与结转。,大专,3年及以上,农/林/牧/渔,2026-01-12,2026-03-12
4801,天水众兴菌业科技股份有限公司,众兴菌业,农业,人事招聘专员,天水,3000.0,4000.0,1.协助完成招聘活动的组织与执行。 2.负责筛选简历、邀约候选人、跟进面试流程。 3.维护并拓展招聘渠道，确保招聘信息的及时发布。 4.参与招聘数据分析，为招聘策略提供数据支持。 5.协助完成其他人力资源相关工作。 感兴趣联系我，欢迎加入我们的团队！,大专,经验不限,农/林/牧/渔,2026-02-14,2026-04-14
4792,天水众兴菌业科技股份有限公司,众兴菌业,农业,主办会计,邢台,4000.0,5000.0,1. 统筹公司财务体系，包括核算、税务、资金、预算及财务报告； 2. 制定年度财务计划，监控月度经营目标达成情况，预警风险； 3. 优化资本结构，管理融资渠道及现金流安全； 4. 对接审计、券商、银行、税务及监管机构，确保各项业务合规； 5. 参与重大投资决策，提供财务模型与收益分析支持等。 岗位要求： 1. 学历要求 - 大专及以上学历，财务、会计、审计或经济类相关专业；会计工作经验丰富者可适当放宽至大专学历。 2. 资质证书 - 必须持有会计从业资格证（或已融入职称体系：初级职称）； - 中级会计职称优先。 3. 工作经验 - 1年以上会计类岗位工作经验； - 具备制造业会计核算经验，参与过成本分配与结转。,大专,3年及以上,农/林/牧/渔,2026-01-30,2026-03-30
2460,四川阿宁食品有限公司,绝味食品,农副食品加工业,品控经理,重庆,12000.0,18000.0,岗位职责： 1. 食品安全与合规管理 主导工厂质量管理体系建立、实施与维护，确保产品符合国家法规、客户及公司内控标准。 监督生产CCP点巡查、异常处理，主导资质合规、供应商审核与产品追溯体系管理，确保全年无食品安全事故。 2. 产品质量与风味稳定 承接组织绩效，制定并推动产品HG（合格率）提升路径与口味稳定方案。 组织产品口味测评与安全指标检测，推动现场工艺改善，确保产品质量与风味满足市场要求。 3. 客诉处理与质量改进 负责客诉响应、原因分析、整改措施制定与落地跟踪，持续监控客诉PPM趋势与闭环情况。 开展质量数据分析，推动跨部门质量改善活动，降低质量风险与客诉率。 4. 团队管理与能力建设 全面负责品控部（含原料、现场、化验、体系等组别）的日常管理、绩效考核与人才培养。 组织部门培训规划、关键岗位赋能与梯队建设，营造持续学习与改进的团队文化。 5. 体系外审与质量文化建设 主导迎接二方、三方审核，确保审核顺利通过。 推动公司质量文化落地，开展质量意识培训，提升全员质量素养。 任职要求： 1. 教育背景 本科及以上学历，食品科学与工程、食品质量与安全等相关专业。 2. 工作经验 5年以上制造业质量管理工作经验，其中至少3年以上食品行业品控管理经验，2年以上品控经理或同等职位经验。 熟悉肉制品或休闲食品生产工艺、质量控制及食品安全管理体系（如ISO 22000、HACCP）。 有大型食品企业体系搭建与团队管理经验者优先。 3. 专业能力 精通质量管理工具与方法，能独立构建并优化工厂质量管理体系。 具备较强的数据分析与报告撰写能力，能通过质量数据驱动业务改善。 熟悉国家食品安全法律法规、行业标准及客户质量要求。 4. 综合素质 担当引领：能全面承接部门目标，制定实施策略，并对结果负责。 计划组织：能统筹多模块工作，协调资源，确保体系有效运行与目标达成。 影响感召：具备较强的跨部门沟通与协调能力，能推动质量改进措施落地。 持续学习：能及时跟进法规与行业动态，推动团队专业能力提升。 锐意进取：主动挑战高目标，带领团队持续提升质量绩效。 工作地点：遂宁市安居区集中工业园区四川阿宁食品有限公司,本科,8年及以上,快速消费品,2026-02-26,2026-04-26
2438,劲仔食品集团股份有限公司,劲仔食品,农副食品加工业,城市经理（商洛）(J11003),商洛,8000.0,10000.0,工作职责: 1、根据销售任务，开展销售工作，完成销售目标； 2、收集市场销售信息、与经销客户共同完成所负责市场流通与终端渠道布建； 3、负责销售订单的具体落实工作； 4、积极开发客户资源，并定期拜访，维护客户关系； 5、负责经销商市场费用的合理投放，销售合同的签订工作； 6、协助经销商完成销售活动、维护公司形象、提高产品知名度； 7、根据公司规章制度，处理产品在区域内的各种突发情况，解决客户及消费者的疑难问题，确保本品牌在该区域维持良好的口碑和持续的发展前景； 8、公司及领导交办的关于流通部方面的临时性工作； 9、负责所辖区域的经销商业务人员招培训、协访等，确保市场工作有序进行和目标的达成； 10、根据省区的资源分配，制定所辖区域的年度营销费用预算与执行，确保市场费用有效落实和合理使用，并监督执行。 任职资格: 1、大专以上学历，具备3年以上快消品相关领域工作经验，具备较知名公司城市或者客户操作实践经历，取得较为成功的业绩成果； 2、具备市场营销与企业管理相关知识； 3、熟练掌握Excel、PPT操作，掌握/熟悉全渠道操作； 4、一定的休闲食品市场洞察能力。,大专,3年及以上,快速消费品(食品、饮料、化妆品),2026-02-24,2026-04-24
2485,新希望六和,新希望,农副食品加工业,饲料厂安全专员,江门,8000.0,10000.0,一、岗位职责 1. 负责厂区日常安全巡查、隐患排查、整改跟踪及闭环管理，重点关注粉尘防爆、设备安全、用电安全、消防管理。 2. 落实新员工三级安全教育、岗位安全培训、应急演练组织与记录。 3. 建立健全安全台账、特种设备档案、职业健康档案，规范资料管理。 4. 监督现场作业规范，制止违章操作、违章指挥、违反劳动纪律行为。 5. 配合完成安全检查、体系审核、消防年检、环保及职业健康相关工作。 6. 参与安全事故/事件调查、原因分析及防范措施落实。 二、任职要求 1. 大专及以上学历，安全、机电、化工、环境等相关专业优先。 2. 有饲料厂/生产制造企业安全管理工作经验优先。 3. 熟悉安全生产法律法规、消防管理、粉尘防爆、职业健康基本知识。 4. 持有安全管理人员C证/安全员证优先，有安全台账及培训组织经验。 5. 工作认真负责、原则性强，具备良好沟通协调能力和执行力。,大专,3年及以上,农/林/牧/渔,2026-03-05,2026-05-05
2442,劲仔食品集团股份有限公司,劲仔食品,农副食品加工业,零食渠道销售岗(J11015),南京,20000.0,30000.0,工作职责: 1、主要负责零食渠道客户（熟悉零食很忙/零食有鸣/糖巢/好特卖系统/好想来）渠道的维护，产品进场及推广等作； 2、负责零食系统的业务管理及谈判工作，包括客户管理、客户开发与客户关系维护等； 3、负责零食销售区域内销售目标的达成，做好销售计划，跟进并确保订单的正常进行； 4、及时掌握行业信息、竞争对手状况，进行业务分析，并提出合理化建议； 任职资格: 1、大专及以上学历； 2、对零食渠道有独特理解，熟知大型零食系统内部制度、流程、标准； 3、强烈的目标达成欲望，有敏锐的用户感觉和深刻的市场洞察力，善于发现渠道增长的机会。 4、积极向上，高度的责任心和抗压能力，高效的沟通协调能力、谈判能力和复杂问题的处理能力。,大专,3年及以上,快速消费品(食品、饮料、化妆品),2026-03-02,2026-05-02
2321,广西宁福新能源科技有限公司,多氟多,化学原料和化学制品制造业,法务专员,南宁,6000.0,8000.0,一、岗位职责： 1、起草、审核、修订各类业务合同（包括但不限于采购、销售、委托加工、技术合作、设备进口等），并跟踪履行情况，处理合同纠纷。 2、建立和完善公司法律合规体系，确保公司经营活动符合国家法律法规（尤其是环保、安全生产、产品质量、劳动用工等领域）及行业监管要求。 3、为各部门提供及时、准确的法律咨询意见，识别业务中的法律风险，出具风险评估报告并提出解决方案。 4、负责公司专利、商标、技术秘密等知识产权的申请、维护、风险排查及侵权应对工作。 5、处理公司涉及的诉讼、仲裁案件，管理外聘律师，维护公司合法权益。 6、定期为公司员工提供相关法律知识培训，提升全员法律意识。 二、任职要求： 1、法学本科及以上学历，通过国家法律职业资格考试（持有A证）。 2、具有2-3年律师事务所或企业法务相关工作经验。 3、有制造业（尤其是新能源、锂电池、汽车、化工、电子设备等领域）法务经验者优先考虑。 4、精通《民法典》《公司法》《劳动合同法》《知识产权法》等法律法规。 5、熟悉制造业的运营模式及常见法律风险点（如供应链管理、产品质量责任、安全生产、环境保护等）。 6、具备出色的合同起草、审查和谈判能力；能独立处理简单的诉讼案件。 7、具备良好的法律研究、逻辑分析和文字表达能力。 8、责任心强，思维缜密，沟通协调能力佳，具备良好的商业意识和团队合作精神。 三、薪酬福利及其它： 1、五险一金;提供住宿、就餐福利、节日福利、季度福利、降温费、夜班补贴等; 2、入职后提供相关技能培训，取得证书后晋升通道有:行政、工程技术、专业、技能四个维度匹配职业生涯等; 3、员工便捷生活福利:餐厅、超市、健身房、足球场、篮球场、台球厅、乒乓球室、羽毛球场等运动设施; 4、工作时间：工作日8：00-18：00，周末双休；工作地点：南宁市青秀区伶俐镇昌隆路45号。,本科,3年及以上,电气机械/电力设备,2026-01-27,2026-03-27
2291,上海保立佳化工股份有限公司,保立佳,化学原料和化学制品制造业,海外销售业务员-越南区域,上海,10000.0,15000.0,【工作内容】 - 负责开拓和维护海外市场，拓展客户资源，完成公司制定的销售目标； - 与海外客户进行沟通，了解客户需求并提供相应的解决方案； - 协同团队进行市场调研与分析，协助制定销售策略； - 参与国际展会及线上推广活动，提升品牌影响力。 【任职要求】 - 本科及以上学历，专业不限，有海外学习或工作经历者优先；熟悉化工涂料、助剂、添加剂等化工行业； -熟悉东南亚丙烯酸乳液市场； - 具备良好的英语或者越南语沟通能力，能熟练进行书面及口语交流； - 对海外市场有热情，具备较强的学习能力和适应能力； - 有越南区域客户资源的优先。,本科,5年及以上,石油/化工/矿产/地质,2026-02-21,2026-04-21
2313,南通高盟新材料有限公司,高盟新材,化学原料和化学制品制造业,生产系统操作员,南通,6000.0,8000.0,1.生产系统操作 2.生产任务完成 3。其他日常工作,本科,经验不限,石油/化工/矿产/地质,2026-03-06,2026-05-06
2322,上海君正物流有限公司,君正集团,化学原料和化学制品制造业,Java软件架构师,上海,12000.0,22000.0,职位描述： Java软件架构师负责设计、规划和实施基于 Java 技术的复杂软件系统架构。协助技术开发部总监共同管理团队，开发高性能、可扩展、可维护的软件解决方案，确保项目技术目标与业务目标保持一致。 主要职责： 1. 负责公司自研系统的架构设计与研发交付；与业务部门及ITBP紧密协作，深入理解业务目标与流程，参与需求调研、评审与范围澄清，制定端到端技术方案并推动落地； 2. 主导技术方案设计与评审，输出并维护技术与架构文档，把控关键技术决策与风险； 3. 设计并实施高效、可靠的应用架构，涵盖前端、后端及数据库各层面，确保整体架构的合理性与一致性； 4. 负责外包项目的技术管理，评审技术方案，把控开发质量； 5. 负责代码质量审核，及时提供指导与监督，持续提升团队整体技术水平； 6. 持续优化系统性能、可用性和安全性，保障系统稳定运行； 7. 主导系统问题的追踪定位与根因分析，高效解决技术难题，为团队提供技术支持与指导； 8. 负责评估和引入新技术，保持团队技术竞争力，推动技术创新与落地。 任职资格： 1. 本科及以上学历，计算机相关专业； 2. 8年以上Java开发经验，3年以上软件架构经验，3年以上团队管理经验； 3. Java基础扎实，熟悉常用设计模式和主流开源框架，具备大型项目架构设计与实施经验； 4. 精通Spring Boot、 Spring Cloud等主流框架，熟练配置MQ、Redis、ElasticSearch、MongoDB等中间件； 5. 熟悉主流前端技术栈（如Vue、React），了解前后端分离架构设计，能够从全栈视角进行架构规划与技术评审； 6. 熟悉 Docker及Kubernetes，能够设计和实施云原生架构下的应用部署方案； 7. 精通关系型数据库建模设计，熟悉主流RDBMS，精通SQL调优； 8. 熟悉高并发、大数据量、高可用系统设计，具备性能优化及故障排查能力； 9. 良好的沟通能力与团队协作精神，勤奋好学，热爱技术； 10. 良好的英语听说读写能力，能适应跨时区、跨文化工作模式，有全球团队协作经验者优先；,本科,8年及以上,交通/运输/物流,2026-02-13,2026-04-13
3043,中复神鹰（上海）科技有限公司,中复神鹰,化学纤维制造业,投资主管,连云港,7000.0,10000.0,岗位职责： 1.对拟投资、并购项目进行尽职调查、投资价值分析、可行性分析、风险评估等； 2.筛选投资机会，并根据市场调研结果出具可行性分析； 3.与公司领导共同完成投资谈判和投资交易，包括投资、并购、以及合资等，办理集团内部投资审批相关流程； 4.完成公司领导安排的其他工作的督办、协调与落实。 任职资格： 1.本科及以上学历，金融、投资、材料、法学相关专业背景优先； 2.熟悉企业并购、重组、投融资、IPO等业务流程 、金融法律法规、督管政策和国家行业、产业政策，具有丰富的金融及投资业务知识，三年以上工作经验； 3.较强的文字撰写和编辑能力，较强的沟通协调以及语言表达能力； 4.工作细致认真、执行能力强、保密性和原则性强； 5.熟练使用各类办公软件。 职位福利： 五险二金、重疾险、绩效奖金、带薪年假、探亲假、陪护假、育儿假、独生子女父母护理假、定期体检、文体活动、节日福利、提供食宿、免费班车。 工作地点为： 江苏省连云港市大浦开发区金桥路1-6号。,本科,3年及以上,原材料和加工,2026-01-22,2026-03-22
3049,中简科技股份有限公司,中简科技,化学纤维制造业,电仪工程师,常州,8000.0,15000.0,岗位职责： 1、维护 PLC、SIS、DCS的硬件和软件，备份程序、处理系统通讯故障、卡件损坏等问题； 2、参与设备的安装、调试和验收工作； 3、配合部长组织开展设备大修计划的编制工作 任职资格： 1、学历：本科，化工自动化专业； 2、七年以上化工仪表专业工作经验； 3、在500人以上生产企业，担任过仪表工程师或仪表主管；有碳纤维企业工作经验优先； 4、有中控系统、西门子/三菱 PLC组态工程师工作经验； 5、能独立组建5000点以上DCS系统的架构并组织实施； 6、熟悉现场仪表，校验压力变送器，手操器读写，调试阀门定位器,本科,8年及以上,石油/化工/矿产/地质,2026-03-02,2026-05-02
2993,泰和新材集团股份有限公司,泰和新材,化学纤维制造业,业务员（防火安全屋）(J10763),烟台,10000.0,15000.0,工作职责: 1. 市场拓展与销售目标达成 （1）负责在指定区域或行业进行新客户开发与老客户深耕，积极完成个人及团队分配的销售指标（包括销售额、合同额、毛利率等）。 （2）主动进行市场摸排，通过多渠道获取项目线索，建立并维护个人销售漏斗，系统性地推进线索从识别、验证、方案提交、商务谈判到合同签订的全过程。 （3）在市场策略框架下，执行具体的市场开拓计划，并及时反馈一线市场动态与竞争信息。 2. 客户关系建立与需求挖掘 （1）作为客户的主要商务联系人，负责建立、维护并提升与客户决策层、关键影响者（如开发商设计、成本、营销部门负责人）的长期信任关系。 （2）通过专业拜访与沟通，深度挖掘客户在安全、成本、效率、营销等方面的痛点与潜在需求，引导客户认知一体化解决方案的长期价值。 （3）规划并执行定期的客户回访与关系维护计划，提升客户满意度和忠诚度。 3. 解决方案价值传递与提案 （1）熟练掌握公司“防火安全屋”解决方案的核心价值、技术亮点及差异化优势，能够针对不同客户的应用场景进行清晰、有说服力的呈现和讲解。 （2）协调并组织技术资源，为客户提供初步方案设计、技术交流及定制化解决方案建议书，有效推动销售进程。 （3）负责商务谈判、合同条款协商及签订工作，保障公司利益的同时实现双赢合作。 4. 内部协同与项目交接 （1）与市场部团队紧密协作，参与市场活动，并将有效的市场线索转化为销售机会。 （2）在项目签约后，与项目经理进行详尽、无缝的项目交接，确保客户背景、核心诉求、特别约定等关键信息完整传递，保障项目交付的顺利开局。 （3）在项目交付阶段，协助项目经理处理重大客户关系事宜，确保客户满意度。 任职资格: 1.市场营销、工商管理、工程类或相关专业背景。 2.3年以上To B销售或客户经理经验，具有智能建筑、消防安防、高端建材或房地产相关行业销售经验者优先。 3.出色的客户沟通、商务谈判和关系构建能力，具备强烈的销售自驱力和结果导向意识。 4.具备基本的方案理解能力，能够学习并传播复杂的产品与技术价值。 5.能适应经常性客户拜访及短途出差。,本科,3年及以上,石油/化工/矿产/地质,2026-02-26,2026-04-26
3050,华峰集团有限公司,华峰化学,化学纤维制造业,MES实施顾问(J11029),上海,11000.0,22000.0,工作职责: 1、负责MES系统调研和方案设计，针对业务需求结合MES系统进行业务和流程梳理诊断，提供可行性解决方案； 2、负责实施项目的跟进、监管，配合梳理生产制造业务流程，并对项目的成果进行运维； 3、通过MES系统规范业务操作，定期组织和管理最终用户系统的使用规范和作业规范。 任职资格: 1、本科及以上学历，自动化、工业工程或计算机相关专业 2、3年及以上流程制造业工作经验，参与或主导过MES、WMS、QMS等车间执行信息系统实施工作，或相关信息系统的实施工作； 3、具有良好的客户沟通能力、服务意识，具备团队合作精神。,本科,3年及以上,石油/化工/矿产/地质,2026-02-14,2026-04-14
2127,云南沃森生物技术股份有限公司,沃森生物,医药制造业,信息/自控高级专员,昆明,5000.0,7000.0,"岗位职责: 1、系统设计与建设： 1.1参与自控系统（DCS/PLC/SCADA）及信息化系统（MES/LIMS）的设计、技术方案评审、选型、网络规划等工作。 1.2参与系统的安装、软件组态、网络配置、系统联调及功能测试等实施工作，确保系统符合工艺与控制要求。 主导项目技术文档的整理与移交，并对生产运维团队进行系统性的技术培训，确保顺利交接。 2、系统运维： 2.1负责工业控制网络、服务器、数据库、操作站等信息化基础设施的日常巡检、病毒防护、漏洞修补及数据备份；执行控制系统程序与组态的备份、版本管理及必要的恢复测试，确保核心逻辑与参数安全；监控关键系统（如实时数据库、网络交换机）的运行状态与性能指标，提出并协助实施优化建议，预防潜在风险。 2.2快速诊断并解决由网络架构、服务器集群、数据库、控制逻辑、通讯协议等引起的系统性故障。处理因网络通信中断、服务器/工控机异常、软件组态错误、传感器/执行器信号异常等导致的生产中断或数据异常问题；对复杂或系统性故障进行初步分析，协调内部资源或联系供应商技术支持，推动问题彻底解决，并记录完整的故障处理报告。 2.3分析系统运行数据与日志，识别性能瓶颈、潜在风险及重复性故障根源，主导制定并实施根治性的解决方案或优化措施。 2.4负责控制系统程序版本管理、关键信息安全策略的实施与审计，以及核心系统的灾难恢复预案制定与演练。 3、信息化与数据运维： 3.1负责MES、DCS、实时数据库等生产信息系统的日常运维、用户权限管理、数据接口监控及备份恢复；参与新信息化功能模块的部署、配置、测试及与现有系统的集成工作，确保数据链路的准确与高效。 4、文档、培训与改进： 4.1主导编制和修订关键系统的技术规范、维护手册、故障处理指南及岗位相关制度。 4.2组织并参与岗位相关培训。 4.3维护和更新所负责系统的网络拓扑图、硬件清单、软件清单、维护记录及相关操作规程。 4.4总结日常运维中的共性问题，主动提出并协助实施在网络安全、系统冗余、运维效率等方面的改进措施。 任职资格: 1.教育背景： 大专及以上学历，自动化、计算机、通信工程、电气工程、、电子信息工程等相关专业。 2.工作经验：3年以上流程行业（化工、制药、生物技术等优先）工业自控与信息系统运维及项目实施经验；有主导或深度参与过中大型自控/信息化项目（如MES上线、DCS升级）的全过程经验者优先。熟悉主流PLC（如西门子、罗克韦尔）、组态软件、工业网络及数据库基础操作。 3.技能要求：精通至少一种主流DCS/PLC（如西门子PCS7/罗克韦尔）的编程与组态；熟悉工业网络与信息安全配置；熟悉SQL数据库操作及一种高级编程语言（如C#, Python）；具备信息系统项目管理基础。具备工业网络（如以太网、Profibus、Modbus）的配置与故障排查能力；了解Windows/Linux服务器基础运维。 4.个人能力：责任心强，工作严谨，具备优秀的沟通协调能力；学习能力强，对新技术充满热情；能承担技术压力，并致力于构建稳定、智能的工业环境。能适应7x24小时应急响应机制，具备一定的抗压能力。",大专,3年及以上,制药/生物工程,2026-02-13,2026-04-13
2130,迈克生物股份有限公司,迈克生物,医药制造业,FPGA工程师(J10506),成都,10000.0,15000.0,"工作职责: 1）负责医疗检验仪器FPGA芯片选型及架构方案设计； 2）负责FPGA模块划分，接口定义，代码设计； 3）担任产品开发FPGA接口； 4）支持在线产品FPGA的维护和故障排查； 5）参与产品线FPGA技术平台建设工作。 任职资格: 1）扎实的模数混合电路理论知识； 2）熟练掌握VHDL或Verilog语言； 3）熟练运用相关工具进行开发仿真及调试； 4）熟练掌握FPGA时序分析及时序收敛方法； 5）有步进电机加减速功能实现者优先； 6）有Ethernet,PCI,PCIE开发经验者优先。",本科,1年及以上,医疗设备/器械,2026-02-27,2026-04-27
2087,贝达药业股份有限公司,贝达药业,医药制造业,高级/临床学术专员-乳腺专线,宜昌,7000.0,10000.0,1 在辖区内维护好客户关系，不断提高产品市场份额，提升公司品牌影响力 2 及时、准确地为客户提供医药产品信息，协助客户合理用药 3 开展学术推广工作，提供专业化咨询服务 4 充分了解市场状态，及时向上级主管反映竞争对手的情况及市场动态、提出合理化建议 5 及时收集并反馈公司产品的临床使用情况 岗位资格： 1、大专及以上，医学、药学相关专业 2、2年以上学术推广经验，1年以上乳腺类药品推广经验（肿瘤领域优先） 3、沟通技巧与人际协调能力、团队协作能力、执行力、学习与创新能力、应变能力 来自马-克-数-据-官网,大专,2年及以上,制药/生物工程,2026-02-01,2026-04-01
2138,上海输血技术有限公司,复星医药,医药制造业,质量部经理,上海,23000.0,25000.0,任职条件 1. 具有药学或相关专业本科以上学历或中级技术职称或执业药师； 2. 至少8年以上从事药品生产和质量管理的实践经验，其中至少2-3年的药品质量管理经验； 3. 至少8年从事医疗器械质量管理或者生产、技术管理工作经验； 4. 熟悉药品及医疗器械相关法规知识并接受过相关培训。 5. 熟悉医疗器械质量管理体系、药物警戒管理体系、欧盟CE-MDD/MDR体系和14001环境管理体系。 6. 具有较强的责任心和原则性； 7. 有较好的管理和对外联系协调能力； 岗位职责： 1. 组织建立、实施并保持企业各级质量管理体系，包括药品GMP、医疗器械GMP、ISO 13485质量管理体系及ISO 14001环境管理体系； 2. 负责按照国家、地方对本公司生产产品的法令法规要求、行业要求和公司相关质量标准，制定公司产品检验标准、环境质量控制标准，并落实实施； 3. 负责物料管理、不合格品管理、放行、偏差、变更、计算机化系统、验证管理及年度回顾； 4. 负责药品及医疗器械年度报告上报； 5. 负责生产现场的监督管理； 6. 负责在企业接受药品及医疗器械生产质量体系核查或跟踪检查以及日常监督检查时，与检查组保持沟通，提供相关信息、资料，并为检查工作提供便利；针对发现的问题，组织企业相关部门按照要求及时整改； 7. 负责所有与产品质量有关的投诉调查、处理； 8. 负责外协生产的监控及委托检验的监控； 9. 组织开展企业自查、药品不良反应、医疗器械不良事件监测及报告、药品、医疗器械召回等工作; 10. 在产品发生重大质量问题时，负责向监管部门报告相关情况。 11. 上级部门交代的其他工作。,本科,8年及以上,医疗设备/器械,2026-01-16,2026-03-16
1717,浙江博圣生物技术股份有限公司,迪安诊断,卫生,软件测试工程师,杭州,8000.0,12000.0,工作职责: 1、负责C端产品的功能、接口、安全、兼容性、性能及用户体验等方面的测试工作； 2、能快速深入理解系统内部的工作原理，有对测试需求做透彻分析的能力； 3、深入理解产品需求，并完成规范高效的测试用例设计； 4、对bug的清晰描述及快速准确定位bug原因的能力； 5、能独立承担项目测试工作的开展，积极配合开发重现测试中出现的bug， 影响和推动整个项目团队的质量意识； 6、根据产品需求的合理变更，完善测试用例及相关测试文档； 7、日常管理产品BUG，提交缺陷报告并跟踪处理流程，熟练使用测试缺陷管理工具； 8、主动与开发进行有效沟通，推动问题的解决，主动与产品进行有效沟通，挖掘需求漏洞及不合理需求； 任职资格: 1、计算机相关专业，全日制本科及以上学历，1年以上测试工作经验； 2、熟练掌握SQL语句，至少熟悉MySql数据库 3、熟练使用Postman/Jmeter进行接口测试 4、熟悉Linux常用命令，能独立登录服务器查看日志 5、有微信小程序/浙里办测试经验者优先考虑 6、有智能客服/对话机器人/智能体测试经验优先考虑 7、有大型项目测试经验者优先考虑 8、有自动化测试或JAVA编程经验者优先考虑 9、有较好的沟通能力，协调推动能力，善于团队合作 10、有较好的自我驱动力，执行能力强，工作细致并具有较强责任心 11、有较强的业务理解力和逻辑思维能力,本科,1年及以上,医疗/护理/卫生,2026-03-03,2026-05-03
1713,西安三博脑科医院有限公司,三博脑科,卫生,重症医学科医师、主治医师,西安,10000.0,20000.0,任职要求 1.临床医学专业本科及以上学历，2年及以上临床工作经验，掌握重症医学、内科学、外科学等基础医学知识，以及心肺复苏、机械通气、血液净化等专业技能。 2.有执业医师资格证书，有住院医师规范化培训合格证书者优先。 3.具备较强的应急处理能力、临床思维能力、团队协作能力和沟通能力。 4.工作细心、认真、执行力强。,本科,2年及以上,医疗/护理/卫生,2026-01-20,2026-03-20
1656,北京迪安医学检验实验室有限公司,迪安诊断,卫生,战略客户开发岗,北京,10000.0,20000.0,工作内容： 负责北京市重点战略客户（三甲医院）的全周期开发与维护，涵盖设备自检、外送管理、科研服务转化及日常事务对接。 深度绑定临床科室、重点学科及核心专家资源，建立长期稳定的客情关系，推动科研服务与公共事务合作落地。 以学科思维为导向，结合医院学科发展规划，制定针对性业务增长策略，优化业务结构并规划长期发展路径。 岗位要求： 本科及以上学历，5-10年医疗行业相关工作经验；硕士及以上学历可接受1-2年相关经验，医学背景优先。 具备三甲医院销售经验，熟悉肿瘤相关诊断产品或诊断项目者优先。 拥有医疗领域项目开发或运营经验，能独立完成客户需求分析与业务方案设计。,本科,8年及以上,卫生服务,2026-02-24,2026-04-24
1699,武汉金域医学检验所有限公司,金域医学,卫生,产品专员（医疗行业）,武汉,8000.0,13000.0,岗位职责： 1.根据所属疾病产品线负责产品定位及方向，策划市场推广方案及落地实施； 2.参与产品调研及数据分析，跟踪发展趋势； 3.负责所属疾病产品线的学术推广活动，组织学术交流会议； 4.定期收集行业信息、动态与目标客户资料整理汇总； 5.业务人员的产品知识培训及产品推广支持和问题解答。 任职资格： 1.医学相关专业，硕士及以上学历，本科有产品岗经验也可； 2.有敏锐的市场触觉，较强的逻辑分析能力； 3.具备较好的演讲能力和文案制作能力； 4.熟练掌握电脑办公软件。,本科,经验不限,医疗/护理/卫生,2026-01-14,2026-03-14
3433,上海瑾亭化妆品有限公司,翔港科技,印刷和记录媒介复制业,生产线长,上海,6000.0,10000.0,1、协助主管组织召开班前会、班后会 2、根据工艺标准书要求合理安排人员 3、组织领料、监督正确放置物料和正确用料 4、做好生产前检查和车间清线清场工作，车间6S实施工作 5、与QC人员一同做好首件工作，并签字确认 6、根据工艺要求做好本车间生产设备、工具清洗、消毒工作 7、在生产过程中，随时检查岗位员工的规范操作，及时处理生产和品质异常，并跟踪异常处理情况，及时向主管汇报 8、做好本车间设备使用和安全操作工作 9、协助主管对本车间各岗位员工的培训工作 10、熟练粉类机器操作，包装机器操作 11、完成主管安排的其他工作 任职要求： 1.要求：有一定的组织和协调能力，工作细心、责任心强 2.经历：有一年以上化妆品生产管理工作经验,初中及以下,1年及以上,快速消费品(食品、饮料、化妆品),2026-02-26,2026-04-26
3438,广东天元实业集团股份有限公司,天元股份,印刷和记录媒介复制业,审计专员,东莞,8000.0,10000.0,"1、参与集团内审建设和风险评估管理，根据部门计划开展内审业务: 2、定期检查公司管控制度和业务流程，对公司内控的健全性、有效性进行评估: 3、定期对财务业务，包括票据、结算、成本、进出项等业务进行检查，对业务合法性和合规性进行评价，出具审计报告: 4、自主立项开展审计工作，对公司业务流的合理性和合规性进行分析和评价，出具审计报告，提出改善建议，跟进落实整改: 5、领导安排的其他工作。 技能要求: 1、具备3年以上审计工作经验,熟悉内部审计工作开展流程 2、熟悉国家财政政策、会计准则，精通审计、财务、会计及相关税务法律法规: 3、熟悉制造业业务流程以及会计核算方法，熟悉制造企业成本核算办法: 4、熟练使用办公软件以及 SAP等工具，文字表达能力优秀: 5、具备良好的逻辑思维分析能力，为人正直、责任心强、具备团队合作精神。 （ ）",本科,3年及以上,印刷/包装/造纸,2026-02-06,2026-04-06
3479,上海翔港包装科技股份有限公司,翔港科技,印刷和记录媒介复制业,客服跟单员,上海,6000.0,7000.0,1、负责对客户订单及时接收、审核、录入，处理客户退货、投诉、咨询、建议； 2、与生产部、物流部进行沟通，询问产品进度、确认订单产品库存量，准确开据送货单至物流部备货，对订单发运进行跟进、追踪； 3、准确核对客户各项销售款项，开据发票清单交至财务部开据发票，并对发票信息审核、确认无误寄送发票； 4、定期对客户资料各项数据进行统计，上报主管及相关部门； 5、加强与客户的沟通和协调能力，为客户提供良好的服务，提升客户满意度； 6、完成上级领导安排的其它工作。 岗位要求： 1、相关客服跟单工作经验2年以上； 2、熟练使用office办公软件； 3、有良好的沟通能力和团队协作力；高度的责任心和客户服务意识； 4、积极进取，抗压能力强，需加班。,大专,2年及以上,印刷/包装/造纸,2026-02-26,2026-04-26
3464,广东天元实业集团股份有限公司,天元股份,印刷和记录媒介复制业,审计会计,东莞,7000.0,10000.0,岗位职责： 1、对集团及各分子公司的生产经营、管理活动及经营成果进行审计评价； 2、对各职能部门开展履职情况评价； 3、对集团内部管理控制体系的建立、健全、执行情况进行评审； 4、根据公司运行情况对薪资、生产报工、设备维修、财务数据等真实性进行专项审计； 5、完成上级交办的其他工作。 任职要求： 1、具有本科及以上学历，审计、财务、会计类相关专业，中级以上职称优先，审计类资格证书更好； 2、具有3年以上制造业财务相关管理。会计核算或内部审计工作经验，对制造业内部审计工作有一定认识，掌握一定的审计方法； 3、熟悉国家财经法规、审计法规和内部审计准则、企业管理制度，能够独立或协助完成各类审计项目、出具审计报告； 4、具备高尚的职业道德和较强的沟通、协调能力，一定的分析和写作能力，原则性强。。 （更多数据，详见）,本科,2年及以上,印刷/包装/造纸,2026-02-26,2026-04-26
1477,海尔消费金融有限公司,美凯龙,商务服务业,法诉专员,青岛,4000.0,6000.0,岗位职责 1、根据公司安排，对公司相关金融借款类案件的诉讼、执行等司法处置提供支持； 2、及时反馈所在团队、法院需要协助解决的问题，跟进至闭环； 3、案件跟进：准备案件材料，推进案件进入司法处置，解决司法处置中出现的问题； 5、完成公司安排的其他工作。 任职要求 1、本科及以上学历； 2、法学专业或者有金融行业法律服务工作经验者优先； 3、具有较强的合作能力、逻辑分析能力、敏感度，有较强的沟通表达能力,本科,1年及以上,金融/投资/证券,2026-01-08,2026-03-08
1447,外企德科人力资源服务安徽有限公司,北京人力,商务服务业,大客户销售-大众安徽（车企）,广州,15000.0,20000.0,1. 负责区域内大客户业务拓展，重点挖掘区域内租赁公司、政府机关单位，教师及医疗卫生行业的大客户资源； 2. 开拓挖掘与本品牌相契合的异业合作； 3. 负责推进当地政府采购、企业集采及员工内购活动，并协助制定落地方案； 4. 做好政企关系维护和定期回访，促进长期稳定的良好合作关系； 1.工作经验 三年以上主机厂区域大客户开发，或者五年以上经销商集团大客户业务管理经验，有区域内租赁公司、政府机关单位，教师行业、医疗卫生行业资源者，优先考虑； 2.专业技能 具备基础商务沟通与协调能力； 熟练使用Excel、PowerPoint等办公软件。 3.综合素质 细心、主动、责任感强，善于学习新知识； 具备团队合作精神及一定抗压能力，愿意接受多任务并行工作。,本科,5年及以上,咨询服务,2026-02-28,2026-04-28
1469,外企德科数字技术有限公司,北京人力,商务服务业,广告投放运营,北京,9000.0,12000.0,岗位职责 1.负责广告投放项目的日常数据监测，把控各渠道拉新节奏，对广告投放项目的进度、成本、目标完成度负责 2.负责广告投放的素材把控，策略执行落地，实验数据回收 3.负责广告投放各个渠道的商务事项 岗位基本需求 1.专科及以上学历，工作2年以上 2.熟悉信息流广告投放，有代理商优化师、甲方投放运营经验优先 3.熟悉数据分析工具，具备良好的数据分析能力 4.工作积极主动、严谨细心、执行能力强，有责任心和良好的沟通表达能力,大专,5年及以上,专业技术服务,2026-02-03,2026-04-03
1478,大连博涛文化科技集团股份有限公司,中青旅,商务服务业,机械项目经理,大连,6000.0,10000.0,工作要求： 1..熟练掌握及应用机械、工业设计软件 2.理科方向工业设计或机械设计专业 3.责任心强有良好的沟通能力和团队协作精神，动手调试能力强 岗位职责； 1对于公司游乐产品的设计生产管理参与产品的前期方案制定、方案确定、工期制定等工作； 2.监管产品的生产进度以及对外联系 3.负责公司的产品协调、技术资源共享 4.指导产品的完成、落地、交付,大专,5年及以上,机械/设备/重工,2026-01-19,2026-03-19
4916,北京和展能源有限公司,*ST 和展,土地管理业,土建工程师,石家庄,10000.0,15000.0,1、岗位职责 （1）负责建筑、吊装工程安全、质量、进度控制工作。 （2）负责编制建筑、吊装工程进度计划，跟踪落实实施。 （3）负责编制建筑工程质量工艺策划，落实实施。 （4）参加建筑工程施工招标工作，落实材料设备排产、供应及进场时点。 （5）负责建筑工程资料收集和工程各工序及阶段性验收工作，负责监理实施细则、施工组织设计及专项方案的审核工作。 （6）负责与建筑、吊装工程相关的进度款支付审核工作。 （7）协助施工过程中建筑、吊装工程洽商与变更的工程量审核工作。 （8）配合成本部进行建筑工程结算工作。 （9）负责建筑工程施工图纸的审核与优化工作。 （10）协助在建筑施工过程中对主要施工材料的询价工作 （11）协助成本部进行施工单位决算书工程量的审核工作。 （12）负责环保、水保的现场指导工作。 （13）与各部门专责协同，完成项目建设。 （14）配合风电场并网手续办理工作。 （15）配合监理工作，管控参建方工作质量。 2、任职资格 （1）土木工程类相关专业本科以上学历，具备建造师资格优先。 （2）10年以上土建专业施工现场技术质量岗位管理工作经验，有风电项目工作经验。 （3）了解风电工程基本施工流程，熟悉建筑工程专业国家规范、标准、图集等技术文件。 （4）熟练掌握办公软件及工程相关软件。 （5）有较强的组织协调能力与良好的沟通能力。 （16）完成领导安排的其他工作。,本科,10年及以上,新能源,2026-03-04,2026-05-04
4910,北京和展能源有限公司,*ST 和展,土地管理业,项目总工,石家庄,8000.0,12000.0,来源：百度。岗位要求： 1、在项目经理的要求下，负责项目部技术、质量管理工作，对工程技术、质量负全面技术责任； 2、组织贯彻执行国家和上级颁发的技术规范、规程、标准及有关规定。 3、组织编制并审核项目的施工组织设计、专项施工方案、技术措施、并随时检查、监督和落实。 4、负责组织图纸会审、技术交底和技术复核工作。 5、负责组织项目质量计划的编制、审核、修改工作。 6、负责组织项目质量检查，主持质量事故的调查和处理，监督制定纠正和预防措施的实施情况。 7、主持项目的技术、质量工作会议，领导和组织技术、质量人员学习业务，不断提高技术、质量人员素质。 8、完成领导交办的其它事项。 任职要求： （1）专科及以上学历，电力系统及其自动化等相关专业；（优秀的可适当放宽学历） （2）5年以上电力工程技术管理经验，能主导项目技术方案设计、技术难题攻克； （3）熟悉电力工程施工规范及验收标准，有风电、光伏、储能项目总工经验优先。 （4）需持有一级建造师（全国）/二级建造师（河北）（建筑/机电/电力）证书，特别优秀适当放宽。 （5）具备技术团队带领经验。 （6）C1驾驶证。,大专,8年及以上,新能源,2026-01-24,2026-03-24
4914,北京和展能源有限公司,*ST 和展,土地管理业,电气工程师,石家庄,10000.0,15000.0,1、岗位职责 （1）负责所属项目电气安装、调试工程安全、质量、进度控制。 （2）编制电气安装工程进度计划，跟踪落实实施。 （3）负责编制电气安装、调试工程质量工艺策划，落实实施。 （4）参与编制电气工程招标文件，收集并审核设备技术规范书，参加电气安装工程施工招标工作，参与电气设备技术规范书及设备技术协议签订工作。 （5）参与电气设备合同审核，负责落实材料设备排产、供应及进场时点。 （6）负责电气安装、调试工程工序及各阶段验收工作，负责监理实施细则施工组织设计及专项方案的审核工作。 （7）负责与电气安装工程相关的进度款支付审核工作。 （8）协助施工过程中电气安装工程洽商与变更的工程量审核工作。 （9）配合成本部进行电气工程结算工作。 （10）负责电气安装施工图纸的审核与优化工作。 （11）协助在电气安装、调试施工过程中对主要施工材料的询价工作。 （12）协助成本部进行施工单位决算书工程量的审核工作。 （13）负责环保、水保的现场指导工作。 （14）与各部门专责协同，完成项目建设。 （15）负责风电场并网手续办理工作。 （16）配合监理工作，管控参建方工作质量。 （17）完成领导安排的其他工作。 2、任职资格 （1）电气工程类相关专业本科以上学历，具备建造师资格优先。 （2）10年以上机电安装专业施工现场技术质量岗位管理工作经验，有3个以上风电工程相关工作经验。 （3）熟悉风电工程施工流程，熟悉机电安装专业国家规范、标准、图集等技术文件。 （4）熟练掌握办公软件及工程相关软件。 （5）有较强的组织协调能力与良好的沟通能力。,本科,10年及以上,新能源,2026-03-04,2026-05-04
4909,北京和展能源有限公司,*ST 和展,土地管理业,人力行政经理,北京,15000.0,25000.0,"岗位职责: 1、参与制定公司的人力资源体系，对公司的人力资源做出优化建议，了解公司中短期经营战臵目标，根据目标定期更新公司组织架构; 2、根据公司人才的需要，完成人才招聘工作，并合理配置招聘预算 3、协助制定合理的薪酬福利制度，能够对品工起到良好的激励作用; 4、帮助公司促进员工关系建设，协助各部门做好国队建设，提出有效的国队激励政策 5、处理人力资源各项事务性工作; 6、企业行政规章制度制定与管理: 7、行政事务性管理工作，安排公司各项会议、活动等, 8、行政资产管理，对公司的行政性资产进行妥善保管、按照制进行采购、发放等 9、领导卖排的其他工作。 任职要求: 1、本科及以上学历，211或985院校优先; 2、专业:人力、文秘、法律、工商管理等相关专业; 3、工作满3-5年，具备上市企业人力、行政工作经验者优先, 4、具有较好的文字撰写能力与迈辑思维, 5、熟练运用Word、Excel、PPT等基础力公软件 6、工作认真细致，务实，具备较强的责任心; 7、具备较强的沟通、组织协调能力。",本科,5年及以上,新能源,2026-02-27,2026-04-27
347,中建安装集团有限公司,中国建筑,土木工程建筑业,商务管理岗,深圳,8000.0,10000.0,1.负责工程投标预算或工程量清单报价的编制及相关工作。 2.负责项目日常预算(洽商报价等)工作和竣工结算报价编制及核对洽谈工作。 3.负责项目对内劳务分包、专业分包结算审核工作。 4.负责项目成本控制相关工作。 5.负责按公司要求提供各类预算数据分析。 6.服从公司对工作的机动安排，完成领导交办的其他工作。,本科,经验不限,建筑/建材/工程,2026-03-04,2026-05-04
406,上海市园林设计研究总院有限公司,上海建工,土木工程建筑业,商业策划专员,上海,5500.0,10000.0,2026届硕士、博士毕业生及优秀本科毕业生，校内有三人团队商业策划经验优先 专业要求：市场营销、旅游管理、文化产业管理等相关专业 核心能力： 1.具备商业业态规划能力，能结合文旅、园区等项目设计流量变现方案 2.熟悉消费场景搭建逻辑，可输出从空间规划到运营落地的全流程商业策划 3.掌握市场调研与数据分析方法，能为项目盈利模型提供数据支撑 4.加分项：有文旅项目实习经验；具备商业地产或主题乐园运营知识,本科,经验不限,建筑/建材/工程,2026-01-19,2026-03-19
361,民航机场建设工程有限公司,中国交建,土木工程建筑业,商务预算（校招）,天津,5000.0,8000.0,1、身心健康，成绩优异。 2、具备良好的道德修养、扎实的专业知识、较强的实践能力。 3、具备较好的理解、沟通和组织能力，具有较强团队协作和吃苦耐劳精神，服从分配。 4、中共党员、学生干部优先。 5、工程造价、工程预算专业。,大专,经验不限,建筑/建材/工程,2026-03-04,2026-05-04
343,中国化学工程第六建设有限公司,中国化学,土木工程建筑业,计划工程师,银川,8000.0,15000.0,1.制定项目计划，确定项目的里程碑和关键路径。监督项目进度，确保项目按计划进行。跟踪项目进展，及时识 别和解决项目中的延迟和风险； 2.管理项目预算，确保项目的成本控制在可接受范围内。跟踪和分析项目支出，提出必要的成本调整建议； 3.进行项目风险评估，识别潜在风险并制定风险应对策略。监督项目风险，并及时采取措施以最小化风险对项目 的影响； 4.管理项目变更请求，评估变更对项目的影响，并制定变更实施计划。确保变更过程遵循适当的规定和流程； 5.确定WBS工作分解结构用于指导完成项目工作分解； 6.全日制本科及以上学历，3年及以上岗位相关工作经验，条件特别优秀者，可适当放宽，具有较好的沟通表达能力、组织协调能力与管理能力，身体健康，能够适应施工一线管理需求，具有团队合作精神和服务意识。 7.认同中国化学六化建企业文化，服从工作安排，有事业心和责任感。 8.完成分公司领导及项目经理交办的其它工作；。来自：,本科,3年及以上,建筑/建材/工程,2026-01-20,2026-03-20
3748,中外运物流有限公司,外运发展,多式联运和运输代理业,业务项目管理主管(J29229),宁波,4000.0,8000.0,工作职责: 1.负责运营项目日常运作，包含现场、账务、系统、客户联系等； 2.负责供应商及车队基础管理，包含资质、安全、信息台账等； 3.完成项目经理安排的工作事务及指标等。 任职资格: 1.全日制大学专科及以上学历； 2.身体健康，无酗酒、赌博等不良嗜好，积极主动、吃苦耐劳、脚踏实地、愿意从基层岗位做起； 3.一年以上物流现场作业经验，熟练掌握物流管理、供应链管理及相关业务知识，熟悉数据分析工具、office软件; 4.团队合作、沟通表达、学习能力、抗压能力和适应能力较强； 5.认同文化、愿意与公司共同发展，服从公司人才统筹规划安排。,大专,1年及以上,交通/运输/物流,2026-02-14,2026-04-14
3755,中外运物流有限公司,外运发展,多式联运和运输代理业,外运物流-华中区域-单证员,合肥,4000.0,6000.0,"一、任职资格 1、全日制大专及以上，专业不限，有物流相关工作经验优先。 2、文字能力：具备基础书面文字能力，可独立完成日常陈述性文书书写。 3、计算基础：可以熟练使用办公软件(包含 Word,Excel,PPT)。 4、沟通协调：善于多方沟通，能有效化解相关方分歧，快速，妥善处理运输途中的各类物流/单证异常问题。 5、性格特质：乐观积极，善于团队协作，与人相处融洽，乐于采纳合理意见和建议。 6、逻辑思维：具备清晰的工作逻辑，能快速梳理工作关键节点，做事有条不紊。 二、工作职责 1、及时准确处理运输项目涉及的发运数据、账单数据等。 2、快速处理运输项目涉及的异常问题及客户投诉。 3、及时跟客户、供应商完成对账。",大专,1年及以上,交通/运输/物流,2026-01-30,2026-03-30
3695,中国外运股份有限公司,中国外运,多式联运和运输代理业,高级客户经理,邯郸,7000.0,14000.0,岗位职责： 1.聚焦制造、电商、快消、工程及国际物流等核心行业，独立开拓高价值客户，定制仓储、运输配送及供应链优化一体化合同物流解决方案。 2.主导大中型项目全流程商务谈判，统筹投标分析、方案报价、合同拟定及利润与风险管控，推动项目签约落地。 3.深度维护战略客户关系，挖掘二次销售与增值业务机会。 4.跨部门协同运营、方案设计、财务等团队，保障客户需求精准落地。 任职要求： 1.3 年以上合同物流或供应链解决方案销售经验，有从 0 到 1 的客户及项目开发成功案例。 2.持有有效驾驶证，能接受商务出差，具备优秀商务接待与对外沟通形象素养。 3.在化工、汽车、医药、冷链等目标行业拥有成熟客户资源或人脉。 4.精通物流成本分析、方案制作、价格策略及商务谈判，兼具销售能力与运营思维。。 （更多数据，详见）,大专,5年及以上,客运服务,2026-02-28,2026-04-28
3740,中外运物流有限公司,外运发展,多式联运和运输代理业,外运物流-国际供应链-运价采购,上海,10000.0,20000.0,工作职责: 1. 根据公司规划，通过与船公司、船东等的合作拓展航线运力，努力保障公司运力需求的达成，并具有市场竞争和性价比优势； 2. 参与航线产品的设计、开发、渠道、定价、实施等，对公司现有重点航线（中东、北美、拉美、东南亚、环地中海）进行优化改进； 3. 落实运价询报价流程，负责所辖航线上相关运力供应商的关系维护和运价合约协商签定，降低运价采购成本，协调合约执行过程中船东端的各类事务； 4. 了解航线船公司挂港情况、优劣特点，与船公司及货代庄家保持良好的关系，做好海运市场行情定期收集及汇总； 5. 与销售同事及其他部门做好沟通，了解客户发运需求，做到报价快准全，处理好询价、订舱、突发问题处理等工作； 6. 负责协调各种内部、外部资源，解决关于运价、仓位等重大问题，为各个业务单位的运价采购提供必要指导，提高客户满意度； 7. 完成领导交办的其他工作。 任职资格: 1. 专科及以上学历，海运、物流等相关专业； 2. 熟悉海运航线采购与管理的工作流程，掌握航线资源，熟悉公司重点航线者优先； 3. 具备逻辑分析能力以及货代服务意识； 4. 熟悉常用办公软件，具备较强的沟通技巧，具有商务谈判能力、有一定的抗压能力； 5. 工作细致、严谨，有良好的职业道德与操守，具有很强的责任心和进取心； 6. 性格开朗，擅于与船公司或同行沟通交流。,大专,3年及以上,交通/运输/物流,2026-02-28,2026-04-28
4017,武汉舒适易佰科技有限公司,索菲亚,家具制造业,产品经理,武汉,10000.0,15000.0,岗位职责： 1、负责产品全生命周期管理，市场调研、用户需求分析，挖掘用户痛点与潜在需求，制定产品规划。 2、负责编制产品需求文档(PRD)、原型设计等工作，清晰传达产品需求至研发、UI、测试等团队，确保各环节对需求的理解一致。 3、协调研发、设计、测试、运营等多团队资源，推进产品开发进度，把控项目质量与上线时间，及时解决项目过程中的问题与风险。 4、跟踪产品上线后的用户反馈，持续优化产品功能与体验，提升产品竞争力与用户满意度。 5、关注行业动态、竞争对手产品策略与市场趋势，定期输出竞品分析报告，为产品迭代与战略调整提供数据支持和决策建议。 任职要求: 1、本科及以上学历，计算机、软件工程、通信、工业设计等相关专业，优秀者可放宽专业条件。 2、熟练掌握Axure原型设计工具，Visio、ProcessOn等流程图绘制工具，以及Word、Excel、PPT等办公软件，善于利用工具提升工作效率与产出质量。 3、较强的逻辑思维能力、问题解决能力和抗压能力，能应对产品开发过程中的各种挑战。 4、对数据敏感，能通过数据分析发现产品问题并提出优化方案。 5、对AI有一定的了解，能够熟练使用AI工具来辅助工作。来自：,本科,3年及以上,互联网/电子商务,2026-03-02,2026-05-02
4023,宁波览逸括维网络科技有限公司,浙江永强,家具制造业,亚马逊运营专员,宁波,8000.0,13000.0,"工作职责： 1、 管理店铺运作,及确保店铺的各项运作达到公司标准; 2、 执行公司各项政策，按计划有效的制定公司年/季/月度销售，组织领导下属完成长期和短期目标； 3、 规划，监督及控制营运费用和应收账款；根据公司下达的销售任务，制定全年的销售费用预算，做好销售成本和费用的控制； 4、 确保所负责的店铺得到有效的库存管理，监督店铺间的运转； 5、与设计、开发、测试、项目团队紧密配合，组织协调各方资源，推进达成产品目标； 任职要求： 1、1-3年亚马逊运营工作经验，户外家具行业经验优先； 2、有良好的数据分析能力和沟通表达能力； 3、工作认真，具有积极乐观的工作态度，能承受工作压力并富有成效地工作； 4、责任心强，有独当一面的能力；",本科,3年及以上,贸易/进出口,2026-01-04,2026-03-04
3965,梦百合家居科技股份有限公司,梦百合,家具制造业,网红营销(J11946),上海,8000.0,15000.0,工作职责: 1. 负责挖掘和搭建美国市场的KOL、KOC达人资源库，并与适配达人洽谈合作，并确保合作关系的顺利进行。 2. 针对不同平台达人特点，与达人共同制定创意和内容方案，全程把控内容质量，确保内容符合品牌调性，并为转化效果负责； 3. 监督网红营销活动的执行进度，包括但不限于合同签署、寄样、物流追踪、结算等工作； 4. 收集和分析营销活动的数据，包括曝光量、点击率、转化率、ROI等指标，提炼产出SOP并持续优化内容策略，提升推广效果； 5. 持续关注美国红人市场的发展动态和营销趋势，包括社会热点话题及趋势，及时调整和优化达人营销策略。 任职资格: 1. 本科及以上学历，良好的英语读写能力，可将英语作为工作语言。 2. 有1+年外贸公司或Agency/MCN相关工作经验者优先，了解欧美流行文化、有海外留学经历者优先。 3. 熟悉Instagram/Youtube/Pinterest/TikTok等海外主流社媒平台玩法，具备一定的内容创意和营销策划能力。 4. 具备较强执行力和数据分析能力，能够熟练运用数据分析工具，对营销活动效果进行评估和优化。 5. 对跨境电商行业或者海外市场营销有强烈的兴趣和热情，能够持续学习和不断提升自己的专业能力。,本科,1年及以上,电子技术/半导体/集成电路,2026-03-03,2026-05-03
4009,索菲亚家居股份有限公司,索菲亚,家具制造业,物流经理,广州,20000.0,30000.0,"岗位职责： 1、参与制定集团的物流整合方案，并推进物流整合方案的实施和异常问题的处理，及持续优化物流整合方案，提升物流运营质量和服务水平 2、选择适合集团公司业务发展需求的优质物流承运商，降低物流成本，提升物流运营质量 3、赋能经销商提升仓储管理水平和末端城配物流运营质量，降低运损 4、管理物流承运商的日常运作和异常处理,以及物流承运商的KPI考核 5、物流业务数据收集、整理以及分析，定期输出运营质量报告 6、完成部门交办的其他工作 任职要求： 1、本科及以上学历，物流、供应链管理或相关专业背景； 2、5-10年物流管理经验，具备丰富的运输及配送管理经验； 3、熟悉物流行业运作流程，了解相关法律法规； 4、年龄在16-35岁之间，有较强的责任心和团队合作精神。 5、具有较强的沟通协调能力，能够独立组织处理异常的沟通会议； 6、具有较强数据处理能力，对数据具有良好的敏锐度； 7、具有较强的抗压力，能接受长期出差； 8、具备项目规划、统筹经验。",本科,8年及以上,家具/家电/玩具/礼品,2026-03-03,2026-05-03
4584,华谊兄弟传媒股份有限公司,华谊兄弟,广播、电视、电影和录音制作业,影院店长（北京）,北京,10000.0,15000.0,工作职责： 1、统筹计划： - 负责影院年度经营指标的月度分解，并按月、季、半年进行追踪，确保经营指标的完成； - 定期向区域、影投总部汇报经营计划执行情况、盈亏情况、机构和人员调配情况及其他重大事宣。 2、业务管理与执行： - 落实影投总部以及区域的经营策略以及要求； - 关注经营成本、优化运营流程，不断提升观众观影体验； - 独立完成日常店面的值班以及管理工作。 3、团队管理： - 搭建影院经营团队，及团队成员的选、用、育、留； - 影院核心岗位的梯队建设、业务技能培训、管理培训以及发展。 4、日常管理：店内日常管理，以及监督、检直染团、影投各以营埋制度、规范在店内的落实、执行。 5、安全管理： - 制订各类安全预案，加强安全培训，培养员工安全意识； - 杜绝发生消防安全事故及重大安全事故，避免其他等级安全事故的发生 重要政府、媒体、合作方等的关系维护，提升华谊兄弟影院品牌知名度及影响力。 6、其他：领导安排的其他临时性任务。 任职要求： 1、大学专科（含）以上教育经历，管理类（酒店管理、工商管理）相关专业； 2、5年以上连锁服务行业从业经验，2年以上单店负责人的岗位经历，具有良好的管理经历及经营业绩； 3、熟练应用OFFICE及相关办公软件；具备基础财务管理知识； 4、具有丰富的团队管理能力，具备全局思维和市场洞察，成就导向，具备优秀的分析解决问题的能力，善于团队协作，具有高效的执行力； 5、具备良好的沟通表达能力；具备主动学习的能力；逻辑性强；性格开朗、主动热情、具备同理心：有责任心、吃苦耐劳；抗压性强。,大专,5年及以上,影视/媒体/艺术/文化传播,2026-02-06,2026-04-06
4587,浙江正蓝节能科技股份有限公司,东望时代,广播、电视、电影和录音制作业,暖通设计师（方案设计）,杭州,6000.0,9000.0,职责： 1、负责工程项目的招标文件梳理和对接事项； 2、负责投标文件准备及标书的制作； 3、负责设计方案落实及工程预算； 4、负责项目决算和移交工作； 5、完成上级安排的其他事项。 要求： 1、统招本科学历，熟练CAD，有2年及以上暖通，建筑设计经验； 2、较强的责任心，抗压能力，现场沟通协调能力优； 【福利】 1、五险：入职即享受齐全的社会保险，包括养老、医疗、失业、工伤、生育； 2、团队福利：全体一年2次集体出游，享受轻松快乐的出游活动； 3、活动福利：公司设有活动基金，定期组织各类公司团建及部门活动（旅游、聚餐、K歌、酒吧、拓展等等）； 4、奖励福利：设有各类岗位绩效奖励，优秀员工奖励，年终奖励等； 5、带薪假日：除国家法定的节假期外，还享受带薪婚假、丧假、哺乳假、产假等等； 6、生日福利：鲜花、购物卡，除了妈妈记住你的生日，更有行政***时刻惦记哟~ 7、其他福利太多，高温、三节豪放节日礼，让你惊呆！ 8、【最重要一项】超长18天带薪春节年休假！！！！ 【最重要一项】超长18天带薪春节年休假！！！！ 【最重要一项】超长18天带薪春节年休假！！！！,本科,2年及以上,建筑/建材/工程,2026-03-02,2026-05-02
4555,上海万达国际电影城有限公司,万达电影,广播、电视、电影和录音制作业,城市安维主管（驻店维修）,上海,5800.0,6300.0,【工作内容】 - 负责就近区域影城门店内各类设备的日常维护与故障排查； - 负责影城用电、水暖器材、照明等设施设备的安装、维护、维修工作，确保安全正常运行； - 负责影城空调设备的日常检修和保养，季节变化时控制系统的设置、调整，做好维修保养记录及设备故障记录； - 定期检查影城的所有设施、设备，及时处理各部门提出的维修的项目，对不能解决的故障应及时书面向管理组报告异常状况； - 按照标准流程进行设备检修及保养，确保设备正常运行； - 配合及监督承建商完成影城重大放映活动的装饰中工程部分； - 负责大型会议、首映式及演员见面会的相关工程部分工作，及小型电器的安装和改造工作等； - 负责记录水、电、空调计量表的读数，有效控制影城维修费用； - 定期整理维修记录，配合团队完成相关报表； - 执行政府部分制定的有关行业安全规定，执行各级安全制度，并防止安全事故； - 完成上级交办的其他事务。 【任职要求】 - 必须持有低压电工证，中专或职高以上学历、机电维修等相关专业； - 具备2年以上水电及空调维修等相关工作经验； - 工作认真负责，具备良好的沟通能力和服务意识； - 能适应驻店工作，有责任心和团队合作精神； - 掌握OFFICE及相关办公沟通软件基础应用，以完成工作对接,中技/中专,2年及以上,影视/媒体/艺术/文化传播,2026-01-09,2026-03-09
4564,广州金逸影视传媒股份有限公司,金逸影视,广播、电视、电影和录音制作业,影城兼职/实习（海珠-六元素店）,广州,3262.0,3262.0,一、薪酬： 1、100-150元/天 2、工资月结，每月15日发工资。 二、工作内容 1、兼职工作：卖品、票房、场务等轮岗工作； 2、实习岗位：市场、卖品、放映、现场管理等方向轮岗学习。 三、任职要求： 1、大专及以上在校生或应届毕业生优先； 2、良好的学习能力、沟通能力、抗压能力，积极的团队精神。 3、服务业经验者优先； 4、春节等节假日期间能提供工作时间者优先； 5、能接受轮班制出勤者优先. 四、福利： 1、实习福利：提供实习证明、优秀者优先转正或直升训练员/主管，全周期职业规划 ; 2、转正福利：轮班双休、节日福利、生日福利、福利观影、明星见面会。 五、工作地点： 1、广州六元素店：新港东路1088号六元素体验天地5楼,大专,经验不限,影视/媒体/艺术/文化传播,2026-01-30,2026-03-30
4141,珠海市东江环保科技有限公司,东江环保,废弃资源综合利用业,高级业务员（市场转型与新兴业务开拓方向）,珠海,12500.0,20833.0,一、岗位名称 高级业务员（市场转型与新兴业务开拓方向） 二、岗位核心目标 在公司传统危废业务面临行业洗牌、产能过剩的背景下，本岗位旨在通过开拓一般固废及新能源、半导体、生物医药等未来产业市场，为公司构建第二增长曲线，实现从“成本中心”向客户“战略合作伙伴”的转型，最终推动公司减亏扭亏、穿越周期，实现可持续增长。 三、关键职责 （一）新兴市场开拓与客户挖掘：深入新能源、光伏、半导体、生物医药等未来产业，每周有效挖掘并筛选不少于10家高质量潜在客户，完成客户尽调与需求分析，实现潜在客户转化率≥8%。 （二）解决方案设计与资源整合：基于客户产废特点与需求，整合公司技术、运营与资质资源，设计定制化处置与资源化方案，能独立完成500万元以上规模的商务方案，并具备跨部门协同能力。 （三）资源网络构建与生态合作：建立并维护政府、园区、产废企业、技术方等多方资源网络，直接对接资源方不少于15家，覆盖至少3个地级市，推动资源对接与业务重构。 （四）合规风控与回款管理：在业务全程中严格执行合规要求，设计合同中的风险隔离条款，具备优秀的回款管理能力，确保项目回款率持续保持在95%以上。 （五）数字化工具与数据分析：熟练使用CRM系统管理客户全生命周期，能通过产业互联网平台进行供需匹配与合规操作，并运用Excel等工具完成项目经济效益测算与数据分析。 四、必备条件（硬性条件） （一）5年以上环保/资源行业（危废优先）经验，其中至少2年面向B端大客户的业务开发经验。 （二）十人以上的团队管理经验，且自带一千万元以上业务量，予以优先考虑。 （三）具备独立开拓新区域或新行业市场的成功案例，个人年度业绩峰值不低于2000万元（合同额）或毛利润≥200万元。 （四）熟悉《国家危险废物名录》及地方管理规定，能熟练操作危废跨省转移流程，具备一般固废回收渠道与定价模型知识。 （五）拥有新能源、电子、医药等新兴行业的企业客户或园区资源积累。 （六）能提供过往业绩证明、转型案例详述及资源网络清单（可脱敏）。 五、期望具备的个性和特质（软性条件） （一）坚韧抗压：能在行业下行期持续寻找突破，对“被拒绝”有较强免疫力，具备逆境中完成基础指标的能力。 （二）产业洞察与学习能力：对新技术、新产业保持好奇心，能在一周内初步掌握一个新产业的产废逻辑与商业生态。 （三）高阶沟通与影响力：能与企业EHS、生产、技术、采购乃至决策层进行有效对话，将解决方案提升至战略层面。 （四）合规风控意识：视合规为生命线，在业务开拓中自觉坚守风险红线。 （五）结果导向与自我驱动：善于设定清晰目标并推动执行，享受开拓挑战，具备创业精神。 六、公司/团队/岗位亮点 （一）参与公司战略转型：直接参与公司从传统危废向新兴固废与循环经济业务转型的核心进程，具备高度的业务自***和战略影响力。 （二）资源整合平台：公司提供技术、资质、运营支持，可在此平台上***化发挥资源整合与生态构建能力。 （三）专业成长路径：针对转型人才设计“行业集训+实战开拓”的培养体系，支持从业务骨干成长为新兴业务负责人。 （四）行业前沿阵地：聚焦新能源、半导体、生物医药等国家战略性新兴产业，业务具备高成长性与社会价值。,本科,5年及以上,环保,2026-01-28,2026-03-28
4147,江苏威尔曼科技有限公司,华宏科技,废弃资源综合利用业,电路板维修工程师,上海,8000.0,12000.0,岗位职责： 1. 熟悉PCBA原理，能根据测试设备的不良提示，PCBA原理图，以及其他工具分析并确认PCBA的不良； 2. 对产线产生的不良品、后道反馈的不良品进行返工（维修）； 3. 对产线产生的不良PCBA的原因进行分析，并配合工程师进行改善； 4. 对不良品的数据进行收集、汇总分析，作为改善的依据； 5.对客户端产生的不良PCBA的原因进行分析，并完成RMA分析报告。 任职要求： 1. 大专及以上学历，电子信息、通信相关专业； 2. 3年以上电子行业返工维修经验，熟悉电子产品分析、返工工艺手法； 3. 熟悉电子分析、返工工具的使用，包括但不限于万用表、示波器、电烙铁、各类返工焊台、锡炉等； 4. 较强的数据统计和分析，良好的沟通能力及团队协作精神，能承受一定的工作压力。。 （更多数据，详见）,大专,3年及以上,机械/设备/重工,2026-01-15,2026-03-15
4091,重庆顺博铝合金股份有限公司,顺博合金,废弃资源综合利用业,现场管理员,襄阳,5000.0,7000.0,岗位职责： 1、负责安排调度小工、叉车有序进行物资、产成品指定区域装卸、 整理，码放工作； 2、依据生产配料卡发放计划，监督生产用料的合理性，与生产部、 技质部沟通，提出材料优先使用意见和建议； 3、对设定安全库存量的物料，低于安全量时提出库存预警，及时与 部门进行沟通，保证生产用料正常运转； 4、负责库房储存物料安全、机器设备安全的隐患排查，仓库设备、 设施申请维修、维护工作，发生设备安全事故填写“设备异常事故 报告”； 5、合理规划仓库储位，合理设计物料的存放区域，摆放位置与堆放 原则，提高仓库空间利用率； 6、负责原料库6S活动现场管理、实施、整理工作，对6S责任区域进 行自查、整改，并持续改进。定期对废旧物资堆放区域进行整理，保持清洁的状态； 岗位要求： 1、大专以上学历，专业不限，30-45岁，身体健康； 2、熟悉生产工艺，对行业状况比较了解，熟悉原材料特性和保管要点、存储、运输方法； 3、吃苦耐劳，积极进取，责任心强，适应能力强，做事条理化清晰； 4、具有较强的沟通能力与解决问题的能力； 5、有铝合金行业相关工作经历优先。。,大专,5年及以上,原材料和加工,2026-01-21,2026-03-21
4148,重庆顺博铝合金股份有限公司,顺博合金,废弃资源综合利用业,分选工（残疾人）,重庆,4000.0,7000.0,岗位职责： 1、服从检验员/组长日常工作安排，分选时按批次顺序进行分选， 2、确按作业标准书内容要求或检验员临时要求分类堆放归仓； 3、各种材料分选出的杂料再次加工分选、验收分类堆放到指定位置； 岗位要求： 1、持残疾证，肢体残疾优先； 2、吃苦耐劳，不怕脏， 接受现场工作环境； 3、具有一定沟通能力，服从团队工作安排。,学历不限,经验不限,原材料和加工,2026-02-24,2026-04-24
1201,圣晖系统集成集团股份有限公司,圣晖集成,建筑安装业,工程助理,苏州,5000.0,6000.0,1、 处理项目文件、登记、归档、打印等资料 2、 协助工程部所有图纸、技术文件分类、编号保持完整性 3、 服从工程主管的工作安排、会议安排 4、 负责各部门之间的往来及传达 5、 做好上级安排临时性工作 6、会做资料者优先 7、需可接受外派,本科,经验不限,建筑/建材/工程,2026-02-28,2026-04-28
1207,中国电子系统工程第二建设有限公司,深桑达A,建筑安装业,海外-工程安全总监/经理,广州,13000.0,16000.0,岗位职责 1.组织建立项目安全生产管理体系并制定保证体系运行的具体措施，负责项目安全生产管理机构或组织专职安全生产管理人员的工作开展； 2.组织制定并落实项目全员安全生产责任制度的具体措施，组织实施对项目的安全生产责任制落实情况的监督考核； 3.督促落实项目安全生产标准化建设工作； 4.督促落实项目安全生产规章制度和操作规程； 5.督促落实项目安全生产教育和培训计划； 6.督促项目安全生产投入的有效实施； 7.组织建立并落实安全风险分级管控和隐患排查治理双重预防工作机制； 8.督促、检查项目安全生产工作，及时消除生产安全事故隐患，提出安全生产建议和意见； 9.督促落实项目生产安全事故应急救援工作，组织实施项目应急救援演练； 10.及时、如实报告生产安全事故。 岗位要求 1.安全相关专业；有海外建筑项目，英语水平高的优先考虑； 2.5年以上EPC总承包项目安全管理经验；具有工业厂房、洁净工程、熟悉半导体、新能源、化工、大健康、数据中心等行业至少一类项目的电气施工流程，全过程项目安全管理经验者优先；有大型项目经验者优先考虑； 3.有较强的逻辑思维能力和分析解决问题能力，能够快速度反应和处理突发状况； 5.常驻项目，愿意服从公司项目地点调派；,本科,8年及以上,建筑/建材/工程,2026-02-02,2026-04-02
1151,武汉华康世纪洁净科技股份有限公司,华康洁净,建筑安装业,国际业务支持中心助理,武汉,6000.0,8000.0,【工作内容】 1.协助处理国际业务相关的日常事务，包括文件整理、数据录入及信息维护； 2. 支持跨时区沟通与协调，协助安排会议及跟进项目进度； 3. 协助准备各类业务报告及文档，确保信息准确无误； 4. 配合团队完成国际业务相关的行政支持工作。 【任职要求】 1、本科及以上学历，行政、文秘、财务或管理类相关专业优先，3年以上行政、部门助理或销售支持背景者尤佳。 2、熟练使用办公软件，能独立制作图表和台账，熟悉OA、钉钉等办公系统的操作流程 3、具备良好的数据统计和文书处理能力。 4、具备高效执行力、沟通协调能力、责任心与保密意识。,本科,2年及以上,建筑/建材/工程,2026-03-02,2026-05-02
1208,亚翔系统集成科技（苏州）股份有限公司,亚翔集成,建筑安装业,设计经理,苏州,25000.0,50000.0,岗位要求： 1、15年以上工程相关工作经验，有外资洁净厂房设计经验优先；优秀者可以降低工作年限要求。 2、熟悉机电系统设计，或者深耕机电系统中某一系统设计； 3、能熟练使用英语进行会议交流及简报。 4、可配合国外出差。 主要职责描述： 1、与业主沟通协调系统方案设计及简报以及类似相关工作。,本科,10年及以上,建筑/建材/工程,2026-02-25,2026-04-25
740,承达创建建设工程有限公司,江河集团,建筑装饰、装修和其他建筑业,装饰商务员（京津冀鲁区域）,北京,8000.0,13000.0,岗位职责： 1、进场后了解项目情况，把握经营重点，预判经营风险和二次经营策划。 2、对项目进行成本分析，做好两算对比，把控材料、人工等各项费用； 3、项目过程的商务控制、变更洽商的跟踪，监督项目收付款，做好商务资料的收存管理； 4、主导完成项目的结算工作，保证对分包和甲方结算的及时办理； 5、配合投标事宜。 任职资格： 1、统招大专及以上学历，工程管理、工程造价等相关专业； 2、5年以上大型精装修项目工作经验，大型装饰企业背景，熟悉商务工作流程，有丰富的实操经验； 3、CAD、广联达软件熟练，有扎实的专业基础，成长路线清晰，对市场化的项目开源节流工作有丰富的经验和方法； 4、熟悉各类装饰装修工艺工序，熟悉相关法律法规和合同管理，对定额和市场价格掌握熟悉； 6、项目驻场商务员 驻场-项目地点需接受分公司调动。 职位福利：年终奖金，五险一金、通讯补助、交通补助、节日福利、包住、餐补,大专,8年及以上,装饰装修,2026-02-14,2026-04-14
746,承达创建建设工程有限公司,江河集团,建筑装饰、装修和其他建筑业,仓管员,广州,5000.0,8000.0,岗位职责： 1、严格执行入库手续，物料或成品入库前验收时，要核实数量、规格、种类是否与货单一致； 2、入库的物料和成品应分类码放整齐，杜绝不安全因素，做好“三防”措施； 3、存货入库后应及时入账，准确登记； 4、严格按规定进行物料的收发手续流程。 任职要求： 1、有一定的仓管工作经验优先； 2、熟练办公软件操作； 3、统招大专及以上学历，专业不限； 4、能接受分公司项目调动。 职位福利：年终奖金，五险一金、通讯补助、交通补助、节日福利、包住、餐补,大专,3年及以上,装饰装修,2026-02-14,2026-04-14
690,苏州金螳螂建筑装饰股份有限公司,金螳螂,建筑装饰、装修和其他建筑业,销售经理/助理（广东）,广州,6000.0,12000.0,1、负责政府、央企和大型企业的关系开发、对接与维护； 2、开拓新市场，发展新客户，提升市场占有率； 3、负责辖区市场信息的收集及同行的信息分析； 4、负责建筑装饰工程信息收集、跟踪和洽谈； 5、维护客户关系以及客户间的长期战略合作。,大专,5年及以上,装饰装修,2026-02-27,2026-04-27
747,深圳市三鑫科技发展有限公司,海南发展,建筑装饰、装修和其他建筑业,财务专员,深圳,7000.0,10000.0,工作内容： 1. 员工的费用报销和费用控制，确保手续合规； 2. 负责项目成本核算； 3. 负责一家子公司财务核算； 4. 专项工作通报； 5. 完成领导交代的其他工作 任职要求： 1.本科及以上学历，财务、会计类等相关专业； 2.具有初级职称证书，善于工作总结； 3.学生干部、党员优先，有相关工作经验优先； 4.责任感强，有良好的职业操守，作风严谨。 公司为大小周工作制 工作时间为大小周，平时8：30-17：30，小周周六9：30-16：00。,本科,3年及以上,房地产开发,2026-01-28,2026-03-28
4534,广东宏大控股集团股份有限公司,广东宏大,开采专业及辅助性活动,电气设计岗,北京,20000.0,40000.0,负责弹上电气综合设计、单机硬件等,本科,3年及以上,矿产/采掘,2026-03-03,2026-05-03
4523,通源石油科技集团股份有限公司,通源石油,开采专业及辅助性活动,招标专员,西安,4000.0,6000.0,岗位职责 1、按招标文件要求，完成投标文件的编制、排版、校对、装订及密封，确保文件完整准确。? 2、跟踪行业招标信息，筛选匹配项目并登记，对接招标方 / 代理机构，处理投标相关咨询与资料补充。? 3、整理、更新公司资质、业绩等投标资料，维护资料档案库，协助优化投标文件模板。? 4、协调销售、技术等部门获取投标所需信息，参与投标评审，负责标书递交及开标配合，反馈结果。? 5、学习招投标相关法规与业务知识，总结投标经验，提升工作效率与投标竞争力。? 二、任职要求? 学历与专业：本科及以上学历，市场营销、工商管理、工程管理、石油化工相关专业优先；应届生或 1 年以内相关经验均可，愿意从基础岗位学习。? 专业基础：了解招投标基本流程，具备基础公文写作能力，应届生有相关课程学习或实习经历者优先。? 技能要求：熟练使用 Office 办公软件，擅长文档排版与校对，能快速整合资料，逻辑思维清晰。? 综合素质：责任心强、严谨细致，沟通协调与团队协作能力佳，抗压能力强，学***动。 搜索,本科,1年及以上,石油/化工/矿产/地质,2026-02-25,2026-04-25
4518,通源石油科技集团股份有限公司,通源石油,开采专业及辅助性活动,天然气电仪维修工程师,西安,15000.0,20000.0,岗位职责： 1.负责机电设备预防性维护保养，确保设备正常运行； 2.负责仪表和自动化系统的可靠、高效运行； 3.负责DCS/PLC控制系统故障诊断与维修； 4.对现场设备操作人员进行安全操作培训。 任职要求： 1. 电气、自动化、仪表、机电等相关专业； 2. 熟悉增压站供配电系统：高低压配电柜、变压器、电机、电缆、UPS、防雷接地等； 3. 掌握自动化与仪表：PLC、DCS、变频器、压力/温度/流量/液位仪表、调节阀、可燃气体报警系统； 4. 能看懂电气原理图、接线图、仪表回路图、P&amp;ID，独立完成接线、校验、调试、故障处理。 5. 熟悉现场防爆、防雷、接地、安全联锁要求，遵守电仪作业安全规范； 6. 具备应急处置能力，能快速处理停电、仪表失灵、联锁跳车等异常； 7. 有天然气站场、油气田、化工等防爆现场工作经验者优先； 8.具有海外工作经验优先。,本科,3年及以上,石油/化工/矿产/地质,2026-02-25,2026-04-25
4535,广东宏大控股集团股份有限公司,广东宏大,开采专业及辅助性活动,弹上软件设计岗（宏大防务）,北京,20000.0,40000.0,1、从事windows平台、Linux平台，嵌入式Linux平台上QT软件的设计、开发、调试、维护等相关工作; 2、解决工作中的关键问题和技术难题; 职位描述 3、编写并维护相关设计文档; 4、协助质量管理人员保证软件开发质量; 百度搜索,本科,3年及以上,矿产/采掘,2026-03-03,2026-05-03
142,新大正物业集团股份有限公司,新大正,房地产业,绿化工-海口,海口,4000.0,5000.0,绿化工 要求：年龄55岁以下、负责室外道路清洁、打草、施肥苗木修剪等，会使用绿篱机、打草机、高枝剪等绿化工具；责任心强； 待遇：月薪4000 福利：月休4天，保险，法定节假日有补贴和礼品，生日福利、子女助学基金,学历不限,3年及以上,物业管理,2026-01-14,2026-03-14
64,广州保利商业物业发展有限公司,保利发展,房地产业,物业主任（区管）,广州,6000.0,7000.0,岗位职责： 1. 客户服务与关系维护 ? 负责所辖区域客户日常接待、咨询、报事报修，提供“一站式”服务；定期巡访客户，收集需求与意见，维护良好关系。 ? 协调处理客户投诉、突发事件，跟进解决并做好记录；负责客户入驻、退租、装修等手续办理及全程服务。 2. 运营与流程管理 ? 组织租户前期验收接管，跟进遗留工程；协助办理收楼、二次装修申请及监管。 ? 监督协调工程、安防等部门服务，代表客户需求优化服务；巡查楼宇环境（清洁、绿化、设备等），发现问题及时报修验收。 3. 费用与数据管理 ? 每月提供客户有偿服务/公用事业费明细，打印核对账单并分发；配合财务完成付款通知、发票签收归档，负责租金、管理费、增值服务费的催缴。 ? 管理客户档案、合同等资料，协助统计服务/经营数据、制作报表。 4. 综合支持 ? 传达各类通知、问卷，协助处理客户回访；推广增值服务，挖掘客户潜在需求并对接，完成上级交办的其他工作。 任职要求： 1. 学历与专业：大专及以上学历，物业管理、酒店管理、行政管理、房地产等相关专业优先。 2. 经验能力：1-2年以上写字楼/物业客服、运营经验，有大型写字楼管理经验者优先；熟悉写字楼服务流程，具备较强沟通协调、问题解决能力。优秀可放宽至应届毕业生。 3. 个人特质：服务意识强，性格外向善交际，形象良好（身高/亲和力佳），熟练使用Office等办公软件。 4. 优先条件：有大客户接待/vip服务工作经验、写字楼管家经验者优先；特别优秀者可适当放宽条件。 5. 职业素养 具备较强的服务意识与敬业精神。事事有回应，件件有着落。 能够适应快节奏的工作环境，并能接受因工作需要的合理加班与出差安排。,大专,3年及以上,物业管理,2026-02-09,2026-04-09
132,东北证券股份有限公司,顺发恒业,房地产业,助理财富顾问(J13712)-威海,威海,4000.0,5000.0,工作职责: 1.负责开发、服务和维护客户，挖掘潜在业务。 2.汇总分析客户需求，协助财富顾问制定客户服务策略。 3.通过现场和非现场形式对客户进行辅助性的理财服务及日常答疑。 4.为客户分发和安装客户服务产品并讲解产品功能。 5.完成本岗位的业绩指标，落实财富顾问安排的各项工作任务及公司交办的其他任务。 任职资格: 1.本科及以上学历，金融、经济等相关专业优先。 2.1年以上证券行业从业年限，1年以上相关工作经验。 3.具备证券从业资格、基金从业资格，已通过证券投资顾问业务考试（或证券投资分析考试）。 4.身体健康、正直诚信，认同公司企业文化和经营理念，熟悉各类交易品种，具有开拓精神，无任何违法违规不良记录，与公司员工不存在回避关系。,本科,1年及以上,金融/投资/证券,2026-03-03,2026-05-03
86,保利商旅产业发展有限公司,保利发展,房地产业,人力行政主管-上海静安大宁项目,上海,9000.0,10000.0,岗位职责: 1.统筹管理公司人事、行政相关工作，确保各项事务高效运行； 2.负责组织和实施公司策略，确保各项目标和计划的顺利完成； 3.执行人力各模块工作，包括员工招聘、培训、考核以及薪酬等； 4.负责行政后勤工作，如采购、档案、印章、行政接待等工作； 5.推进公司文化建设，提升团队凝聚力和工作效率。 任职要求： 1.具备优秀的组织协调能力和高效的执行能力； 2.能够熟练使用办公软件，处理日常行政事务； 3.具有良好的团队合作精神和沟通能力； 4.能够处理突发事件，确保公司运营顺畅； 5.对人力资源管理有深刻理解，能够合理规划和使用人力资源。,本科,3年及以上,酒店/旅游,2026-02-24,2026-04-24
2871,成都壹为新能源汽车有限公司,高新发展,房屋建筑业,品牌助理,成都,6000.0,8000.0,岗位职责： 1，负责公司文案编写、编辑发布； 2，负责公司抖音、视频号文案编写，协调拍摄、剪辑； 3，负责协助活动宣传策划及筹备； 4，负责公司微信、微博、抖音、网站等网络公众帐号的维护运营 5，负责公司产品宣传等平面设计相关工作 6、负责公司品牌宣传等相关工作 岗位要求： 1，本科及以上学历，广告学、市场营销、新闻学、传播、汉语言文学相关专业优先 2，能熟练运用WORD、PPT、EXCEL等办公软件，熟练使用图片及视频处理工具； 3，熟练运用排版编辑器； 4，较强的市场敏感度和用户感知，能够精准捕捉亮点，擅长营销性文案撰写; 5，发散型创意思维，善于独立思考，洞察力强，善于思考，并具备良好的企业形象意识; 6，较强的沟通协调能力,本科,3年及以上,汽车,2026-01-29,2026-03-29
2876,成都倍特药业股份有限公司,高新发展,房屋建筑业,三终端销售经理,南昌,6000.0,10000.0,岗位职责： 1、负责辖区内三终端销售及市场管理； 2、组织贯彻执行辖区内第三终端各阶段的市场营销策略方案； 3、根据公司下达的工作任务，组织制定年度整体计划，并对包括第三终端产品销量、回款额、地区销售、渠道销售、重点产品销售、新产品推广、财务指标、市场建设、队伍建设等各项指标负责； 4、充分利用资源，对第三终端客户的开拓与维护工作； 5、日常突发性事件处理及完成上级领导交办的其他工作。 任职资格： 1、大专以上学历，33-40岁（条件优秀者可以适当放宽）； 2、具有5年以上的大型药企三终端销售，良好的代理商客户资源； 3、具备较强的计划组织、策划、实施能力，沟通能力和洞察力、决断力； 4、熟悉医药行业政策法规，明晰行业动态、发展趋势； 5、具有敏锐的市场意识、应变能力、领导能力和独立开拓市场的能力，学习能 力强，逻辑性强和良好的语言表达能力； 6、具有强烈的进取心，有工作激情，乐观豁达，富有开拓精神，能吃苦耐劳深入市场一线。。 （ ）,大专,5年及以上,制药/生物工程,2026-01-21,2026-03-21
2917,成都倍特药业股份有限公司,高新发展,房屋建筑业,KA销售经理,杭州,11000.0,13000.0,岗位职责： 1、负责区域内省级龙头和全国连锁的全面开发、上量与长期维护，建立并深化与区域连锁分部的战略合作关系。 2、统筹产品导入、陈列优化、店员培训、动销活动等全案服务，提升产品在连锁渠道的覆盖率和市场占有率。 3、负责需要地推的独家重点产品在区域内省级合作推广商的招募、筛选与签约，构建高质量的合作推广商网络。 4、对合作推广商进行持续的培训赋能、市场督导与业绩管理，推动合作推广商团队专业化发展，实现区域市场深耕。 5、协同连锁药店和合作推广商，与市场团队一起，推进门店与患者的统一管理，协助建立患者管理体系，落地慢病管理服务流程。 6、协同市场推广团队，利用数字化工具提升患者教育、用药依从性及复购转化，打造可复制的标杆案例。 任职资格： 1、大专及以上学历，医药学、市场营销、工商管理等相关专业优先。 2、 5年以上医药零售渠道销售经验，其中3年以上区域销售管理经验，熟悉江浙沪皖连锁药店市场格局。 3、有代理商招募与管理经验，具备成功推动连锁开发及上量案例。 4、有慢病产品推广或私域运营经验者优先。 5、精通连锁药店开发、谈判、维护全流程，熟悉连锁采购、营运决策逻辑。 6、了解私域运营基本逻辑，具备培训能力，组织、业务辅导等能力。 7、 能适应频繁出差。。来自,大专,5年及以上,制药/生物工程,2026-03-04,2026-05-04
2902,成都倍特药业股份有限公司,高新发展,房屋建筑业,地区销售经理,湛江,5000.0,10000.0,岗位职责： 1、完成业务指标 完成负责区域内的招商目标； 执行公司产品招商策略，实现区域销售增长； 2、市场开发与维护 负责区域内代理商的开发、签约、培训及日常管理； 维护现有代理商关系，提升合作黏性与业绩贡献； 收集市场信息，反馈竞品动态、客户需求及政策变化； 3、业务落地支持 协助代理商完成产品进院、上量、回款等； 组织区域推广活动； 协调公司内部资源支持代理商业务； 4、合规与日常管理 确保业务操作符合公司合规要求及财务流程； 定期提交工作报告、客户档案及市场分析； 任职要求： 一、硬性条件 1. 学历经验：大专及以上学历，3年以上医药招商或销售经验，有成功案例者优先； 2. 地域熟悉度：熟悉目标区域（省份/地市）的医药市场与渠道，能长期高频出差； 3. 工具技能：熟练使用Office及CRM系统，具备基础数据分析能力。 二、核心能力 1. 市场开拓力：能独立开发、谈判与管理代理商客户，完成招商目标； 2. 行业理解力：了解医药行业政策、招投标流程及药品流通关键环节； 3. 合规执行力：严格遵守法规与公司合规要求，规范开展业务。 三、个人特质 1. 目标导向：自驱力强，能承受业绩压力； 2. 沟通协调：善于维护多方关系，解决业务问题。,大专,5年及以上,医药制造,2026-02-28,2026-04-28
756,合富（中国）医疗科技股份有限公司,合富中国,批发业,医药销售专员,上海,10000.0,15000.0,工作职责 1. 掌握客户库存及使用量 2. 负责准确下订单 3. 协同采购物流交货，签回出库单与发票回执 4. 如期如数收回货款 5. 促进关键客户关系 6. 引进试剂及耗材新项目入院，提升现有项目利润 7. 保护现有市场不被掠夺，并能成功续约 8. 新建和维护辖区内医院院长、院办、医院管理者及KOL专家的关系，开发检验及耗材新业务，并完成赋能业务，包括远程手术在线指导的医疗、教学及科研音视频集成系统平台（产品名称：迈塔威），医院运营决策支持系统（产品名称：指北塔），及AI临床诊疗辅助系统CDSS等。 任职资格 1、全日制本科学历，医学、药学、临床相关专业为佳。 2、2年以上销售经验，具有陌生拜访和客户开发的能力，若有当地医疗资源优先考虑。 3、具备优秀的沟通、表达能力和社交技巧，能够适应快节奏的工作环境。 4、性格开朗，愿意接受挑战，具有较强的抗压能力和抗挫折能力。 5、能够适应出差，有意愿在医疗销售领域长期发展。。详见官网：,本科,2年及以上,医疗设备/器械,2026-02-05,2026-04-05
787,四川九州通医药有限公司,九州通,批发业,总经理秘书（兼专职司机）,成都,6000.0,7000.0,工作内容： 1.02驾驶服务：担任总经理专职司机，负责日常通勤、商务出行、异地差旅等驾驶任务，确保行车安全、准时、平稳；定期对车辆进行清洁、保养与基础检查，保障车辆良好运行状态。 2.02行政秘书：协助总经理处理日常公文、会议纪要撰写与归档；统筹安排总经理日程，包括会议预约、行程规划、接待协调等事务；对接内外部相关部门，传递信息、跟进事项进展，确保沟通高效顺畅。 3.02事务协助：协助处理总经理交办的各类临时事务，包括商务接待陪同、物资采购、文件传递等，做到反应迅速、执行到位。 任职要求： 1.02年龄要求：年龄22-35周岁，身体健康，无不良嗜好。 2.02形象气质：五官端正、着装得体、举止大方，综合形象良好，具备商务礼仪意识。 3.02驾驶技能：持有C1及以上驾照，驾龄3年以上，驾驶技术娴熟；无重大交通事故记录，熟悉城市路况及异地出行规划，具备应急处理能力。 4.02综合素质：头脑灵活、反应敏捷，善于沟通协调，能快速领会领导意图；工作严谨细致、责任心强，严格遵守保密制度；具备基础公文写作能力，熟练使用办公软件。 5.02优先条件：退役军人优先考虑；有商务司机、行政秘书相关工作经验者优先；具备良好的服务意识与团队协作精神，能适应弹性工作安排。 薪资待遇： 1.02薪酬待遇：根据经验与能力面议。 2.02福利保障：包吃住，缴纳五险，周末双休。 3.02发展空间：近距离接触管理层，参与核心事务，获得快速成长机会；公司提供完善的培训体系与职业晋升通道。 4.工作时间：夏季：8：30-12：00，13：30-17：30；夏季8：00-12：00，14：00-18：00,大专,3年及以上,医疗设备/器械,2026-02-04,2026-04-04
762,北京嘉事德康医疗器械经营有限公司,嘉事堂,批发业,医院助理,北京,4000.0,6000.0,岗位职责： 1、收集、汇总医院各科室耗材需求计划，并报给公司采购员进行采购和供货； 2、指导仓管员进行产品验收、入库、出库和配送管理； 3、了解医院临床科室对产品供应的需求及所供产品使用质量的反馈意见； 4、负责与医院各科室之间的关系维护和工作协调； 5、定期与医院对账，并进行应收账款催收； 6、领导交给的其他工作内容； 任职资格/要求： 1、大专及以上学历； 2、熟练使用office等办公软件； 3、有较强的沟通表达能力、抗压能力，踏实、团队意识强。 职位福利：五险一金、交通补助、餐补、带薪年假、定期体检、周末双休,大专,3年及以上,零售/批发,2026-01-14,2026-03-14
752,湛江通用万邦医药有限公司,中国医药,批发业,OTC医药代表,湛江,4000.0,8000.0,岗位职责： 在辖区内终端药房进行药师帮APP产品的推广，完成推广任务，不断提高产品覆盖率。开拓客户，维护已有客情维护。 任职资格： 无学历要求，有美团、饿了么、美菜等互联网项目地推经验，OTC企业从业经验，医药、营销类相关专业者优先。,高中,经验不限,制药/生物工程,2026-01-29,2026-03-29
4508,北京市朝阳区凯文学校,凯文教育,教育,日本项目主任,北京,20000.0,25000.0,工作职责 一、课程与教学协调 ? 根据日本高校及日本课程项目（如日本大学本科直申、日本语言学校+升学路径、日本国际课程等）的入学要求，规划并持续优化课程体系（包括日语能力课程、日本文化与学术素养课程、升学指导课程等）。 ? 统筹日语课程设置，明确各阶段（日语初级—中高级—升学日语）的学习目标与评估标准，确保与日本升学要求高度匹配。 ? 监督日本课程及日语教学质量，确保教学进度、难度与学生升学节奏相协调。 ? 为日语教师及相关学科教师提供升学导向的教学指导，推动教学与升学目标的一致性。 ? 根据学校安排，承担日语授课以及日本升学规划等。 二、项目运营与外部协作 ? 负责日本课程项目的整体运营与管理，包括项目制度、教学流程、学生管理及风险控制。 ? 定期分析学生日语水平、学业表现及升学准备情况，为项目优化与决策提供数据支持。 ? 与校领导共同制定日本项目的中长期发展规划及年度实施计划。 ? 协调校内日语教师、学科教师及行政人员的工作安排，并参与新教师的项目培训与融入。 ? 维护和更新与日本项目相关的教学与学生管理系统（如学习平台、日语能力评估体系、学生档案等）。 ? 对接日本高校、语言学校及合作机构，协调招生信息、课程衔接与升学事务，确保信息准确与流程顺畅。 ? 监督合作机构提供的服务内容与质量，确保符合学校项目标准及学生发展需求。 三、学生支持与家校沟通 ? 持续关注学生日语能力提升、学业进展及升学准备情况，建立学业与升学预警机制。 ? 定期组织日本升学说明会、家长会及一对一升学咨询。 ? 指导并协助学生完成日本留学相关规划，包括日语学习路径、院校选择及升学过渡准备。 ? 作为学校与家庭之间的重要沟通桥梁，定期向家长反馈项目进展与学生学习情况。 ? 协助合作机构开展与日本升学相关的学生活动与指导，确保校内外支持体系统一、有效。 任职资格 ? 本科及以上学历，日语、教育、国际关系或相关专业优先。 ? 具备扎实的日语能力，能够进行日语教学（具备日语等级证书者优先，如N1）。 ? 熟悉日本教育体系及主流升学路径（如日本大学本科直申、语言学校升学模式等）。 ? 具有日本留学或工作经历者优先。 ? 具有学校国际课程项目或日本留学项目管理经验者优先。 ? 具备良好的中日沟通能力，能够进行日语教学及专业交流。 ? 具备良好的项目管理能力、跨部门协作能力及外部合作协调能力。 ? 具备数据分析意识，能够基于学生表现推动项目持续改进。,本科,经验不限,培训/辅导服务,2026-01-22,2026-03-22
4497,上海南洋昂立教育培训有限公司,昂立教育,教育,高中理科教师管培生（双休+可落户+五险一金）,上海,15000.0,25000.0,实习可盖实习证明 【工作时间】：做五休二 【工作地点】：网红餐食聚集地 徐汇市中心 【成长路径】：实习教师管培生-初级全职教师-中级教师-高级教师-教研、教学管理类岗位 你要做的： 1、提供高质量的教学； 2、监督学生的学习进展，提供专业的学术指导和支持，帮助他们克服学习障碍和提高学习成绩，激发学生的学习兴趣和参与度； 3、与学生家长和其他老师合作，共同关注学生的学习与成长； 希望你是： 1、本科或以上学历； 2、有初高中公立学校或培训机构工作经验者优先； 3、性格开朗、会讲故事，有感染力，普通话标准； 4、热爱教学工作，真心为同学成绩提高而开心。,本科,经验不限,教育/培训/院校,2026-01-16,2026-03-16
4493,长沙开元仪器有限公司,*ST 开元,教育,体系专员,长沙,5000.0,7000.0,1、理工科类大专及以上学历，1年以上相关相关工作经验； 2、具备专职从事体系维护、审核、文件编写的经验； 3、熟悉ISO9001/14001/45001等管理体系标准，熟悉内审流程； 4、工作细心，具有较强的保密意识及文字归纳能力，有内审员证优先。,大专,1年及以上,仪器仪表/工业自动化,2026-03-06,2026-05-06
4503,北京文华学信教育投资有限公司,凯文教育,教育,朝阳凯文餐厅 服务员,北京,3000.0,4000.0,岗位职责： 1. 负责餐厅日常接待服务工作，包括引导客人入座、点餐、上菜等 2. 确保餐厅环境卫生整洁，保持餐桌、餐具的清洁 3. 协助厨房完成菜品传递和补充工作 4. 处理客人投诉和特殊需求，提供优质服务体验 5. 配合团队完成其他日常运营工作 岗位要求： 1. 具备良好的服务意识和沟通能力 2. 身体健康，能适应站立工作环境 3. 有餐饮服务经验者优先 4. 工作认真负责，有团队合作精神 来自,学历不限,3年及以上,培训/辅导服务,2026-02-03,2026-04-03
4623,宋城演艺发展股份有限公司,宋城演艺,文化艺术业,AI技术总监,杭州,60000.0,90000.0,岗位职责： 1.制定并落实公司AI技术战略与顶层设计，负责AI在公司文旅产业场景的落地应用和目标转型。 2负责AI系统架构设计，搭建AI数据中台、交互中心及矩阵，实现AI中央厨房式管理。 3.管理AI技术团队，建立高效研发流程与规范，保障高质量交付。 4.与公司各业务部门深度协作，挖掘AI赋能场景，驱动AI技术与公司产业深度融合。 5.完成公司领导交办的其他工作。 任职要求： 1.计算机相关专业本科及以上学历，8年以上开发经验，5年以上AI技术团队管理经验。 2.有构建RAG系统、微调模型、Prompt工程、Agent流程设计等大模型应用开发经验。 3.对文旅产业数智能化有一定理解，能将技术转化为业务价值。 4.对AI前沿技术敏锐，学习能力强；具有优秀的领导力与沟通能力。,本科,8年及以上,酒店/旅游,2026-03-02,2026-05-02
4619,宋城演艺发展股份有限公司,宋城演艺,文化艺术业,行政部负责人,青岛,7000.0,12000.0,岗位职责： 1、负责公司各类会议组织，对内、对外文件和材料的撰写，各类政策和奖项申报。 2、做好各类贵宾来访、工作检查等接待工作。 3、行政管理日常工作，包括但不限于办公物品、设备、档案、印章等管理工作。 4、做好景区全年策划活动方案的撰写及落地执行工作。 5、完成领导交办的其他工作。 任职要求： 1、全日制本科及以上学历、5年以上相关工作经验，英语或汉语言文学等相关文字类专业为佳。 2、擅长各种类型的文章写作，具备较好的文笔能力。 3、性格开朗、善于人际交往，沟通理解力强，有较好的应变和抗压能力。 4、擅长英语沟通交流的优先考虑。,本科,5年及以上,酒店/旅游,2026-02-27,2026-04-27
4610,宋城演艺发展股份有限公司,宋城演艺,文化艺术业,AI技术总监,杭州,66667.0,125000.0,岗位职责： 1.制定并落实公司AI技术战略与顶层设计，负责AI在公司文旅产业场景的落地应用和目标转型。 2负责AI系统架构设计，搭建AI数据中台、交互中心及矩阵，实现AI中央厨房式管理。 3.管理AI技术团队，建立高效研发流程与规范，保障高质量交付。 4.与公司各业务部门深度协作，挖掘AI赋能场景，驱动AI技术与公司产业深度融合。 5.完成公司领导交办的其他工作。 任职要求： 1.计算机相关专业本科及以上学历，8年以上开发经验，5年以上AI技术团队管理经验。 2.有构建RAG系统、微调模型、Prompt工程、Agent流程设计等大模型应用开发经验。 3.对文旅产业数智能化有一定理解，能将技术转化为业务价值。 4.对AI前沿技术敏锐，学习能力强；具有优秀的领导力与沟通能力。,本科,8年及以上,酒店/旅游,2026-02-28,2026-04-28
4635,桂林漓江千古情演艺发展有限公司,宋城演艺,文化艺术业,机械/灯光/播控实习生,桂林,3262.0,4350.0,岗位职责： 1、做好每场演出前灯光/音响/机械设备的检查及演出前的准备工作； 2、做好日常灯光/音响/机械设备的维护工作，确保演出设备的正常运行； 3、做好所有演出点灯光/音响/机械设备的日常检修工作，发现问题及时修复，确保演出的正常； 4、配合演出点做好灯光/音响/机械设备的安装、调试工作； 5、做好剧院及景区外接活动灯光/音响/机械设备操作需求的前期对接以及现场操作时突发问题的应急处理。 任职要求： 1、2026年灯光/机械/电气/自动化等相关专业应届毕业生； 2、有良好的团队合作精神和较强的责任心。,大专,经验不限,旅游服务,2026-02-25,2026-04-25
4314,深圳齐心集团股份有限公司,齐心集团,文教、工美、体育和娱乐用品制造业,2026春季校招校园大使（吉林线）,长春,10875.0,10875.0,【工作内容】 - 负责在校园内宣传公司招聘信息，组织并参与各类招聘活动； - 搭建与在校学生的沟通桥梁，收集并反馈学生对招聘流程的建议； - 协助完成校园宣讲会、面试安排等事务性工作； - 参与策划和执行校园招聘相关推广活动，提升企业品牌影响力。 1、入校路线指引 2、校招物资接收 3、线上线下宣传 ①转发校招推文至大四毕业生群，微信群或者QQ群； ②在学校宣传齐心集团招聘信息； ③工作验收：照片、截图发至校园大使群 4、收集简历并推荐 【任职要求】 - 26/27届在校生，专业不限； - 具备良好的沟通能力和团队协作精神； - 热爱校园工作，有学生干部、就业办助理或社团经历者优先； - 工作积极主动，责任心强，能适应一定强度的校园活动安排。 校园大使福利： 面试直通卡：免简历初筛，直通HR面试环节； 校园大使入职礼包：一份特别的欢迎礼物，让你的大使之旅更加精彩； 内推奖励：推荐的学生收到offer，将获得200元/人的内推奖励； 实习机会：表现优异者将有机会获得齐心校招实习offer。,本科,经验不限,办公用品及设备,2026-02-04,2026-04-04
4319,深圳齐心集团股份有限公司,齐心集团,文教、工美、体育和娱乐用品制造业,成本主管,深圳,10000.0,11000.0,工作职责 1、 负责制造中心成本核算、存货管理、报表出具，通过日常监督管控、月末核算与报表分析，为制造中心生产管理提供分析决策信息，促进增产节约，增收节支，提高企业的经济效益。 2、根据历史产品成本分析与事业部损益状况，负责自制产品成本定价数据提供及年度调价。熟悉产品报价优先。 3、编制年度制造生产财务预算，跟进与优化制造中心滚动预测，配合建立控制、警示系统，逐步从事后控制转向事中、事前控制，及时、有效与相关部门反馈、沟通、改善。 4、协助制造中心成本管理，每月提供成本分析报告，参与经营检讨改善。 5、协助制定更新及完善管理制度，管理细则及操作指引，对制度流程的执行情况进行管理与监控。 要求： 1、财务管理或会计专业，全日制本科及其以上学历 2、有三年以上生产制造业成本核算管理经验，对审计、财务管理、税务等有一定理解 3、熟练掌握财务管理软件和办公软件，熟悉SAP及用友ERP系统 4、能熟练做成本分析报告PPT；有良好的协调、良好的表达能力和团队合作精神 5、为人正直，热爱财务岗位工作，善于学习，具有强烈责任感、保密意识及职业素养 福利待遇：双休，五天八小时制，可提供住宿，带薪年假，节假日福利,本科,3年及以上,办公用品及设备,2026-03-03,2026-05-03
4360,广州奥飞硅谷文化发展有限公司,奥飞娱乐,文教、工美、体育和娱乐用品制造业,AI动漫制作师,广州,6000.0,8000.0,负责 AI 动态漫制作中文本转视频、图片转视频全流程执行，包括根据剧本 / 分镜脚本，运用 AI 工具完成角色动态生成、场景动态化、镜头衔接等核心环节；? 优化 AI 生成参数与提示词，解决生成过程中的画面一致性、动态流畅度等问题，确保视觉效果符合项目风格要求；? 配合后期团队完成素材筛选、剪辑合成、特效优化，参与成片质量审核与迭代；? 跟踪 AI 视频生成技术趋势，探索新工具、新 workflow 在项目中的应用，提升制作效率与作品质感；? 参与广州本地行业交流活动，对接本地院校及企业资源，助力公司产教融合业务在大湾区的落地。? 任职要求?： 学历与专业：大专及以上学历，数字媒体、动画设计、影视制作、视觉传达等相关专业优先；广州本地高校（如广州美术学院、华南理工大学、广东工业大学等）相关专业应届生或往届生优先考虑，非相关专业需具备对应工作经验或作品；? 工具技能：熟练掌握至少 2 款主流 AI 生成工具（如 Runway Gen2、可灵、VIDU、即梦、Stable Diffusion 等），精通文生视频、图生视频操作逻辑，能独立搭建高效创作流程；了解剪映 CapCut 等广州本地热门工具应用者优先；? 基础能力：具备一定的美术基础（理解构图、色彩、光影）和动画原理认知，能通过 PS/SAI 等软件对 AI 生成素材进行二次修改优化者优先；? 业务认知：熟悉漫剧 / 短剧的分镜语言、叙事逻辑，能将文本 / 图片内容转化为符合抖音、快手等平台竖屏节奏的动态视频片段；? 作品要求：需提供个人 AI 动态视频相关作品集（含文生视频、图生视频案例），能体现画面把控力、动态流畅度和风格统一性；? 软实力：学习能力强，能快速适配 AI 工具更新迭代；沟通协作顺畅，可与编剧、策划团队高效配合；抗压性强，能适应项目快节奏交付需求；居住在广州或愿意全职驻穗工作，熟悉广州交通及办公环境者优先。?,大专,3年及以上,房地产,2026-01-08,2026-03-08
4345,九木杂物社企业管理有限公司,晨光股份,文教、工美、体育和娱乐用品制造业,导购（华润时代）,上海,4000.0,6000.0,薪资福利： 底薪+全勤+提成 8小时工作制、周休2天 节假日加班费、带薪年假 按照国家规定缴纳社会保险 完善的培训及晋级体制： 店员-高级导购-店助-店长-大店长-其他更高岗位 岗位职责： 1、接待顾客的咨询，了解顾客的需求并达成销售； 2、负责做好货品销售记录、盘点、账目核对等工作，按规定完成各项销售统计工作； 3、完成商品的来货验收、上架陈列摆放、补货、退货、防损等日常营业工作； 4、做好所负责区域的卫生清洁工作； 5、完成上级领导交办的其他任务。 任职资格： 1、有相关工作经验者优先； 2、具有较强的沟通能力及服务意识，吃苦耐劳； 3、年龄18-35岁，身体健康,学历不限,1年及以上,批发/零售,2026-02-25,2026-04-25
3421,中南博集天卷文化传媒有限公司,中南传媒,新闻和出版业,营销总监,北京,20000.0,40000.0,岗位职责 1. 制定公司整体市场营销规划，结合出版行业特性，联动编辑、发行等部门，落地图书产品、品牌IP的全渠道营销方案，对市场增长、品牌声量核心指标负责； 2. 配合线上线下营销渠道建设与优化，涵盖电商平台、线下书店、新媒体矩阵、跨界合作、线下活动等，提升渠道转化效率与合作深度； 3. 打造专业市场营销团队，搭建人才培养与激励体系，统筹团队日常管理、工作分配与绩效评估，推动团队高效协作； 4. 跟踪出版行业市场趋势、竞品动态与用户需求变化，优化产品营销定位与策略，挖掘新的市场增长点； 5. 负责公司品牌形象建设与维护，策划并落地品牌级文化活动、跨界合作项目，提升公司在出版行业及文化领域的品牌影响力； 6. 联动编辑中心参与重点图书产品的前期策划，从市场角度提供选题、装帧、定价等专业建议，实现“出版+营销”前置融合。 任职要求 1. 本科及以上学历，市场营销、新闻传播、中文、出版等相关专业优先，5年及以上市场营销工作经验，3年及以上出版/文化/文创/广告行业营销管理岗经验，有头部出版公司同岗位经验者优先； 2. 具备成熟的全渠道营销操盘能力，有成功的产品（图书优先）爆款打造、品牌IP营销落地案例，熟悉出版行业线上线下渠道运营逻辑； 3. 具备敏锐的市场洞察力和战略思维，能精准捕捉行业趋势、用户需求，可独立制定可落地的营销战略与规划； 4. 拥有优秀的团队管理与统筹协调能力，能高效联动内外部资源，推动跨部门协作，打造高凝聚力的营销团队； 5. 具备较强的预算管控与数据分析能力，能通过数据优化营销方案，实现投入产出比最大化； 6. 热爱文化行业，具备良好的文字功底、沟通表达能力，抗压性强，有创新思维和结果导向意识。,本科,8年及以上,新闻/出版,2026-01-22,2026-03-22
3427,世纪天鸿教育科技股份有限公司,世纪天鸿,新闻和出版业,售前解决方案专家,北京,18000.0,25000.0,岗位职责： 1、面向K12校内精准教学领域，基于客户需求与行业政策，设计符合业务发展的场景化解决方案，确保方案架构合理、逻辑清晰，具备较强的应用性与适配性，能够切实解决客户痛点 2、负责关键客户的对接工作，包括定期沟通、需求研讨以及阶段性汇报，准确把握客户核心诉求与潜在期望 3、负责方案宣讲与主题汇报任务，能够清晰、流畅地向客户传递方案理念及核心价值，解答客户在方案理解过程中的疑问，增强客户对方案的信心 4、负责招投标文件撰写，向客户传递技术标准与产品优势，确保材料完整、准确、合规 5、持续关注行业政策动态及竞品信息，并形成市场分析报告 6、负责销售人员及合作伙伴的产品培训，有力提升相关人员方案演讲能力 岗位要求： 1、本科及以上学历，计算机、信息技术、教育技术类相关专业 2、5年以上行业售前、解决方案工作经验 3、熟悉项目型销售的基本流程和运作模式 4、具备优秀的学习力、抗压能力、沟通表达能力 5、有K12教育行业工作经验优先；,本科,8年及以上,零售/批发,2026-01-30,2026-03-30
3371,中南博集天卷文化传媒有限公司,中南传媒,新闻和出版业,资深抖音店铺运营,北京,10000.0,15000.0,岗位职责： 1. 全面负责抖音店铺（含官方蓝V账号及矩阵店铺）的整体运营管理，制定年度、季度、月度运营策略及销售目标，对店铺销售额、利润、DSR评分等核心指标负责，推动店铺业绩持续突破。 2. 统筹图书类商品全生命周期运营，结合公司图书品类特色（童书、青春、社科、悬疑等），完成商品上架、标题优化、详情页打磨、属性完善、库存协同等工作，挖掘产品场景化卖点，提升商品搜索曝光与转化效率。 3. 负责店铺流量精细化运营，熟练运用巨量千川、巨量百应等推广工具，搭建付费投放体系，合理分配预算、优化人群定向与创意，控制投放成本，实现ROI最大化；同时优化商品卡、猜你喜欢等自然流量渠道，提升店铺自然流量占比。 4. 策划并落地店铺营销活动，包括日常促销（优惠券、满减、秒杀）、平台大促（618、双11、抖音好物节）及主题活动（图书首发、节日专场），对接抖音平台小二争取活动资源位，协同直播、短视频、设计团队完成活动落地与复盘。 5. 协同达人分销与自播业务，助力自播场次销售额提升；同时配合达人合作专场，做好商品对接与活动配合，推动达人分销业绩增长。 6. 监控店铺核心数据（流量、转化、客单、复购率等），运用抖店商智、飞瓜等数据分析工具，定期输出运营报告，基于数据洞察优化运营策略，及时应对平台规则变动、市场波动及竞品冲击。 7. 维护店铺合规运营，紧跟抖音平台规则与行业风向迭代，规避违规风险；优化售后流程，协调客服、供应链团队处理用户咨询、评价及退货问题，维护店铺口碑与用户粘性，搭建用户分层运营体系。 8. 调研抖音平台图书类竞品运营策略、产品结构、价格体系及营销玩法，形成竞品分析报告，制定差异化竞争方案；参与公司电商业务整体规划，为店铺长期发展提供专业建议。 任职要求： 1. 学历要求：本科及以上学历，市场营销、电子商务、新闻传播等相关专业优先。 2. 经验要求：3年以上抖音店铺独立运营经验，有图书类电商运营经验、爆款打造经验或0-1店铺起号经验者优先；熟悉抖音电商生态、流量分发逻辑及平台规则，了解图书类商品运营特性者加分。 3. 技能要求：精通抖店后台操作，熟练运用巨量千川、抖店商智等工具，具备扎实的付费投放、商品优化、活动策划能力；对数据敏感，具备较强的数据分析与逻辑思维，能通过数据发现问题并输出可落地的优化方案。 4. 能力要求：目标感强，具备出色的执行力与抗压能力，能独立完成各项运营任务；具备良好的跨部门沟通协调能力，能高效协同直播、设计、客服、供应链等团队推进工作；有创新思维，能快速适配平台玩法更新，挖掘图书类产品运营新机会。 5. 素养要求：热爱电商行业与图书文化，对图书产品有一定了解，能准确提炼产品核心卖点；具备强烈的责任心、结果导向，有良好的团队协作精神，愿意与公司共同成长。,本科,5年及以上,新闻/出版,2026-03-03,2026-05-03
3428,广东新华发行集团股份有限公司,南方传媒,新闻和出版业,辅导老师（英德“新华小优”青少年成长空间伴学师）,清远,4000.0,6000.0,一、基本条件 1.具有良好的政治素养，拥护党的路线、方针、政策，遵守国家法律法规，严格遵守廉洁自律准则，无违法违纪记录。 2.具有较强专业能力、责任心和事业心，具备良好的职业道德和职业操守，良好的沟通表达能力、亲和力和应变能力，能与学员、家长进行有效沟通交流。 3.具有正常履行职责的身体条件和心理素质，能承受双重工作压力，保持稳定状态。 4.本科及以上学历，教育学、心理学、汉语言文学、数学等相关专业，持国家中小学教师资格证书（小学及以上语文、数学教师资格证优先）。 5.有2年及以上小学语文或数学教学、培训经验优先，熟悉3-9年级语文或数学大纲，能把控课堂，用“新华小优”资源提升效果，培养学习习惯。 6.熟悉基本的教育教学方法，具备一定的课程执行和活动组织能力。 7.热爱青少年教育事业，喜欢孩子，有耐心、爱心、责任心，能关注每一位学员的成长需求。 二、任职要求 1.具备扎实的学科知识基础（至少精通小学阶段语文或数学学科），能熟练解答学员的学习疑问，掌握科学的辅导方法。 2.具备良好的教学组织能力和课堂控制能力，能吸引学员注意力，调动学员学习积极性。 3.熟悉青少年心理特点，能及时发现并处理学员的心理问题和行为问题，具备一定的应急处理能力。 4.熟练使用 Office 办公软件，能做好学员学习记录、教学反馈等文档整理工作。 5.有较强的团队协作精神，能积极配合团队完成各项工作任务，服从工作安排。 三、福利待遇 五险二金+业绩提成+年终绩效奖金+年度体检,本科,3年及以上,广播/影视,2026-01-26,2026-03-26
1572,云南锡业集团（控股）有限责任公司,锡业股份,有色金属冶炼和压延加工业,采矿技术岗,红河州,5000.0,10000.0,岗位职责及专业要求如下：矿山生产计划编制、爆破设计、采矿技术管理等工作 采矿工程、矿业工程等相关专业,本科,经验不限,金融/投资/证券,2026-02-26,2026-04-26
1542,江阴新仁铝箔科技有限公司,天山铝业,有色金属冶炼和压延加工业,油品工程师/技术员,无锡,6000.0,12000.0,岗位职责： 1、负责轧制油加油系统的日常运行操作，安全点巡检； 2、配合工艺工程师对油品进行优化调整； 3、过滤工艺的管理； 4、精馏、回收设备管理。 工作经验： 1、对轧制油管理由一定工作经验者优先； 2、有铝箔加工工作经验者优先 （来自 ）,大专,2年及以上,原材料和加工,2026-01-08,2026-03-08
1530,云南锡业集团（控股）有限责任公司,锡业股份,有色金属冶炼和压延加工业,风控审计岗,红河州,5000.0,10000.0,岗位职责及专业要求如下：从事风险预判、风险管控、法务、审计等相关业务工作 法律学、法务及审计学等相关专业,本科,经验不限,金融/投资/证券,2026-02-26,2026-04-26
1535,宝武镁业科技股份有限公司,宝武镁业,有色金属冶炼和压延加工业,压铸工艺工程师（巢湖宜安云海）,合肥,7000.0,14000.0,岗位职责： 1.根据产品图纸制定、优化压铸生产工艺 2.生产现场工艺指导，优化压铸机及模具相关参数 3.解决批量生产中的工艺异常，分析铸件缺陷 4.制定压铸生产过程控制，参与FEMA分析与改进 5.开展生产操作人员技术培训 6.其他临时工作 岗位要求： 1.大专及以上学历，条件优秀者放宽至中专，机械自动化、材料成型、金属材料等相关专业优先 2.3年以上铝合金、镁合金压铸工艺经验，具备良好的压铸专业技术知识，熟悉压铸工艺，能根据产品要求制定压铸工艺方案 3.熟悉16949基础知识 4.熟练操作各类办公软件，会运用CAD等绘图软件,中技/中专,3年及以上,原材料和加工,2026-01-20,2026-03-20
3359,西藏珠峰资源股份有限公司,西藏珠峰,有色金属矿采选业,配料工程师（中亚冶炼厂）,上海,15000.0,20000.0,岗位职责 1、负责冶炼生产的配料工作，根据生产要求和原料特性，制定合理的配料方案； 2、对配料过程进行监控和调整，确保配料的准确性和稳定性； 3、研究和改进配料工艺，提高配料效率和产品质量； 5、4、收集和分析配料数据，为生产决策提供依据； 与其他部门协作，解决配料过程中出现的问题。 任职要求 1、本科及以上学历，冶金工程、材料科学等相关专业； 2、具有5年以上配料工作经验，熟悉粗铅冶炼配料工艺和流程； 3、具备较强的数据分析能力和问题解决能力，能够根据生产实际情况调整配料方案； 4、熟练掌握相关的配料设备和仪器的操作和维护； 5、工作认真负责，具有良好的团队合作精神。,本科,5年及以上,石油/化工/矿产/地质,2026-01-07,2026-03-07
3365,东北大学设计研究院（有限公司）,中色股份,有色金属矿采选业,有色冶金设计师,沈阳,8000.0,10000.0,岗位职责：氧化铝、电解铝、过程装备工艺设计 任职要求：有色冶金、热能、力学、机械，本科或以上学历，英语四级或以上，熟练使用CAD等软件，具有一定3D软件基础。 职位福利：五险一金、交通补助、房补、采暖补贴、带薪年假、员工旅游、节日福利、高温补贴,本科,经验不限,外包服务,2026-03-09,2026-05-09
3309,西藏珠峰资源股份有限公司,西藏珠峰,有色金属矿采选业,后勤主管,上海,12000.0,18000.0,1. 后勤团队管理：负责后勤团队的日常排班、人员调配、培训指导及绩效考核，搭建高效协作的后勤服务团队，提升团队服务意识和工作效率；及时处理员工工作中的问题，协调内部矛盾，营造积极的工作氛围； 2. 办公区域保障：统筹公司办公环境、设施（水电、空调、电梯、消防、绿化等）的日常运维与管理，制定巡检计划，定期排查安全隐患，确保设施正常运行； 3. 餐饮与宿舍管理：负责员工食堂、宿舍的统筹管理，制定食堂菜谱、食材采购标准及卫生规范，监督食材质量和餐饮安全，控制食堂运营成本；维护宿舍秩序，负责宿舍卫生、安全检查，协调解决员工住宿需求及相关问题； 4. 后勤成本管控：制定后勤年度、月度工作预算及成本控制目标，监督各项后勤开支，审核相关费用单据，优化后勤服务流程，降低运营成本；定期分析成本支出情况，提出合理化优化建议； 5. 行政协同与服务：配合人力资源部等相关部门，完成员工入职/离职的后勤衔接工作（如物资交接等）；协调外部合作单位（保洁公司、安保公司、食材供应商、维修服务商等），监督合作服务质量，处理合作过程中的纠纷及问题，维护良好的合作关系。 6. 制度建设与执行：制定、完善公司后勤管理相关制度（办公物资管理、设施运维、安保消防、食堂宿舍管理等），并组织落地执行，定期检查制度执行情况，根据公司发展及实际需求优化调整制度； 7. 应急处置：负责处理后勤相关突发事件（如设施故障、安全事故、物资短缺等），制定应急处置方案，快速响应、妥善解决，降低事件对公司运营的影响；及时向上级汇报重大后勤问题及处置情况。 8. 其他工作：完成上级交办的其他后勤相关专项工作（如节日后勤保障、公司大型活动后勤支持等）。 任职要求 1. 大专及以上学历，行政管理、后勤管理、物业管理等相关专业优先； 2. 5年及以上后勤管理相关工作经验，有企业后勤团队管理经验者优先；熟悉办公物资采购、设施运维、安保消防、食堂、小车班管理等后勤全流程工作； 3. 能力要求：具备较强的团队管理能力、统筹协调能力及问题解决能力，能有效调配资源、推进后勤各项工作落地；具备良好的成本管控意识，能优化流程、降低运营成本；具备较强的沟通表达能力，能妥善协调内部员工及外部合作单位关系； 4. 素质要求：责任心强、细致严谨、吃苦耐劳，具备较强的服务意识和应急处置能力；原则性强，能严格执行公司各项规章制度，廉洁自律； 5. 其他要求：熟悉消防安全相关法规、物业管理相关规范者优先；能适应偶尔加班，具备基本的电脑操作能力（熟练使用Office办公软件、物资管理表格等）；无不良从业记录，身体健康，能胜任岗位工作。,大专,5年及以上,石油/化工/矿产/地质,2026-02-14,2026-04-14
3366,西藏珠峰资源股份有限公司,西藏珠峰,有色金属矿采选业,内控合规专员,上海,8000.0,12000.0,岗位职责： 1、持续掌握并及时解读国家、行业、专业等监管规则，提出与公司实际情况充分结合的规范性建议，并按公司决策执行落实； 2、建立健全公司内控合规制度，完善公司内控管理手册，形成体系化管理结构，组织内控合规培训，确保公司单项或专门的内控优化项目实施质量； 3、结合公司发展特点和需要，贯彻公司既定项目计划，监督和服务于子公司内控建设，将总部合规管理理念和要求内化为日常工作流程； 4、配合各业务线条内控合规风险的识别与评估，及时作出提示，提出优化建议，跟踪整改落实； 5、对接、配合中介机构及监管部门，跟踪落实其所提出内控管理缺陷在对应部门的整改； 6、每年度完成符合A股上市公司规范要求的各类内控合规与自我评价报告，规范工作底稿； 7、协助直接上级完成公司交办的其他相关工作。 任职要求： 1、全日制本科及以上学历财务、法学、企业管理、工商管理、生产管理等相关专业； 2、具备优秀的跨部门、机构的组织协调能力及项目推动能力，沟通表达准确，责任心强； 3、英语能力可达到对外工作的水平。,本科,经验不限,石油/化工/矿产/地质,2026-01-20,2026-03-20
3617,梦天家居集团股份有限公司,梦天家居,木材加工和木、竹、藤、棕、草制品业,工艺专员,嘉兴,4500.0,6000.0,岗位职责： 1、协助工艺方案的设计、SOP编制与优化，新品打样与工艺验证; 2、协助为生产一线提供工艺技术支持;指导操作人员规范作业，快速解决现场工艺问题，及时处理生产过程中的异常情况，分析问题根源并跟踪落实； 3、负责相关工段的工艺纪律检查工作，汇总分析并跟进整改; 4、负责日常新材料、工艺的测试、验证与评估，对现场生产人员进行工艺、操作技能、安全规范等方面的培训与指导 岗位要求： 1、2年以上家具产品研发相关经验 2、熟悉家具制造业产品结构和加工及涂装工艺 3、了解相关家具行业工艺、设备、制造相关流程知识 4、熟练使用CAD、常规办公软件 5、优秀应届生也可以接受,大专,2年及以上,家具/家电/玩具/礼品,2026-03-02,2026-05-02
3622,上海新通联包装股份有限公司,新通联,木材加工和木、竹、藤、棕、草制品业,普工/操作工,上海,5000.0,8000.0,工作内容： 1、按照生产计划要求，保质保量完成每日生产任务； 2、按照工艺要求进行安全生产操作； 3、服从班组长安排，完成本岗位的技术学习任务； 任职要求： 1、从事过家具、木制品、纸箱包装行业的优先； 2、做事认真、细心、负责、能吃苦耐劳； 3、有良好的沟通、表达、团队协作及执行力； 4、年龄25岁-45岁；,初中及以下,2年及以上,印刷/包装/造纸,2026-01-28,2026-03-28
3663,湖北康欣新材料科技有限责任公司,康欣新材,木材加工和木、竹、藤、棕、草制品业,叉车修理工（孝感汉川）,孝感,6000.0,8000.0,工作内容：主要是维修叉车，排除解决叉车故障、或修理其他机器设备等。 职位要求：3-5年经验 工作时间：7:00-19:00，上白班，月休4天,中技/中专,5年及以上,原材料和加工,2026-01-27,2026-03-27
3648,广西丰林木业集团股份有限公司,丰林集团,木材加工和木、竹、藤、棕、草制品业,销售业务员,南宁,6000.0,10000.0,任职资格： 1、大专以上学历，专业不限，可接受毕业生； 2、吃苦耐劳，工作积极性强； 3、较强的学习和理解能力，较强的口头和书面表达能力； 4、良好的沟通协调能力、较强的团队精神； 5、熟练使用计算机相关办公软件； 6、有驾驶证及相关工作经验优先，能适应出差； 岗位职责: 1. 维护客户关系，完成洽谈、跟进、维护关系等工作； 2. 负责收集市场信息，了解行业动态及客户需求。 3. 负责协助区域经理制定市场开拓计划，完成销售任务； 4. 负责跟进客户使用产品情况，做好售后服务工作 5.关注行业新产品的未来发展趋势，提出适合的产品开发方案。,大专,经验不限,农/林/牧/渔,2026-02-26,2026-04-26
2734,江苏共创人造草坪股份有限公司,共创草坪,橡胶和塑料制品业,外贸跟单（俄语）,南京,10000.0,12000.0,"工作职责 1、负责外贸跟单工作, 与客户、工厂、储运等方面协调, 保证订单顺利完成出货； 2、跟单过程问题协调； 3、协助业务员处理其他事务。 任职资格 1、本科学历； 2、俄语书面表达能力良好； 3、三年以上外贸跟单工作经验。",本科,1年及以上,贸易/进出口,2026-02-05,2026-04-05
2793,金发科技股份有限公司,金发科技,橡胶和塑料制品业,结构设计工程师-CAD&CAE(J11718),广州,18000.0,25000.0,工作职责: 1、CAD建模与结构设计： 负责新产品或零部件的3D详细设计、装配及2D工程图输出。 根据仿真和测试结果，对设计进行迭代优化，完成设计变更。 建立和维护标准件库、设计模板，提升团队设计效率。 2、CAE仿真分析与优化： 运用有限元分析（FEA）进行结构静力学、动力学、疲劳寿命及热力学仿真，评估设计方案的强度、刚度及可靠性。 针对塑料、复合材料等制品，进行模流分析（MFA），预测填充、翘曲、缩痕等缺陷，优化模具浇注系统和成型工艺参数。 编写仿真分析报告，清晰呈现分析假设、过程、结果及改进建议，为设计决策提供数据支持。 3、跨部门协同与支持： 与产品经理、工艺工程师、模具工程师紧密合作，确保设计可行性。 为测试部门提供仿真预判，协助制定测试方案，并参与分析试验与仿真结果的差异。 支持生产部门，解决量产中出现的与设计相关的技术问题。 任职资格: 1、3年以上结构设计相关工作经验，硕士及以上学历并取得相应学位，机械设计制造及其自动化、材料成型及控制工程、工程力学、车辆工程、高分子材料与工程等相关专业。 2、具备CAD技能： 精通 SolidWorks / UG NX / CATIA / Creo 等至少一款主流三维设计软件，能独立完成复杂装配体设计。或CAE技能： 具备扎实的力学理论基础，熟悉至少一款仿真软件（如 ANSYS、Abaqus、HyperWorks 等）的结构分析模块。或模流分析技能： 熟悉 Moldflow / Moldex3D 的操作与应用，有实际项目经验者优先。分析能力： 优秀的逻辑分析与问题解决能力，能清晰解读仿真数据并提出有效改进方案。 3、掌握Python/Matlab等工具进行数据处理或自动化脚本开发者。具备试验设计（DOE） 和优化设计经验者优先。,硕士,3年及以上,原材料和加工,2026-01-19,2026-03-19
2748,明冠新材料股份有限公司,明冠新材,橡胶和塑料制品业,膜材料设备维修工程师,宜春,7000.0,10000.0,【工作内容】 - 负责膜材料生产设备的日常维护、故障排查与修复工作； - 负责工厂产线设备的日常维护、故障排查与维修，确保生产顺利进行； - 参与水路系统的改造与优化，包括冷却水、真空水及压缩空气管路的设计与安装； - 对注塑、流延、涂布设备进行定期检查与保养，提升设备运行效率； - 协助处理张力、纠偏、牵引、收放卷等关键单元的异常问题。 【任职要求】 - 大专及以上学历，机械、电气、自动化等相关专业； - 5年以上膜材料或相关行业设备维修经验，熟悉注塑、流延设备结构与运行原理； - 精通PLC外围电路、变频器、伺服驱动器的故障诊断与维修； - 熟悉挤出机螺杆、模头及传动机构的维修与调试； - 具备水路系统改造经验者优先，有涂布、流延经相关经验者优先。 此岗位单休,大专,5年及以上,新能源,2026-03-06,2026-05-06
2730,安徽英科医疗用品有限公司,英科医疗,橡胶和塑料制品业,商务司机,淮北,3000.0,4000.0,工作职责： 1. 负责公司职员商务差旅及重要客户接待的专车驾驶服务，确保行程安全高效。 2. 承担公司车辆的日常维护与保养工作，包括清洁、油液检查、故障预警及定期送检。 3. 协助完成车辆相关行政事务，如行车记录登记、费用报销及保险手续办理。 任职要求： 1. 持有C1及以上驾驶证，A1驾驶证优先，具备3年以上专职驾驶经验，无重大交通事故记录。 2. 年龄35岁及以下，退伍军人优先，熟悉商务接待礼仪，具备良好的服务意识与沟通能力。 3. 掌握车辆基础养护知识，能独立完成轮胎、机油等常规检查及简单故障排查，适应弹性工作安排。,大专,经验不限,医疗设备/器械,2026-02-12,2026-04-12
878,武汉烽火富华电气有限责任公司,珠海港,水上运输业,光伏系统设计工程师,武汉,5000.0,10000.0,岗位要求： 1、电气工程及其自动化等相关专业。 2、新能源光伏发电设计，10kV及以下配电电气系统设计，配网电力线路迁改设计等等。 3、熟练使用AutoCAD、天正等设计软件。。,本科,2年及以上,电气/电力/水利,2026-02-27,2026-04-27
884,海发宝诚融资租赁有限公司,中远海发,水上运输业,直接融资岗,上海,12000.0,15000.0,岗位职责： 一、产品销售 1、负责直融产品的销售准备工作，包括销售材料制作、集团协同支持安排、发行价格区间确认等； 2、负责直融产品的销售过程管理，包括补充资料提供、承销商定期会议安排、项目路演安排等； 3、负责直融产品的簿记安排协调，包括簿记过程管理、簿记结果整理，以及后期宣传工作等； 二、渠道管理 1、负责投资人资源整合和审批推进，做好投资人台账的整理与维护； 2、负责投资人的日常维护，了解投资人资金渠道、投资偏好、审批周期、决策链条等关键信息，组织非交易性路演及答谢会议； 三、渠道开发 1、负责投资人新渠道开发，完成潜在投资人的挖掘并推动合作； 2、完成领导交办的其它事务。 任职资格： 1、财会、金融、经济管理等相关专业，本科或以上学历； 2、1-5年类似工作岗位经验； 3、熟悉融资相关操作程序及相关法律，熟悉财务知识； 4、具备独立销售项目的能力，具有相对丰富的资金渠道资源和社会资源，能够有效对接主要资方，具有良好的沟通和抗压能力，具备较强的人际交往和组织协调能力。 来自,本科,5年及以上,金融/投资/证券,2026-01-27,2026-03-27
828,珠海可口可乐饮料有限公司,珠海港,水上运输业,化验工,珠海,5000.0,7000.0,"岗位职责： 1、按照规定的频率和标准对产品的各项指标进行检验； 2、按程序要求对生产线设备的清洗和消毒的关键参数进行检验及监控； 3、对生产过程中发现的异常质量问题进行汇报，并对产品进行截留； 4、按可口可乐公司的GMP要求对化验室进行管理 任职要求: 1.高中或以上学历,具备较好的化学基础知识； 2.具有食品检验专业知识或有质量检验相关工作经验者优先； 3.吃苦耐劳，适应倒班和加班； 此岗位需上夜班及加班。",高中,经验不限,快速消费品(食品、饮料、化妆品),2026-03-03,2026-05-03
885,东海航运保险股份有限公司,上港集团,水上运输业,综合助理,大连,4000.0,6000.0,一、岗位职责 1.负责分公司业务日常管理工作，包括业务数据汇总、流程梳理优化、业务档案规范管理等，保障业务运营高效有序。 2.承担对外报表发布相关工作，精准编制各类业务统计报表、监管报送报表，确保报表数据真实、准确、及时，满足内外部管理与监管要求。 3.开展业务承保初审，对投保申请材料进行完整性、合规性审核，协助核保人员进行风险初步评估，提出初审意见，把控承保业务基础风险。 4.负责销售渠道管理辅助工作，包括渠道信息维护、合作数据统计、渠道服务支持、渠道活动协助组织等，助力提升渠道合作效能。 5.协助部门负责人完成业务管理制度完善、业务分析报告撰写、跨部门沟通协调等工作，落实部门交办的其他临时任务。 二、任职要求 1.本科及以上学历，金融、保险、经济、统计、管理等相关专业优先；具备1-3年保险行业相关工作经验者优先。 2.熟悉保险业务基本流程，了解航运保险相关知识者优先；具备核保助理、销售管理助理、业务内勤等相关岗位工作经验者优先。 3.有参与重大保险招标项目相关经验（如标书准备、项目跟进等）者优先考虑。 4.具备较强的数据处理能力和报表编制能力，熟练使用Excel、Word、PPT等办公软件，能快速准确完成数据汇总与分析。 5.具备良好的沟通协调能力、逻辑思维能力、责任心强，工作严谨细致，具备较强的学习能力和团队协作精神。 6.品行端正，无不良从业记录，认同公司企业文化，愿意长期在航运保险领域发展。,本科,1年及以上,保险,2026-01-13,2026-03-13
4918,大禹节水,大禹节水,水利管理业,安全员,廊坊,5000.0,7000.0,岗位职责： 1. 完成运维管理部安全管理工作，包括但不限于：安全培训、安全演练、安全考核、人员安全取证、现场安全作业管理、安全资料填报与管理、安全检查与督促整改、安全整改方案跟踪与落实等工作； 2. 协助上级领导负责上级部门安全检查迎检准备工作； 3. 协助上级领导负责安全事故调查、处置和考核等工作； 4. 安全物资配备与使用； 5. 车间管理工作，包括安全管理、5S管理和作业管理。 6. 协助上级领导负责运维过程中突发问题处理，例如：涉及赔偿、纠纷和重点运维问题处置等工作； 7. 负责运维保险的缴纳、出险跟踪、资料收集与整理； 8. 完成领导交办的其他任务。 任职要求： 1. 本科及以上学历； 2. 具备一定的安全工作经验，熟悉国家的安全管理法律法规和标准； 3. 善于思考和解决问题，有一定的数据统计和分析能力； 4. 具备良好的组织管理能力和团队协作精神。 4. 具备良好的沟通交流能力和服务意识。 6. 具备安全管理体系认证资质者优先。,大专,8年及以上,电力/水利/热力/燃气,2026-02-24,2026-04-24
4923,大禹节水,大禹节水,水利管理业,水利项目经理（运维）,河池,8000.0,11000.0,岗位职责 1. 依据公司总体战略规划，完成运营项目年度经营目标和计划，执行公司既定的方针政策、经营目标及各项管理指标; 2. 负责与项目运营当地政府、相关单位、企业、社区、村组、水库管理处关系协调维护。协调所属各部门之间关系，加强企业文化建设，维护公共关系，树立公司良好的社会形象; 3. 具备一定的法务知识； 4. 熟悉水利（灌区）项目运营管理、合同管理； 5. 负责运营期间对外政府关系的协调、维护工作，客户的关系协调工作，保证项目收益的完成。 任职要求 1. 教育背景：本科及以上学历，企业管理、经济管理类、水利水电工程等相关专业。 2. 工作经验：3-5年以上运维或工程施工管理工作经验，其中至少2年以上团队管理经验。 3. 管理与沟通能力 3.1 具备优秀的团队管理能力，能够制定和执行运维策略。 3.2 具有良好的沟通协调能力，能够跨部门协作解决问题。 3.3 具备项目管理能力，能够合理分配资源并推动项目实施,本科,5年及以上,电力/水利/热力/燃气,2026-01-05,2026-03-05
4964,大禹节水,大禹节水,水利管理业,海外销售经理,北京,8000.0,16000.0,岗位职责： 1、负责大禹节水海外市场（中亚、俄罗斯区域）品牌推广和产品销售，国际贸易渠道开发与客户管理维护； 2、负责央企、国企境外农业项目资源对接; 3、负责政府部门外事机构境外农业项目资源对接; 4、负责所辖区域的市场调研分析，区域拓展策略及计划的制定和执行。 任职要求： 1、本科及以上学历，国际经济与贸易、俄语专业、农业水利等相关专业； 2、应届留学生优先； 3、有熟练的英语和（或）俄语听说读写能力; 4、有海外销售经验及丰富的获取客户资源的渠道; 5、寻求稳定员工，灌溉、农业、机械行业者优先。,本科,经验不限,电力/水利/热力/燃气,2026-03-01,2026-05-01
4949,大禹节水,大禹节水,水利管理业,信息技术助理,重庆,10000.0,12000.0,岗位内容： 1. 协助技术部门完成技术方案、文档撰写与整理工作； 2. 处理技术部门的日常行政事务，协调会议安排等； 3. 维护技术文件资料库和文档管理系统； 4. 收集和分析各种IT数据，并生成统计报告。 任职要求： 1. 具有完备的技术文档编写能力； 2. 熟练掌握Office软件操作； 3. 具备较强的学习能力和逻辑思维能力； 4. 优秀的沟通协调能力和团队合作能力； 5. 关注行业动态，对新兴技术有浓厚兴趣并有自我驱动力。,本科,3年及以上,电力/水利/热力/燃气,2026-02-28,2026-04-28
2932,浙江开创环保科技股份有限公司,首创环保,水的生产和供应业,水处理工程师,湖州,10000.0,15000.0,职位介绍 1.负责水处理项目的设计和规划； 2.根据客户需求独立设计水处理系统招投标及方案制作； 3.协助业务人员项目谈判并提供技术支持； 4.现场施工技术支持. 5.协助负责水处理工艺与工程设计，绘制相关设计图纸； 6.指导工程的现场安装、设备调试，解决技术难题； 7.负责水处理工程的工艺调试工作，编制工艺调试方案； 8.负责编制相关工艺指导手册，配合其他部门进行技术支持工岗位要求 任职要求： 1.机械、给排水、环保、化工相关专业，大专及以上学历，具备3年以上的膜工艺工作经验；有项目管理经验者优先。 2.熟悉水处理工艺的特点，设备特点，工艺设计方法、计算公式及各种设备的参数； 3.熟悉水处理工艺，精通水处理设备、管阀安装 4.能熟练绘制水处理PID工艺流程图、平面布置图、管道布置图等 。 5.能独立制作工艺技术方案 6.有浸没式超滤自来水厂设计或设计院设计工作经验优先。 7.诚实、勤奋，有良好的沟通及协调能力，较强的执行能力；热爱环保行业，诚信待人，具备团队协作精神。 8.工厂地点湖州长兴。,大专,2年及以上,环保,2026-02-26,2026-04-26
2937,武汉华信数据系统有限公司,首创环保,水的生产和供应业,品牌推广经理,武汉,9000.0,13000.0,岗位职责： 1、制定公司品牌定位及推广策略，塑造技术领先、创新驱动的品牌形象。 2、跟踪行业动态（技术趋势、政策法规），输出市场分析报告，支持策略迭代与优化。 3、主导VI系统设计与落地，包括公司展厅、产品手册、宣传片等视觉物料开发与管理。 4、策划并执行线上线下品牌活动（行业展会、技术论坛等），提升行业影响力与品牌曝光。 5、协同技术团队，将专利、产品技术转化为传播素材（如技术白皮书、解决方案案例），支持市场转化。 6、独立撰写品牌传播内容（推文、案例包装、行业软文等），强化技术品牌渗透力。 7、策划大客户定制化品牌活动（技术交流会、实地参观等），传递核心价值并推动客户决策。 任职要求： 1、本科及以上学历，3年以上品牌推广经验、有智慧水务/环保/ToB行业背景优先。 2、文字功底扎实，能独立完成品牌全案策划（广告创意、活动执行、VI管理），需附成功案例作品。 3、熟悉线上线下推广渠道，具备项目管理能力，能牵头落地大型品牌项目。,本科,3年及以上,计算机软件,2026-01-27,2026-03-27
2978,武汉华信数据系统有限公司,首创环保,水的生产和供应业,Java高级开发工程师,武汉,10000.0,15000.0,岗位职责： 1、根据系统架构设计文档进行核心模块接口、标准、代码的开发； 2、独立进行模块的设计与开发，并能解决开发中遇到的各种问题； 3、按照设计的功能，实现模块的代码编写和维护； 4、能独立完成单元模块的开发和测试； 5、根据项目经理的要求，参与编写用户手册和其他与自己开发部分相关的文档； 岗位要求： 1、4年以上JAVA软件应用系统设计开发经验、具备独立模块设计能力，计算机相关专业本科及以上学历； 2、熟练掌握J2EE主流技术框架，如Spring，SpringMVC，JPA等，有较好的程序设计思想和应用经验； 3、熟练掌握Web技术及相关框架，熟练掌握JavaScript/html/CSS /Ajax/jQuery，熟练掌握Web Service及Xml开发； 4、熟练掌握tomcat，Oracle数据库安装、部署、使用及维护； 5、熟悉分布式系统基础设施中常用的技术，如缓存（Varnish、Memcache、Redis）、消息中间件(Rabbit MQ、Active MQ、Kafka)、有Dubbo使用经验等。 6、具有良好沟通、分析及理解能力，具有良好团队合作意识，能承担一定工作压力； 7、熟练掌握SVN或GIT版本控制工具，能进行团队协同任务开发； 职位福利：五险一金、年底双薪、绩效奖金、节日福利、周末双休、定期体检 来自,本科,5年及以上,计算机软件,2026-01-27,2026-03-27
2963,咸宁联合水务有限公司,联合水务,水的生产和供应业,给排水技术员,咸宁,3500.0,4500.0,该岗位工作地点在咸宁市横沟桥镇，公司提供工作日午餐，不提供住宿，请谨慎考虑工作地点后投递，谢谢！ 岗位职责： 1.负责对供水管网的维修、抢修、建设工作进行技术支持。 2.负责参与管网施工、维修工程的现场监督、验收等工作。 3.负责配合管网部经理进行数据收集、分析等管理工作。 4.完成上级领导交办的其他工作。 任职条件： 1.大专以上学历，给排水、环境工程类相关专业，3年以上工作经验； 2.能熟练使用办公软件及AutoCAD; 3.具备较强的沟通协调能力。,大专,3年及以上,环保,2026-01-05,2026-03-05
1045,芜湖福赛科技股份有限公司,福赛科技,汽车制造业,海外采购经理,芜湖,20000.0,35000.0,1. 战略采购与供应商管理： · 制定注塑品类供应商市场的分析和研判能力。 · 负责新供应商的开发、评估、审核、建立并维护战略性的合格供应商库。 · 主导与核心供应商的年度合同、框架协议谈判，包括价格、付款条件、交货条款等。 · 定期对现有供应商绩效评估（QCDS - 质量、成本、交付、服务），并推动持续改进和优化。 2. 成本控制与降本增效： · 熟悉注塑产品的成本结构（原材料、模具、加工费、二次加工、包装运输等）。 · 主导采购价格的谈判，确保成本竞争力，并完成年度降本目标。 · VA/VE目标工作开展 3. 新产品项目支持： · 新项目开发：负责采购领域的相关工作。 · 主导新项目供应商的定点工作，协调RFQ（询价）、报价分析、技术交流和商业谈判。 · 确保新项目采购按时间节点完成，支持项目准时量产（SOP）。 4. 供应链风险与合规管理： · 识别和管理供应链风险（如供应中断、价格波动、地缘政治等），并制定应急预案。 · 确保所有采购活动及供应商符合公司规定及汽车行业标准（如IATF 16949）。 · 管理和协调供应商的模具资产 5. 团队与日常管理： ·负责领导采购团队，分配任务安排及辅导。 · 协调处理日常采购异常，如交付延迟、质量问题的沟通与解决。 任职资格要求 1. 硬性条件： · 学历： 本科及以上学历， · 经验：至少 8年 以上采购工作经验；至少3年 的团队管理或项目领导经验。 · 行业知识： · 汽车行业IATF 16949，并熟悉核心工具如APQP、PPAP、FMEA管理工具。 · 熟悉注塑生产工艺流程、常见缺陷及解决方案。 · 熟悉常用汽车塑料材料（如PP、ABS、PC、PA、POM、PBT等）的特性及应用。 · 技能： · 具备谈判与沟通能力 · 出色的成本分析能力 · 英语口语能力流利 薪资： 5-8年经验：25-35 万 / 年 8 年+经验：30-60 万 / 年,本科,8年及以上,汽车零配件,2026-01-28,2026-03-28
1069,江苏南方精工股份有限公司,南方精工,汽车制造业,视觉应用工程师,常州,12000.0,15000.0,"职责描述： 1.主导与客户的视觉应用需求沟通，负责视觉系统方案分析与制定； 2.评估并确定视觉检测方案，包括硬件选型、视觉算法、技术可行性等，针对客户需求，完成定制化视觉检测可行性报告；； 3.完成视觉系统的编程、调试及与第三方控制系统的数据通信（PLC、机器人、工业PC等），确保方案的成功落地和实施； 4.负责视觉解决方案核心算法及软件的设计和开发，并不断完善、改进现有系统； 5.完成工艺要求 制定及完善机器人相关标准、规范、流程，和工具设备的技术支持，保证现场生产顺利进行 。 6. 熟知各品牌机器人，了解机器人基本结构及硬件功能作用； 7. 能够熟练操作不同品牌机器人，完成示教编程；（如：安川、发那科、松下、OTC等等。） 8.能够集成机器人周边设备，实现机器人与设备I0通信保证项目的落地； 任职要求： 1.熟练掌握C/C++、Python、Javascript和Windows编程，熟练使用VisualStudio开发环境； 2.熟练掌握TCP/IP, MS/TP, Ethernet, RS485/232等工业数据通信协议； 3.具备自动化系统改造经验和机器人应用开发经验； 4.熟悉机器人结构、原理、软硬件系统； 5.熟悉应用CAD及计算机语言；熟悉各类电气元件、和电气接线。 6.3年以上非标设计、工装夹具/自动化生产线设计经验，能独立完成工业机器人夹具、工作站或产线设计； 7.具备图像处理及机器视觉的理论基础和算法知识，熟悉OpenCV或其它图像处理库； 8.熟悉机器人视觉应用、算法分析、视觉硬件选型； 9.熟悉常用视觉开发系统如VisionPro，Halcon，OpenCV，LABVIEW和.NET等；",本科,3年及以上,汽车,2026-01-08,2026-03-08
1063,上海汽车集团保险销售有限公司,上汽集团,汽车制造业,运营实习生,上海,3262.0,3262.0,岗位职责： - 系统功能与流程支持： 协助推进平台系统功能的迭代与优化流程，参与用户调研、需求整理、功能测试及上线后跟进，确保产品改进顺利落地。 - 数据监控与分析： 负责收集、整理与分析运营管理系统相关数据，进行数据统计、可视化及初步洞察，协助输出产品数据报告，为功能、流程优化提供依据。 - 配合完成其他日常辅助工作。 任职要求： - 2026届应届毕业生，本科以上学历，市场营销、工商管理、计算机等专业优先； - 熟练掌握 Office 办公软件，如 Excel（数据处理与分析）、Word（文档撰写）、PowerPoint（演示文稿制作）； - 具备良好的逻辑思维、沟通协作能力和学习的主动性； - 注重细节，对数据敏感，具备一定的分析和总结能力； - 有产品运营、数据分析或相关实习经验者优先。 - 实习期3-6个月，每周3-5天；,本科,经验不限,保险,2026-01-30,2026-03-30
1103,万向钱潮股份公司,万向钱潮,汽车制造业,EMB研发工程师,杭州,9000.0,14000.0,岗位职责： 1、需求分析与模型设计：参与EMB系统需求分析，将制动控制算法、安全逻辑等需求转化为Simulink模型设计；基于AUTOSAR架构设计软件组件（SWC），定义接口、端口及Runnable，确保符合分层架构标准； 2、模型开发与验证：使用Simulink/Stateflow开发控制算法模型（如制动力分配、故障诊断、冗余控制等），并通过MIL/SIL测试验证功能；集成AUTOSAR基础软件（BSW）模块； 3、代码生成与集成：利用相关工具生成符合ASIL等级的C代码，优化代码效率及内存占用；与底层软件团队协作完成AUTOSAR工具链（如Vector Davinci/EB Tresos）的配置，实现ARXML文件交互及ECU集成； 4、系统测试与标定：支持HIL测试台架开发，参与制动系统功能、性能及安全测试（如ISO 26262相关验证）；配合整车标定团队完成参数优化，解决实车调试中的软件问题； 5、文档与流程支持：编写需求文档、设计文档及测试报告，确保符合ASPICE流程要求；参与EMB系统功能安全（FuSa）分析，支持FMEA/FTA及安全机制设计。 任职要求： 1、专业背景：本科及以上学历，车辆工程、自动化、计算机、电子工程等相关专业；熟悉车辆制动系统原理（如EMB/EHB/ESC），了解电机控制、传感器融合技术者优先； 2、工具链能力：精通MATLAB/Simulink建模及自动代码生成，掌握AUTOSAR Blockset、Embedded Coder等工具；熟悉车辆动力学模型（如CarSim）与硬件在环（dSPACE/ETAS）测试 熟悉AUTOSAR工具链（如Vector Davinci Configurator、EB Tresos、ETAS ISOLAR）；具备嵌入式C编程能力，了解RTOS及MCU（如Infineon Aurix、NXP S32K）开发流程。 3、标准与协议：熟悉AUTOSAR Classic架构，掌握CAN/CANFD通信协议及UDS诊断协议；了解功能安全标准（ISO 26262）及ASPICE开发流程； 4、经验要求：2年以上汽车电子软件开发经验，有EMB、底盘控制或新能源制动系统（如再生制动）项目经历者优先；熟悉从模型到代码再到集成的全流程开发； 5、 软技能：具备跨团队协作能力，能够与系统工程师、硬件工程师及测试团队高效沟通；逻辑清晰，对复杂问题具备拆解分析能力，适应快速迭代的开发环境；英语熟练，可阅读技术文档。 搜索,本科,2年及以上,汽车,2026-01-15,2026-03-15
4245,青岛双鲸药业股份有限公司,中鲁B,渔业,销售代表（韶关）,韶关,5000.0,8000.0,1.负责市场OTC市场销售业务。 2.渠道与客户管理：负责辖区内连锁药店、单体药店、经销商等渠道的开发、维护与优化，制定合作政策，维护核心客户关系 。 3.市场活动策划：组织并执行终端促销、消费者教育、产品陈列等市场推广活动，提升产品销量 。 4.市场信息分析：收集市场动态、竞品信息，分析销售数据，为销售策略的调整提供依据,大专,5年及以上,医药制造,2026-01-28,2026-03-28
4243,青岛双鲸药业股份有限公司,中鲁B,渔业,医药代表（石家庄）,石家庄,8000.0,12000.0,岗位职责： 1. 销售和推广维生素D产品 2. 拜访并提供产品知识培训给目标医院和医生 3. 建立并维护良好的客户关系 4. 完成销售目标 5. 及时报告市场信息和竞争对手动态 任职要求： 1. 医药及相关专业，统招大专及以上学历 2. 勤奋踏实，学习能力强，具备执行力 3. 良好的沟通能力和抗压能力 4. 具备三甲医院儿科、儿保科、内分泌、妇科、产科、骨科等领域销售经验，有良好的业绩记录 5. 具备大客户管理经验，专业性强 职位福利：五险一金、带薪年假、定期体检,大专,经验不限,医药制造,2026-01-05,2026-03-05
4234,獐子岛集团股份有限公司,獐子岛,渔业,市场营销主管,大连,5500.0,6500.0,岗位职责 1、品牌与市场调研管理：搜集并分析集团品牌现状、市场表现、竞争对手动态及行业发展趋势；组织开展市场调研，精准收集前沿产品信息及同类竞品深度分析数据。 2、营销策划与活动执行：基于市场调研结果及产品策略，策划、实施各类产品推广活动；统筹集团营销策划工作，制定专题营销、新产品上市、节庆促销等活动的策划方案及执行细则，全程跟进各流程工作，确保活动高效落地。 3、自媒体与网络营销：负责集团自媒体平台的新闻撰写、视频编辑、内容发布及日常运营维护；规划多渠道自媒体传播策略，策划并执行网络营销活动，结合实时营销动态优化营销方案。 4、展会策划与推广：负责集团展会活动的营销策划与推广工作，协助推进展会筹备全流程相关事宜。 5、其他上级领导安排的工作。 任职要求 1、本科及以上学历，市场营销、新闻传播、广告学、统计、经济、金融等相关专业；三年以上食品/快消品/水产行业市场调研、市场营销、媒介管理经验。 2、具备市场调研、数字营销、品牌管理方法、技术、工具等专业知识，了解所在行业的产品特性、市场格局、竞争对手情况及行业政策法规。 3、具备深入了解市场需求、熟悉竞争对手、分析市场趋势的能力。 4、具备较强的营销方案策划能力，以及筹备、推进活动落地执行的能力。 5、具备优秀的文字撰写、视频脚本创作及编辑能力。 6、具有良好的组织协调、沟通表达、团队协作和创新能力，抗压力强。 7、熟练应用办公软件，掌握图文设计软件（如Photoshop、Illustrator等），了解视频剪辑软件（如剪映、Premiere）基础操作。。,本科,3年及以上,农/林/牧/渔,2026-01-15,2026-03-15
4242,青岛双鲸药业股份有限公司,中鲁B,渔业,销售代表（韶关）,惠州,5000.0,8000.0,1.负责市场OTC市场销售业务。 2.渠道与客户管理：负责辖区内连锁药店、单体药店、经销商等渠道的开发、维护与优化，制定合作政策，维护核心客户关系 。 3.市场活动策划：组织并执行终端促销、消费者教育、产品陈列等市场推广活动，提升产品销量 。 4.市场信息分析：收集市场动态、竞品信息，分析销售数据，为销售策略的调整提供依据。,大专,5年及以上,医药制造,2026-01-28,2026-03-28
2666,东海证券股份有限公司,华阳股份,煤炭开采和洗选业,做市交易研究岗,上海,10000.0,20000.0,岗位职责: 1.研究量化交易策略及交易工具。基于做市业务，对相关量化策略开展深入研究，提高业务收益率，降低业务成本，降低业务风险； 2.执行日常基金做市相关策略，跟踪监控日常做市策略的运行状况； 3.完成部门交办的其他工作。 任职要求: 1.国内外重点大学硕士及以上学历，理工科背景； 2.两年以上有量化研究、程序化交易策略研究经验，具有自主研发策略能力（必备）； 3.具备良好的编程能力：有python编程经验，或有很强的其他编程语言应用经验； 4.正直诚实，品行良好，工作责任心强，坚持原则，秉公办事，作风正派，遵纪守法； 5.具有良好的职业道德、沟通协调能力、文字表达能力、 分析判断能力、风险意识及合规意识。,硕士,2年及以上,金融/投资/证券,2026-01-05,2026-03-05
2650,新大洲本田摩托（苏州）有限公司,新大洲A,煤炭开采和洗选业,发动机设计,苏州,15000.0,25000.0,工作地点：重庆or太仓 方向一：传动系统 一、招聘要求： 1. 3年以上发动机传动系统开发经验； 2. 熟练使用catia设计软件，有catia发动机部品3D、2D设计能力； 3. 本科以上学历（能力优秀者可适当放宽学历要求）； 4. 擅于沟通，表达逻辑思路清晰； 5. 团队意识强，服从安排；工作计划性强，有日程意识。 二、岗位职责： 1. 发动机CVT系统、离合器、主副轴、传动齿轮等方案3D/2D设计； 2. 发动机部品品质课题对应； 3. VA/CR案抽出、推进； 4. 发动机设计开发过程中报告编制、汇报； 5. 经验总结、持续改善、创新突破； 6. 上级安排的其它临时任务。 方向二：热机系统 一、招聘要求： 1、 5年以上发动机热机部品正向开发经验；会利用相关专用软件进行气道、水腔优化以及配气机构设计等； 2、熟练使用catia设计软件，有catia发动机部品3D、2D设计能力； 3、本科以上学历（能力优秀者可适当放宽学历要求）； 4.、擅于沟通，表达逻辑思路清晰； 5、团队意识强，服从安排；工作计划性强，有日程意识。 二、岗位职责： 1、发动机热机部分包括气缸头、气缸体、配气机构及正时机构方案3D/2D设计； 2、发动机部品品质课题对应； 3、VA/CR案抽出、推进； 4、发动机设计开发过程中报告编制、汇报； 5、经验总结、持续改善、创新突破； 6、上级安排的其它临时任务。 方向三：曲柄连杆系统 一、招聘要求： 1.3年以上发动机曲柄连杆系统的正向开发经验； 2.熟练使用catia设计软件，有catia发动机部品3D、2D设计能力； 3.本科以上学历（能力优秀者可适当放宽学历要求）； 4.擅于沟通，表达逻辑思路清晰； 5.团队意识强，服从安排；工作计划性强，有日程意识。 二、岗位职责： 1.发动机曲轴、连杆、活塞、活塞环、平衡轴等方案3D/2D设计； 2.发动机部品品质课题对应； 3.发动机设计开发过程中报告编制、汇报； 4.经验总结、持续改善、创新突破； 5.上级安排的其它临时任务。,本科,5年及以上,机械/设备/重工,2026-02-28,2026-04-28
2661,新大洲本田摩托（苏州）有限公司,新大洲A,煤炭开采和洗选业,车联网后端工程师,苏州,15000.0,20000.0,"一、招聘要求： 1、本科及以上学历，计算机相关专业，3年以上后端开发经验； 2、精通Java及主流框架,如SpringBoot、Spring Cloud/Django、Mybatis Plus等框架； 3、熟悉MySQL/PostgreSQL数据库，熟悉Redis、MQ（如Kafka/RabbitMQ）等中间件，有时序数据库使用经验者优先； 4、有物联网平台开发经验，熟悉TCP/MQTT/HTTP等通信协议，有车企车联网开发经验者优先； 5、有车联网大数据开发经验，如Flink实时计算、Spark离线分析等； 6、熟悉容器化部署（K8S、Docker）； 7、具备系统集成经验，熟悉API设计及数据同步机制，有ERP/MES对接经验者加分。 二、岗位职责： 1、负责车联网云平台后端服务开发，包括车辆数据接入、业务逻辑处理、第三方系统对接； 2、设计与实现MES、营业系统等内部系统的数据接口与集成方案； 3、负责车辆数据存储、分析和实时计算模块的开发与优化； 4、通过代码优化，分布式缓存（redis）等手段，提升平台性能 5、保障系统高可用、可扩展性，参与技术架构演进与性能调优。",本科,3年及以上,机械/设备/重工,2026-02-28,2026-04-28
2652,新大洲本田摩托（苏州）有限公司,新大洲A,煤炭开采和洗选业,车联网架构工程师,苏州,15000.0,25000.0,"一、招聘要求： 1、计算机科学、通信工程或相关专业本科及以上学历，8年以上后端开发经验，其中至少3年以上作为架构师主导过物联网或车联网相关大型平台的设计与落地； 2、有完整的从0到1或从1到N构建并成功运营海量设备物联网平台的经验，有电动两轮车/摩托车、汽车、共享出行等行业经验者优先； 3、精通Java/Go/Python中至少一门语言及生态；精通主流云平台（AWS/Aliyun/Tencent Cloud）的物联网相关服务； 4、熟悉MySQL/PostgreSQL数据库，熟悉Redis、MQ（如Kafka/RabbitMQ）等中间件； 5、 深入理解物联网核心协议（MQTT, CoAP, HTTP）及优化，精通设备管理、连接保活、消息队列、OTA、设备影子等物联网核心模式； 6、熟悉Flink、Spark等框架，熟悉时序数据库，具备处理高并发、海量数据（尤其是GPS等时序数据）的实践经验，精通性能调优、容量规划及高可用/容灾方案设计； 7、了解AI，能够挖掘AI在车联网系统中的应用为加分项。 二、岗位职责： 1、负责公司车联网整体技术架构（终端-TBOX、通信网络、云平台、移动应用、数据中台）的顶层设计、演进规划和技术选型； 2、制定并持续优化系统非功能性目标，包括高可用、高并发、高性能、可扩展性、安全性及数据一致性方案； 3、绘制技术蓝图，制定2-3年的技术演进路线图，以支撑业务从十万级向百万级车辆规模的增长； 4、设计海量TBOX设备接入、连接管理、指令下发、OTA升级等核心物联网场景的技术方案； 5、主导车联网平台与公司内部核心系统（如MES生产执行系统、CRM/营业系统、大数据平台）的集成架构设计，确保数据流与业务流高效、解耦、可靠； 6、建立并主导执行全链路的技术规范体系，包括但不限于：微服务API规范、数据通信协议规范、代码开发规范、数据库设计规范、运维部署规范。",本科,8年及以上,机械/设备/重工,2026-02-28,2026-04-28
2718,上海飞奥燃气设备有限公司,大众公用,燃气生产和供应业,软件运维工程师（深圳）,深圳,10000.0,15000.0,岗位职责： 1.负责现有应用系统全生命周期日常运维，包括定期巡检、数据备份与恢复、安全加固等工作，保障系统7×24小时安全、稳定、高效运行; 2.主导测试环境的搭建与管理，负责补丁包的更新部署、初验验证，独立编写运行测试SQL脚本，确保测试环境的可用性与准确性； 3.深入理解应用系统架构，兼具运维实操与开发能力，系统出现故障时可快速研判问题根源，主动响应并协调内外部资源推进处置，形成完整的故障处理记录与分析报告，沉淀问题解决方案； 4.实时监控应用请求响应时间、错误率、数据库查询性能等核心指标，精准收集、分析系统异常日志，提前识别潜在风险并快速响应处置，保障系统性能最优。； 5.协同外部软件开发商，高效推进软件功能迭代、新功能搭载、API集成对接及UI体验优化等业务，全程跟进项目进度，确保需求落地质量。； 6.负责上线系统的用户咨询应答、问题受理与闭环处理，做好全流程记录与反馈，提升用户使用体验，践行客户为尊的服务理念； 7.深度挖掘与精准理解客户核心需求，牵头推进平台功能、易用性及UI设计的迭代优化；定期组织用户培训，输出清晰易懂的培训材料，助力用户高效使用系统； 8.负责系统上线实施的前期数据预处理、主数据整理、导入及校验工作，严格遵循系统规则与上线条件，确保上线流程顺畅、数据准确无误。 任职要求： 1.本科及以上学历，计算机相关专业，3年及以上具备中大型软件开发或系统运维相关工作经验，具备“开发+运维”双重能力者优先; 2.具备出色的沟通表达与需求解读能力，以客户为中心，能快速捕捉客户需求与业务痛点，主动推进需求落地，高效协同内外部对接； 3.精通系统调试、性能调优技巧，对疑难技术问题具备极强的排查、分析与解决能力，善于总结沉淀问题处理方法； 4.掌握Spring、MyBatis、RabbitMQ、Kafka、Redis、Netty等常用开发框架，能灵活运用框架实现业务需求与问题解决； 5.理解前后端分离，微服务架构理念，熟练使用Spring Cloud框架进行开发与运维，了解Docker容器化技术及K8s集群管理，有相关实操经验者优先； 6.熟练掌握MySQL、SQL Server、Oracle等主流数据库使用经验，具备扎实的SQL编写能力；拥有Java开发及MySQL性能调优经验者优先，能独立完成数据库性能优化工作； 7.具备Linux/Unix系统下的开发与运维经验，熟练掌握Shell脚本编写与操作，能独立完成系统日常运维、自动化脚本开发等工作； 8.具备高度的责任感与敬业精神，主动性强、执行力突出，拥有优秀的团队协作意识，能高效配合团队完成各项工作任务。； 9.适应能力与抗压能力佳，能接受短中期出差安排，快速适应不同工作场景，确保工作高效推进。,本科,3年及以上,机械/设备/重工,2026-01-26,2026-03-26
2724,新疆鑫泰天然气股份有限公司,新天然气,燃气生产和供应业,法务/风控合规岗,庆阳,8000.0,12000.0,工作职责 依据公司年度工作计划，对各部门的审批流程、项目建设进度进行全周期督导，及时纠偏不合规环节。 主导公司各类合同的法律审查工作，针对潜在风险提出可落地的整改意见，保障合同条款的严谨性与合规性。 结合年度经营目标拟定专项审计计划，覆盖业务流程、财务规范等关键领域。 严格遵循审计工作规范执行现场审计程序，独立编制完整、规范的审计工作底稿并提交审核。 负责公司法律事务的资料收集与整理，协助外部律师处理诉讼、仲裁等法律纠纷。 对业务流程中发现的舞弊线索及时上报，按公司要求启动内部调查并形成正式审计报告。 承担公司日常公文的合规性审核工作，确保发文内容符合法律法规及内部制度要求。 负责公司公章的日常管理与使用审批，建立完善的用印登记与风险管控机制。 任职要求 本科及以上学历，法律、审计、金融等相关专业，持有法律职业资格证书或审计师资格证书优先。 具备3年以上企业法务或风控合规工作经验，有能源（燃气/电力）行业背景者优先。 精通《民法典》《公司法》等法律法规，熟悉合同审查、内部审计的标准流程与方法。 具备较强的风险识别能力与逻辑分析能力，能独立完成审计项目或法律事务处理。 拥有良好的跨部门沟通协调能力，能高效推动合规要求在业务端的落地。 工作严谨细致，具备高度的责任心与保密意识，能承受一定的工作压力。,本科,5年及以上,电力/水利/热力/燃气,2026-02-27,2026-04-27
2668,广东九丰能源集团有限公司,九丰能源,燃气生产和供应业,财务经理(J10006),广州,20833.0,29167.0,工作职责: 1. 负责集团月度、年度财务报表的编制，各子公司财务报表的审核、合并及汇总工作； 2. 统筹半年度及年度报告等法定披露材料的编制与报送； 3. 牵头年度外部审计工作，负责审计对接、资料提供与问题整改协调，保障审计程序合规高效； 4. 复核集团总部日常账务处理，监督财务制度执行，防范核算风险； 5. 按集团管理层及业务部门需求，及时、准确提供财务数据支持与专项分析材料； 6. 参与财务数字化转型项目，协同推进财务系统升级及财务共享中心建设； 7. 开展经营财务分析，支撑年度预算编制、滚动预测及月度经营分析会议决策； 8. 完成本岗位职责范围内及法律法规规定的其他财务管理工作。 任职资格: 1. 会计学、财务管理或相关专业本科及以上学历，具备7年以上集团化企业或上市公司财务管理工作经验； 2. 持有注册会计师（CPA）资格证书，具备财务分析、报表合并、审计协同及预算管理实操经验； 3. 熟悉企业会计准则及上市公司信息披露要求，掌握主流财务系统（如SAP、Oracle、用友NC等）操作逻辑； 4. 具备跨部门协作能力，能独立开展业财融合分析并推动财务建议落地。,本科,8年及以上,石油/化工/矿产/地质,2026-02-05,2026-04-05
2725,东莞市九丰化工有限公司,九丰能源,燃气生产和供应业,甲醇业务经理,杭州,12500.0,20833.0,一、岗位职责 1、负责指定品种的盘面交易，实时跟踪盘面行情，制定并执行交易策略，把握市场交易机会，协助部门达成利润目标。 2、协助开展甲醇期现结合交易业务，统筹期货与现货联动操作，优化期现套利、套保等交易模式。 3、负责交易全流程风险控制，建立并完善风险管控体系，监控仓位、资金及价格波动风险，确保业务合规稳健运行。 4、维护上下游客户资源，拓展业务渠道，收集市场信息并形成分析研判。 5、完成交易数据分析、工作总结及上级交办的其他业务工作。 二、任职要求 1、全日制本科及以上学历，金融、经济、化工、贸易等相关专业优先。 2、熟悉甲醇品种特性，精通盘面操作与行情分析，具备扎实的期货、现货交易实操经验。 3、深度熟悉华东甲醇市场格局、产业链供需、价格体系及主流贸易模式。 4、具备较强的风险识别与风控能力，有成熟的交易逻辑与风控思维，无重大交易风险事故记录。 5、工作严谨负责，抗压能力强，具备良好的市场敏感度、决策力与沟通协调能力。,本科,3年及以上,石油/化工/矿产/地质,2026-02-27,2026-04-27
201,浙江卓锦环保科技股份有限公司,卓锦股份,生态保护和环境治理业,环保工程师,杭州,5500.0,10000.0,【工作内容】 1、负责水处理工艺（电催化氧化）实验室小试，现场中大试，参与现场调试和工程安装等； 2、实验装置的日常维护； 3、协助进行工艺、装置CAD图纸等的制作等。 【岗位要求】 1、善于学习，动手能力强； 2、熟练CAD等办公软件； 3、接受不定期出差； 4、有相关工作经验者优先考虑。,本科,1年及以上,环保,2026-03-03,2026-05-03
207,安徽舜禹水务股份有限公司,舜禹股份,生态保护和环境治理业,营销总监,福州,12000.0,24000.0,岗位职责; 1、负责区域渠道、客户、合作伙伴的市场拓展，包含并不限于政府、水务集团、市政环保等行业的拓展工作； 2、良好的市场分析能力和研判力，了解掌握区域内政策和行业发展规划和趋势； 3、带领团队承接企业战略目标，输出组织绩效指标，赋能提升团队销售力、交付力； 4、实时洞察二次供水、环保行业发展、客户诉求及痛点，输出营销实施路径和策略，并落实完成； 任职资格： 1、本科以上学历，30-45岁；适应区域性出差工作； 2、电气自动化、给排水、环境工程、计算机等相关专业； 3、具有良好的项目全程管控和纠偏能力； 4、具备团队管理经验，具备良好的沟通整合能力善于与政府部门交往；,本科,8年及以上,环保,2026-02-11,2026-04-11
149,大庆城控电力有限公司,城发环境,生态保护和环境治理业,工厂检修,大庆,4000.0,6000.0,1.熟悉工厂设备，会电焊、气割等。 2.熟悉安全工作规程，掌握检修设备情况和与检修设备有关的系统，熟悉安全施工的方法，检修工艺和检修质量标准。,中技/中专,3年及以上,电力/水利/热力/燃气,2026-01-07,2026-03-07
193,江西金达莱环保股份有限公司,金达莱,生态保护和环境治理业,GMP总监,南昌,25000.0,30000.0,岗位职责 1、全面负责日常运营管理，包含生产管理，质量管理，细胞库管理，后勤保障等统筹资源调配，保障质量目标达成及质量管理部门独立履职。 2、协调跨部门衔接，监督工作符合GMP规范，审核监督生产及交付计划。 3、负责审核批准年、季、月生产计划，并保证各项计划指标的全面完成，统计及各计划的组织和实施工作。 4、联动质量部门，核验体系及质量数据，核查SOP执行情况。 5、配合公司重大事项，跟踪复盘每日/周/月工作，确保闭环。 6、配合工艺开发、质量研究及稳定性考察，保障研产衔接。 7、考核职能组主管，监督其工作按质按量完成。 8、负责组织生产管理文件的制(修)订、审核、检查等管理工作，并按GMP要求对各类文件进行检查、监督。 9、监控影响产品质量的因素，负责组织生产事故的调查、处理，对造成事故的单位或个人，视情节的轻重给予处理。并认真分析事故原因，总结经验教训，制订、落实防止事故的措施。 任职要求 1、硕士研究生及以上学历，生物工程、制药工程、药学、化学等相关专业。 2、10年以上GMP实验室工作经验，5年以上GMP管理经验。 3、熟悉试剂、细胞制品等物料管理及质量控制流程，能精准把控生产全流程风险点。 4、具备较强的生产计划统筹、跨部门协调及问题解决能力。 5、具备优秀的团队管理、绩效考核能力，原则性强，严谨细致，能承受一定工作压力。 说明：本职位代江西金达莱生物技术有限公司发布招聘，期待与您携手共进。,硕士,10年及以上,环保,2026-02-14,2026-04-14
1772,中电信量子信息科技集团有限公司,中国电信,电信、广播电视和卫星传输服务,光学工程师（合肥）,合肥,8000.0,16000.0,学历要求 硕士及以上 专业要求 光学工程、光学等相关专业 岗位职责 1.负责光学相关新技术的验证，包括验证系统的设计、光电器件选型、以及软硬件需求，并完成验证系统搭建和验证； 2.负责新器件验证及导入； 3.指导工艺师完成产品试制； 4.编写技术验证、器件验证、产品转生产等相关文档。 应聘资格要求 1.光学相关专业，硕士及以上学历； 2.光学基础扎实，熟悉常用光纤器件和光学相关测量仪器； 3.具有量子保密通信相关课程、项目经验者优先； 4.具有光集成芯片相关课程、项目经验者优先； 5.具有微电子组装和微电子封装经验者优先； 6.具有TFQKD、MPQKD项目经验者优先； 7.具备单频DFB光纤激光器的研发、设计或搭建经验者优先； 8.具有良好的沟通协调能力，能与团队成员高效协作。,硕士,经验不限,通信/电信/网络设备,2026-03-06,2026-05-06
1779,浙江省公众信息产业有限公司,中国电信,电信、广播电视和卫星传输服务,售前解决方案（文旅方向）,杭州,12500.0,25000.0,岗位职责： 1、负责搭建并持续完善公司文旅软件产品的售前资料体系，包括但不限于标准解决方案库、行业白皮书、案例库、竞品分析报告等。 2、基于行业研究，沉淀优秀管理理念与业务模式，形成可复用的方案模块与知识资产。 3、深入一线，配合销售与产品团队，完成面向政府、文旅局、景区、文旅集团等客户的深度业务调研与需求分析。 4、基于公司产品体系与客户实际管理痛点，独立撰写高质量、定制化的技术解决方案，包括项目建议书、可行性研究报告、总体规划方案及投标技术文件等。 5、负责解决方案的现场讲解、产品演示及技术答疑，清晰、流畅地向客户决策层与技术层传递方案价值与核心技术优势。 6、主导或参与售前技术交流、方案评审、产品选型及POC测试支持，有效推动项目进程。 7、协助市场团队，提供面向文旅行业的市场宣传材料、成功案例包装及行业洞察内容。 8、持续跟踪国家及地方文旅产业政策、技术发展趋势及行业标杆动态，定期输出分析报告，为产品迭代与市场策略提供输入。 任职要求： 1、学历专业：本科及以上学历，计算机、软件工程、信息技术等相关理工科背景。 2、经验要求：3年以上To B/G软件产品售前、解决方案或技术顾问工作经验，完整主导过解决方案设计至投标落地的全流程。 3、硬技能：精通PPT、Visio、Word、Excel等办公及方案制作软件，具备出色的方案撰写、数据可视化与文档排版能力。 4、核心素质：逻辑思维严谨，具备强大的学习能力、业务理解力与分析能力，能快速理解复杂业务并将其体系化。 5、沟通协作：具备优秀的客户沟通、演讲呈现与跨部门协同能力，工作积极主动，具备强烈的团队合作精神和客户服务意识。 6、优先条件：具备智慧旅游、数字文博、文旅大数据、产业互联网等相关领域的数字化项目售前支持成功经验或拥有政府、事业单位、高校或文旅行业（如景区、博物馆、文旅科技公司）的售前或项目经验者优先。 该岗位由浙江信产技术有限公司签约并安排至浙江省公众信息产业有限公司项目部工作。 来自,本科,3年及以上,通信/电信运营、增值服务,2026-01-26,2026-03-26
1719,中国移动通信集团山东有限公司,中国移动,电信、广播电视和卫星传输服务,可信数据空间研发工程师-创新院,济南,8000.0,12000.0,岗位职责： 1.负责围绕可信数据空间的设计、研发、落地与优化，聚焦数据可信流通、安全管控、合规适配，协同团队完成全流程技术支撑。 2.负责可信数据空间核心技术研发，包括数据可信接入、脱敏加密、权限管控、溯源审计、隐私计算等模块的设计、编码与迭代优化，保障数据在空间内的可信、安全、合规流转。 3.对接业务需求，结合数据标注、数据服务等核心场景，设计可信数据空间整体技术架构与实施方案，适配不同行业客户的数据可信管理需求，推动技术落地应用。 4.参与可信数据空间相关技术调研与攻关，跟踪行业前沿技术（如区块链、联邦学习、数据沙箱）及相关标准规范，引入先进技术理念，提升产品核心竞争力。 任职资格要求： 1.教育：硕士研究生及以上学历，计算机科学、软件工程、人工智能、通信工程、电子信息、自动化等相关专业。 2.知识技能：熟练掌握至少一门主流编程语言（Java/Python/C++），具备独立完成模块研发、系统集成的能力；熟悉SpringBoot、Django等主流开发框架，掌握数据脱敏、加密算法、权限管控、数据溯源等核心技术；了解区块链、联邦学习、隐私计算、数据沙箱等相关技术，有相关研发或应用经验者优先，熟悉分布式系统、数据库（关系型+非关系型）、消息队列等技术，具备可信数据空间、数据安全平台、数据管理系统等相关产品研发经验者优先。 3.素质能力：具有丰富的技术开发经验，具有较强的敬业精神、高度的责任感、自我激励能力，较强的学习能力，良好的交流沟通能力，吃苦耐劳；项目经验丰富的优先考虑。 4.其他：具有2年及以上科技企业或科研院所相关岗位工作经历。 来自：,本科,2年及以上,通信/电信/网络设备,2026-03-02,2026-05-02
1764,中移铁通有限公司,中国移动,电信、广播电视和卫星传输服务,网络代维管理—浙江分公司,浙江,10000.0,20000.0,岗位职责： 1. 负责基站、传输线路、室内分布等通信设施的日常巡检与预防性维护。 2. 执行通信网络故障的快速定位、现场抢修与恢复。 3. 维护资源数据，完成运维报表，确保运营商各项考核指标（KPI）达成。 4. 严格按照安全规范，使用专业仪器与工具进行标准化作业。 任职要求： 1. 大学本科及以上学历。 2. 2年以上从事通信运营商网络综合代维工作经验。 3. 至少精通“基站+线路”或“基站+室分”两大类专业知识，具备设备操作、简单故障处理能力。 4. 持有中国移动/相关行业协会/国家部委相关资格认证者优先。 5. 具备良好的沟通能力与团队协作精神，能适应夜间、节假日及恶劣天气下的应急保障工作。 其他说明： 1.招聘数量：若干。 2.薪酬待遇：根据应聘人员综合素质、专业能力及岗位匹配度等综合核定，具体待遇面议。 3.工作地点：浙江省内。,本科,5年及以上,通信/电信运营、增值服务,2026-02-04,2026-04-04
1015,长城证券,深圳能源,电力、热力生产和供应业,理财顾问 （J10413）,北京,6000.0,12000.0,工作职责 1. 开拓新客户，挖掘潜在客户需求，提供优质的理财服务。 2. 维护已有客户，跟进客户需求，推荐适合的金融产品，提高客户满意度。 3. 定期进行理财培训，提高自身金融专业知识和销售技能，提升个人业绩。 任职资格 1. 具备1年以上相关销售工作经验，熟悉金融市场，具备较强的销售能力。 2. 具有良好的沟通能力和亲和力，善于与他人合作，具备团队合作精神。 3. 对未来有较高的职业规划和发展追求，具备学习进取的态度，持续提升自身能力。 4.本科以上学历，已通过证券从业资格考试。,本科,3年及以上,证券/期货,2026-01-21,2026-03-21
1021,哈尔滨九洲集团股份有限公司,九洲集团,电力、热力生产和供应业,高级区域客户经理（吉林）,长春,8000.0,12000.0,1、负责公司产品的销售业务，完成个人销售指标； 2、确定重点、老客户工作的续接； 3、开发新客户，并使其于公司建立业务联系； 4、积极同本地区及其它区域办事处进行项目协作，有团队精神。 职位要求： 1、电气或机械类、自动化、市场营销等相关专业； 2、两年及以上销售经验 3、有大客户销售、项目销售经验 （来自 ）,大专,2年及以上,电气/电力/水利,2026-03-05,2026-05-05
963,长城证券,深圳能源,电力、热力生产和供应业,证券柜员,北京,6000.0,7000.0,1、年龄：35岁以下，身体健康； 2、学历：本科； 3、业务要求：具有证券执业资格；熟练使用办公软件、财务软件、办公自动化设备；具有适应岗位需求的文字水平和语言表达能力，工作严谨细致、原则性强； 4、工作年限：有证券公司柜台工作经验者优先； 5、其他要求：气质良好，具有一定的语言表达能力和亲和力，较好的客户服务意识；善于与人交流，具有良好的团队合作精神；工作勤奋踏实、不怕吃苦，认同公司的文化和理念，有高尚的职业素养,本科,经验不限,证券/期货,2026-02-11,2026-04-11
1007,上海外高桥第三发电有限责任公司,申能股份,电力、热力生产和供应业,外三发电集控巡操（2026届）,上海,11667.0,18333.0,工作职责 1.负责贯彻执行与本岗位相关的各项规章制度。 2.负责发电设备与系统的巡检、抄表和现场操作维护。 3.负责正确填写操作票，严格执行操作命令监护制度。 4.协助完成上级布置的其他任务。 任职资格 1.学历及专业要求：大学本科及以上学历，电气类、自动化类、能源动力类相关专业。 2.知识要求：熟悉电力生产相关专业知识。 3.能力要求：具有良好的沟通能力和语言文字表达能力。 4.其他要求：认真负责，踏实肯干，乐观向上，具有团队精神；身体健康，能适应倒班工作制。,本科,经验不限,政府/公共事业,2026-03-02,2026-05-02
1391,中天科技集团海洋工程有限公司,中天科技,电气机械和器材制造业,安全工程师（应届）,南通,6000.0,9000.0,岗位职责： 1、负责组织公司安全标准化工作有序开展； 2、根据公司安全目标制定公司年度安全生产工作计划并推进实施； 3、贯彻落实上级安全生产监管单位、集团公司有关安全生产工作要求； 4、组织开展在建项目的安全监督检查，督促问题及隐患的整改闭环； 5、负责在建工程项目安全管理及资料档案整理工作。 任职要求： 1、统招本科及以上学历，安全工程类相关专业； 2、具有良好的沟通能力、责任心强，工作认真细致、具有良好的团队协作能力； 3、熟练使用办公软件，具有较强的文字功底； 4、接受驻外、出海工作环境。,本科,经验不限,建筑/建材/工程,2026-01-08,2026-03-08
1394,四川英杰电气股份有限公司,英杰电气,电气机械和器材制造业,生产计划/物料管理(J10079),德阳,4000.0,8000.0,工作职责: 1、负责工厂生产月计划与周计划的编制与生产指令的发布及执行的进度跟踪直至达成； 2、做好订单的审核、生产前的打样安排、确认、生产各环节的进度物料供应、工艺组织布置、品质状况跟踪落实； 3、依据生产计划的完成情况、采购物资供应情况，合理调整生产计划达成出货要求； 4、做好生产现场转单的物料供应筹备工作与结单时产品数量物料清退跟进工作； 5、协调工厂内各部门，解决生产障碍，保证生产的顺利进行； 6、依订单生产之要求，跟踪需料需求、备料催询、紧急催询的落实工作。 任职资格: 1、大专及以上学历，电学相关专业优先； 2、有大中型制造业工作经验优先。,大专,经验不限,电气/电力/水利,2026-01-12,2026-03-12
1428,杭州中恒电气股份有限公司,中恒电气,电气机械和器材制造业,SMT组长,杭州,6000.0,8000.0,岗位职责： 1、依据日生产计划，组织人员保质保量完成生产任务； 2、负责每日召开班组会议，不断提升班组产品质量及员工技能水平； 3、对班组工具及设备管理盘点，按时组织完成设备维保及点检； 4、熟悉MES及SAP系统操作 5、处理生产中的异常，生产纪律维护及6S管理推进 岗位要求： 高中及以上学历，需要两班倒，有相关SMT工作经验,高中,2年及以上,通信/电信/网络设备,2026-01-14,2026-03-14
1341,苏州意华通讯接插件有限公司,意华股份,电气机械和器材制造业,研发工程师（2607）,苏州,10000.0,20000.0,"工作内容描述 1、负责光伏、储能及大电流连接器类新产品开发,了解相关产品技术参数,关注产品发展动向。 2、负责新产品开发设计项目,按照公司新产品设计开发流程,主导新品开发的样品制作、验证、试产、评估、推广等,编制产品齐套设计文件、技术条件、技术说明书等技术资料,并配合销售进行新产品宣传工作,将所有材料归档备案。 3、完成与销售人员对接,及时了解客户需求,实现公司产品的多样化、客户定制化。 4、对工程、品质、生产试产产品提供技术支持； 5、制程过程中疑难问题解决； 6、完成上级交予的其他临时性任务。 经验 光伏、储能及大电流连接器类产品 三年以上工作经验 技能 熟练使用CAD、Pro/E、Solidworks、UG等制图及办公软件; 能及时处理客户投诉及产品技术问题； 责任心、沟通协调能力、团队合作意识强烈. 薪资可谈！！！",大专,3年及以上,电子技术/半导体/集成电路,2026-01-21,2026-03-21
3260,牧原食品股份有限公司,牧原股份,畜牧业,26届销售管培生（湖州）,杭州,15000.0,20000.0,【关于薪资】 起薪8K起，一人一薪，综合15-25K！业绩奖金上不封顶，多劳多得，更有“春雨工程”股权匹配等你来战！ 【关于福利】 1、带薪培训、免费住宿、交通补贴、通话补贴、节假日福利、五险一金、福利贷款、福利买房、福利购车等~ 2、中国民营企业100强&amp;上市公司为您提供足够大的平台，助您大展拳脚！ 3、内外部大咖级导师为您匹配专业的人才培养方案，助您入职无忧！ 4、高级外部咨询，完善的管培体系，职业销售人全程带教，成长无限，修炼高阶人生！ 【岗位职责】 1、市场分析与规划：收集并分析市场、渠道、客户与产品信息，制定渠道与客户的开发策略； 2、客户开发：明确客户需求，挖掘潜在销售机会，协调资源为客户提供极致的产品与服务，为客户创造实实在在的价值，达成合作； 3、客户管理：深化客户关系，解决客户难题，提升客户满意度，构建互信双赢的伙伴关系； 4、销售管理：协同生产、运营作战，进行每日价格监测、促销、售后、回款等管理，与客户共同挖掘增长机会，提升销售份额。 【任职要求】 1、学历：本科以上学历，专业不限； 2、素质：责任心强、目标感强，热爱销售，具有良好的分析和解决问题的能力； 3、实践经历：有校园学生会、社团组织、社会实践经验者优先。 【关于公司】 2014年上市，中国民营企业100强，2021年收入770亿，2022年收入1248亿，净利润149亿，2023年营收1108亿元，员工14万人，子公司300余家，总资产2000 亿元，是一家集饲料加工、生猪养殖、屠宰加工为一体的智能化农牧企业。 【关于产品】 我们销售的产品主要是生鲜猪肉，对接的渠道有农贸、商超、大客户三个渠道的B端大型客户~ 【关于地点】 全国20省可选，但需要接受省内调动，只考虑具体城市，暂时不能满足哦~ 全新事业部超多机会、超多资源、超高薪资！ 用智能科技赋能屠宰生产，用人才机制汇聚十四万英才！ 期望与您携手，一起端牢中国饭碗，共筑社会美好！。,本科,经验不限,农/林/牧/渔,2026-02-03,2026-04-03
3230,牧原食品股份有限公司,牧原股份,畜牧业,26届销售管培生（底薪8K起）（通化）,通化,12000.0,20000.0,【岗位职责】 1、市场分析：收集市场及行情信息，通过分析产品结构、渠道结构与供给结构，为销售策略制定提供依据； 2、客户开发：确定目标市场，贯彻客户开发策略，收集目标客户信息，与潜在客户沟通、谈判，挖掘潜在销售机会，开发更多优质客户； 3、客户管理：以客户需求为导向，改善和维系客户关系，协调内部资源，提高服务质量，帮助客户提升盈利水平，扩大合作量级，形成规范共赢的合作关系； 4、销售管理：从市场全局出发，分解销售目标，进行销售计划复盘，解决市场开发问题，提升市场份额。 【任职要求】 1、本科及以上学历，专业不限； 2、性格开朗，有耐心，有积极的开拓意识； 3、善于沟通、人际链接能力强，具有良好的问题分析和解决能力； 4、期望快速晋升，具备销售团队管理经验者优先。 【关于产品】 我们的产品主要是生鲜猪肉类，产品力全国领先，目前对接渠道有大客户、商超、农贸三个渠道，主要面对B端大型客户~ 【工作地点】 全国20+省份可选，但需要接受省内调动，如只考虑指定城市，暂不能满足哦 【薪资待遇】 底薪8K起，一人一薪，综合薪资15-25k，业绩奖金上不封顶，多劳多得，更有“春雨工程”股权匹配等你来战！ 【关于福利】 1、带薪培训、免费住宿、五险一金、交通补贴、通话补贴、节假日福利、福利贷款、福利买房、福利购车等； 2、中国100强&amp;上市公司为您提供足够大的平台，助您大展拳脚； 3、内外部大咖级导师为您匹配专业的人才培养方案，助您入职无忧； 4、合作多家全球一流咨询机构，为您带来国际视野、行业卓越经验。,本科,经验不限,农/林/牧/渔,2026-02-26,2026-04-26
3252,牧原食品股份有限公司,牧原股份,畜牧业,26届大客户销售（七台河）,郑州,15000.0,30000.0,【岗位职责】 1、市场分析与规划：收集并分析市场、渠道、客户与产品信息，制定渠道与客户的开发策略； 2、客户开发：明确客户需求，协调资源为客户提供极致的产品与服务，为客户创造价值，达成业绩； 3、客户管理：深化客户关系，解决客户难题，提升客户满意度，构建互信双赢的伙伴关系。 【任职要求】 1、本科及以上学历，专业不限；26届毕业生 2、素质能力：善于沟通、人际连接力强，具有良好的分析和解决问题的能力，富有开拓精神； 3、实践经历：有校园学生会、社团经验、社会实践经验者优先； 4、其他：热爱销售工作，愿意长期发展。 【与你共享】 1、薪资待遇：底薪8K-15K+，综合15K+ 2、万亿级市场，200+管理岗位，机会多多； 3、专业级外部咨询，职业销售人全程带教，实战历练，突破自身限制； 4、共筑愿景，共创成功，实现企业价值和个人丰盛人生！,本科,经验不限,农/林/牧/渔,2026-02-28,2026-04-28
3261,牧原食品股份有限公司,牧原股份,畜牧业,销售管培生（沈阳）,沈阳,15000.0,30000.0,岗位职责 1、市场分析与规划:收集并分析市场、渠道、客户与产品信息，制定渠道与客户的开发策略; 2、客户开发:明确客户需求，挖掘潜在销售机会，协调资源为客户提供极致的产品与服务，为客户创造实实在在的价值，达成合作; 3、客户管理:深化客户关系，解决客户难题，提升客户满意度，构建互信双赢的伙伴关系; 4、销售管理:协同生产、运营作战，进行每日价格监测、促销、售后、回款等管理，与客户共同挖掘增长机会，提升销售份额。 任职要求： 1、本科以上学历，专业不限； 2、素质能力：责任心强，目标感强，热爱销售，具有良好的分析和解决问题的能力； 3、实践经历：有校园学生会、社团经验、社会实践经验者优先； 4、热爱销售工作，愿意长期发展。 您可以成长为： 1、销售大咖：深化客户关系、创新销售模式，重塑猪肉的交易与购买。 2、产品专家：成为我们客户的品类专家，成为值得信赖的销售顾问。 3、运营经理：洞察行情、价格、了解运营底层逻辑，应对复杂的业务挑战。 与你共享： 1、万亿级市场，150+城市覆盖全国，广阔天地，大有可为； 2、高额奖金，200+管理岗位，机会多多，共创成功； 3、外部咨询，完善的管培体系，职业销售人全程带教，成长无限，修炼高阶人生； 4、让所有人都能平价享受高品质猪肉，引领中国餐桌革命，实现企业价值和个人丰盛人生！,本科,经验不限,农/林/牧/渔,2026-01-24,2026-03-24
4906,兴业皮革科技股份有限公司,兴业科技,皮革、毛皮、羽毛及其制品和制鞋业,IATF16949体系经理,合肥,9000.0,15000.0,1. 工程、科学或相关领域的本科及以上学历； 2. 对ISO 9001等质量管理体系标准有深入了解； 3. 有质量体系工程师或相关领域的工作经验； 4. 善于解决问题和进行项目管理； 5. 擅长沟通和协调，善于与他人合作。,本科,5年及以上,纺织业/服饰产品加工制造,2026-01-21,2026-03-21
4892,明新旭腾新材料股份有限公司,明新旭腾,皮革、毛皮、羽毛及其制品和制鞋业,招聘专员,嘉兴,7000.0,8000.0,岗位职责: 1. 根据公司业务发展需求，收集并整理各部门招聘需求，制定并执行招聘计划； 2. 独立开展招聘全流程工作，包括简历筛选、面试安排、录用沟通及入职协调； 3. 拓展并维护招聘渠道，优化招聘流程，提升招聘效率与质量； 4. 协助新员工入职引导，跟进试用期表现，推动员工顺利融入团队； 5. 配合完成员工相关协议的签订与管理，确保招聘工作合规有序。 任职要求： 1. 善于沟通协调，具备良好的人际交往能力与问题处理能力； 2. 熟悉招聘流程，有较强的责任心和执行力，能承受一定工作压力； 3. 具备良好的学习能力，能快速适应岗位要求并持续提升专业能力。。来自,本科,5年及以上,汽车,2026-03-04,2026-05-04
4901,肃宁县京南裘皮城有限公司,华斯股份,皮革、毛皮、羽毛及其制品和制鞋业,招商经理,沧州,9000.0,10000.0,岗位内容： 1. 负责公司招商业务推广，为公司带来新的机遇和业务来源； 2. 积极发掘市场机会，深入了解客户需求，协调内外资源完成各项招商任务； 3. 策划和组织各种活动促销活动，提升公司品牌知名度和美誉度； 任职要求： 1. 具有丰富的市场拓展或招商经验者优先，无经验者培训后可上岗； 2. 思路清晰，善于沟通，表达能力强，逻辑性强； 3. 勇于接受挑战，具有优秀的开拓精神，自信、自主、自律； 4. 具有较强的团队协作能力，能够适应一定的工作压力； 5. 年龄在20-40岁之间。,大专,5年及以上,服装/纺织/皮革,2026-01-23,2026-03-23
4894,明新旭腾新材料股份有限公司,明新旭腾,皮革、毛皮、羽毛及其制品和制鞋业,销售经理,嘉兴,25000.0,30000.0,岗位职责： 1、销售目标达成： 负责汽车内饰革产品的销售工作，制定并完成年度销售目标。 开拓新客户，维护现有客户关系，提升客户满意度和忠诚度。 2、市场分析与策略制定： 分析汽车内饰革市场趋势、竞争对手动态及客户需求，制定销售策略。 根据市场变化及时调整销售计划，确保公司在市场中的竞争优势。 3、客户开发与维护： 开发潜在客户，建立并维护长期稳定的客户关系。 定期拜访重点客户，了解客户需求，提供定制化解决方案。 4、销售团队管理： 领导销售团队，制定团队目标并监督执行。 培训、指导销售专，提升团队整体销售能力。 5、跨部门协作： 与研发、生产、供应链等部门紧密合作，确保产品交付质量和周期。 反馈客户需求，推动产品优化和创新。 6、销售数据分析与报告： 定期分析销售数据，撰写销售报告，提出改进建议。 向市场部总监汇报销售进展及市场动态。 任职要求： 1、教育背景： 本科及以上学历，市场营销、工商管理、材料科学、化工等相关专业优先。 2、工作经验： 5年以上汽车内饰革或相关行业销售经验，有成功的大客户开发案例。 具备汽车内饰革或汽车零部件行业背景者优先。 3、行业知识： 熟悉汽车内饰革产品的市场动态、客户需求及竞争格局。 了解汽车内饰革的生产工艺、技术特点及应用场景。 4、销售能力： 具备出色的销售技巧和谈判能力，能够独立完成销售目标。 具备较强的客户开发能力和客户关系维护能力。 5、管理能力： 具备团队管理经验，能够带领团队高效完成销售任务。 具备良好的沟通协调能力，能够跨部门协作。 6、语言能力： 具备良好的中英文沟通能力，能够与国际客户进行有效沟通。 7、其他要求： 具备较强的抗压能力和适应能力，能够适应频繁出差。 8、性格特质： 具备强烈的目标导向和结果导向，能够承受高压工作环境。 具备开放的心态和创新的思维，能够接受新事物并推动变革。 具备良好的职业道德和团队合作精神，能够与团队成员共同成长。 9、职业发展： 有明确的职业发展规划，愿意在公司长期发展，带领团队实现更高业绩。 具备国际化视野，能够带领公司拓展国际市场。 薪酬福利： 具有竞争力的薪酬待遇，包括基本工资、绩效奖金、销售提成等。 完善的福利体系，包括五险一金、带薪年假、健康体检等。 提供职业发展机会和培训资源，支持个人成长。,本科,5年及以上,汽车,2026-02-03,2026-04-03
3211,南京威尔药业集团股份有限公司,威尔药业,石油、煤炭及其他燃料加工业,现场QA,南京,7000.0,10000.0,岗位职责： 1、协助部门领导开展质量管理部日常工作，参与建立健全公司的产品质量管理体系； 2、制定或审核质量保证和质量监控的各项规程，审核储运、生产、检验系统等相关文件； 3、协调物料、产品审核放行工作，确保每批已放行产品的工艺、检验符合经批准的技术标准，生产过程按 GMP 有关管理文件及 SOP 要求受控，组织做好记录的归档与保存； 4、建立偏差处理流程并推行，组织并监督对所有偏差和检验结果的超标按“偏差管理”、“00S 处理”等程序进行调查处理，跟踪纠正预防措施的落实，负责组织偏差统计分析报告的出具； 5、组织对储运系统、生产系统、公用系统、检验系统运行情况进行监督、检查并提出改进建议； 6、建立不合格品处理程序，对已确定的不合格品提出处理意见并跟踪管理，出具年度不合格品统计分析报告； 7、制定退货处理流程并推行，组织对退货展开调查并踪退货处理情况，出具退货统计分析报告； 8、完成部门领导交代的其他工作。 任职要求： 1、本科及以上学历，医药类、化工类相关专业，具有2年以上药品或相关行业生产和质量管理的实践经验和管理水平。 2、熟悉药品质量管理流程，有较强的质量意识，掌握GMP管理原则，遵守国家法律、法规。 3、熟悉药品GMP体系认证工作，把握药用辅料质量管理规范和政策，熟悉公司产品的工艺过程、质量关键控制点，具有亲自动手操作能力；熟悉质量体系专业知识，熟练掌握质量保证管理工具的应用并能不断改善；具有分析和解决质量问题的能力。 4、具有较强的学习、分析、沟通和协调能力；工作认真负责，原则性强，积极主动；善于培养、激励员工，提高工作；勇于承担责任；具备不断进取的工作作风和有良好的团队协作精神。,本科,1年及以上,制药/生物工程,2026-02-25,2026-04-25
3216,贵州美锦华宇新能源有限公司,美锦能源,石油、煤炭及其他燃料加工业,焦化销售业务员,六盘水,4000.0,7000.0,一、岗位职责： 1. 市场开发与客户拓展 · 进行市场调研，分析焦化行业动态、竞争对手情况、价格走势及下游客户（如钢铁厂、化工企业、贸易商等）需求。 · 主动寻找和开发新客户，建立并维护潜在客户数据库。 · 参加行业展会、技术交流会，建立广泛的行业人脉网络。 2. 销售计划与执行 · 根据公司年度销售目标，制定个人或区域的销售计划与策略。 · 执行销售活动，完成公司下达的销售量、销售额及利润指标。 · 对重点客户进行重点跟踪和维护，提升客户份额。 3. 客户关系管理 · 负责与现有客户保持紧密沟通，及时了解客户的生产需求、库存情况及未来计划。 · 处理客户询价、报价、技术咨询等服务，提供专业的售前、售中、售后支持。 · 定期拜访客户，维护良好的长期合作关系，提高客户满意度和忠诚度。 4. 合同谈判与签订 · 与客户进行价格、数量、质量、付款方式、交货期等商务条款的谈判。 · 起草、审核销售合同，确保合同条款清晰、合法合规，并符合公司利益。 · 跟踪合同审批流程，完成合同签订。 5. 销售协调与物流跟踪 · 作为公司与客户之间的主要联系人，协调内部生产、质检、仓储、物流等部门，确保产品按时、按质、按量交付。 · 跟踪货物发运情况，及时将相关信息反馈给客户。 · 协调处理交货过程中可能出现的数量、质量异议等问题。 6. 应收账款管理 · 负责所辖客户的应收账款催收工作，确保货款及时回笼，控制坏账风险。 · 定期与财务部门核对账目，确保账实相符。 7. 信息收集与反馈 · 收集市场信息、客户反馈及竞争对手动态，定期向公司提交市场分析报告。 · 将客户对产品质量、服务等方面的意见及时反馈给公司相关部门，促进产品改进和服务提升。 8.日常工作 · 接听/拨打客户电话，处理邮件、微信等日常沟通。 · 制作报价单、销售合同等文件。 · 填写销售日志、客户拜访记录。 · 协调安排发货、对账。 · 参加部门销售会议，汇报工作进展。 二、任职要求： · 教育背景：大专及以上学历，有相关工作经验学历可放宽，市场营销、化学工程、冶金、国际贸易等相关专业优先。 · 工作经验：有焦化、钢铁、煤炭或大宗商品贸易行业销售经验者优先，熟悉焦化产品生产工艺和用途者为佳。 · 专业知识：了解焦炭、煤焦油等产品的国家标准、质量指标及下游应用。 · 具备以下核心能力： · 销售技巧：出色的沟通、谈判和说服能力。 · 市场敏锐度：对价格波动敏感，具备较强的市场分析和判断能力。 · 客户导向：服务意识强，能够建立并维护深度客户关系。 · 抗压能力：能适应销售指标压力，并独立解决问题。 · 团队协作：善于与内部各部门协作。 · 诚信可靠：在涉及大额交易和资金往来时，品德至关重要。 · 其他：能适应短期出差，熟练使用办公软件。,大专,3年及以上,新能源,2026-01-16,2026-03-16
3212,南京威尔药业集团股份有限公司,威尔药业,石油、煤炭及其他燃料加工业,药物分析研究员,南京,8000.0,13000.0,【岗位职责】 1.严格按照质量研究方案或检验规程进行相关实验，负责分析方法开发，质量标准建立，做好验证记录，保证检测数据的真实性和完整性，及时对检验记录进行归档保管。及时完成相关检测任务； 2.参与制定和优化分析方法，建立质量标准，提升检测效率与准确性，认真校核原始记录数据，确保其和质量研究报告的一致性，对研究报告中的数据负责； 3.协助完成药品注册申报相关资料的撰写与数据整理，与合成、生产部门协作，提供技术支持与问题解决方案 4.负责仪器的日常维护保养，规范使用； 5.负责配合OOS、OOT、MDD、偏差的调查，必要时进行验证。 【岗位要求】 1.本科及以上学历，应用化学、制药工程类相关专业； 2.3年及以上医药行业、化工行业相关经历，至少负责过3个及以上项目分析方法开发任务； 3.接触过质量标准建立，能够撰写检测报告及申报资料者优先； 4.熟练掌握常用分析仪器使用技能； 5.有良好团队合作精神、抗压能力,本科,3年及以上,制药/生物工程,2026-02-27,2026-04-27
3224,统一石油化工有限公司,统一股份,石油、煤炭及其他燃料加工业,柴机油客户经理 福建,福州,8000.0,10000.0,职位描述： 福建 1、负责区域内的经销商的开发与维护，协助经销商建设及维护渠道； 2、负责区域内路演、促销等活动的执行工作； 3、负责区域内终端网络的建设与维护； 任职要求： 1、市场营销、汽车、机械等相关专业，专科及以上学历； 2、2年以上销售经验，有渠道管理及汽车相关行业销售经验者优先； 3、良好的表达与沟通能力、分析解决问题的能力； 4、熟练应用各种办公软件； 职位福利：每年多次调薪、五险一金、绩效奖金、餐补、通讯补助、带薪年假、免费班车、节日福利,大专,3年及以上,零售/批发,2026-02-05,2026-04-05
4714,中曼石油天然气集团股份有限公司,中曼石油,石油和天然气开采业,液压气控安装,上海,7000.0,10000.0,1 根据装配图纸和工艺要求，完成液压与气控系统的装配任务。这包括安装液压泵、液压缸、液压阀、气动泵、气缸、气动阀等各类元件，确保元件安装位置精准，连接牢固。 2 负责液压与气动管路的设备和连接，要保证管路走向合理、排列整齐，避免出现扭曲、挤压管路的情况，并且严格做好密封措施，防止液体或气体泄漏。 3 在装配过程中，对每一个装配环节进行质量检查。 4 完成装配后，配合质量检测部门对整个液压与气控系统进行测试，验证系统是否能够正常运行，性能指标是否达到规定的标准。 5参与液压与气控系统的调试工作。按照调试方案，调节系统的压力、流量、速度等参数，使系统达到***的工作状态。 6 负责对装配后的系统进行维护。定期检查系统的运行状况，包括检查元件的磨损情况、管路的密封情况等。 7遵守安全生产规章制度，正确佩戴个人防护用品，如防护眼镜、手套等。,学历不限,3年及以上,石油/化工/矿产/地质,2026-02-04,2026-04-04
4719,中曼石油天然气集团股份有限公司,中曼石油,石油和天然气开采业,售后服务技术工程师,上海,8000.0,16000.0,工作内容： 负责对石油机械设备进行售后技术支持，包括设备检测、故障排查、维护和升级等。 主要职责： - 负责对石油机械设备进行检测、故障排查和维护，确保设备正常运行； - 撰写技术支持文档，提供给用户参考，以解决设备故障； - 参与设备升级，撰写技术支持文档，协助技术人员完成设备升级； - 协助客户解决设备使用中的问题，并根据客户需求提供技术支持； - 对设备的技术问题进行调研，并提出解决方案，反馈给研发人员； -完成上级安排的其他事项。 职位要求： - 大专及以上学历，石油机械设计、调试或相关工作经验5年以上； - 熟悉石油机械设备的工作原理，具有独立完成钻修机配套能力； -熟悉石油及石油装备行业，有相关工作经验的优先； -具备一定的市场分析及判断能力，良好的客户服务意识； -英语能熟练读写，能独立完成英文版的标书和报价。 -工作踏实认真，责任心强，有良好的团队合作精神。,大专,5年及以上,石油/化工/矿产/地质,2026-02-03,2026-04-03
4760,中曼石油天然气集团股份有限公司,中曼石油,石油和天然气开采业,行政专员,上海,6000.0,9000.0,工作职责 1、负责公司新闻、要事的汇编； 2、负责组织员工文化活动，开展员工活动； 3、负责行政公文、工作报告等起草及日常信息报送工作； 4、负责日常行政工作； 5、完成部门领导安排的其他工作； 任职资格 1、行政管理或相关专业，本科学历； 2、能够熟练使用办公软件； 3、反应力强、具有较好的沟通能力及交际能力，具有亲和力； 4、文字能力强，能够撰写企业文化宣传、会议纪要等文案。,本科,1年及以上,石油/化工/矿产/地质,2026-01-28,2026-03-28
4745,中曼石油天然气集团股份有限公司,中曼石油,石油和天然气开采业,机械工程师（钻机自动化机具）,上海,12000.0,24000.0,工作职责 1、负责自动化钻机相关机具（动力猫道，排管机，铁钻工等设备）的研发等设计； 2、完成相关产品的技术文件编制（包括计算书、技术协议、说明书、试车规程等）； 3、使用有限元分析软件对整个结构进行计算并出具计算报告； 4、处理生产过程中遇到的技术问题。 5、完成上级领导交办的其他工作。 任职资格 1、全日制本科或以上学历； 2、机械工程或相关专业，3年以上相关工作经验； 3、有石油机械相关产品（排管机、动力猫道、铁钻工等产品）的设计经验； 4、具备相关产品的研发设计能力； 5、能熟练使用CAD、Solidworks、Ansys等软件，有一定的结构计算能力； 6、拥有良好的学习、沟通能力。 更多数据：,本科,3年及以上,石油/化工/矿产/地质,2026-02-03,2026-04-03
4665,上海药明合联生物技术有限公司,药明康德,研究和试验发展,Digital Labs Operation Lead,上海,10000.0,20000.0,职位描述KEY ACCOUNTIBILITIES: 1. 以公司业务战略规划为牵引，协调部门规划和搭建数字化蓝图，并探索发展策略和推进路径，保障数字化项目有效落地和价值成果实现。 2. 推动实验数据采集和管理、实验记录和报告撰写等工作，结合自动化、AI、IoT等技术，推动业务数字化转型，提高工艺开发阶段效率，保障质量及审计要求； 3. 与部门需求方及其他部门协作，评估并定义数字化需求，识别关键影响因素，提出优化建议，监督数字化解决方案的实施和迭代，完成跨职能合作，与需求方、开发部门、IT、质量等团队协作沟通，确保项目顺利推进 4. 带领团队完成相关开发和维护实验室自动化及数字化系统，参与信息安全识别和评估，识别风险，以保护组织的数字资产和信息、敏感数据和信息，防止网络威胁； 5. 搭建有韧性的数字化专业团队，推动部门数字化文化建立，制定团队目标与绩效指标，推动敏捷文化和创新思维，确保项目按时、按质交付。 Requirement: ? 具有计算机科学与技术、软件工程、数据科学、生物医学工程、生物信息学、统计学或相关专业硕士及以上学历；至少8年以上数字化项目领导经验，在生物制药或相关行业者优先。 ? 能够使用C++/C#、Java、XML、Python等语言进行编程，具备Web框架（如Django、Vue、React），开发应用经验，熟悉数据库、SQL等技术 ? 具有较强的数据分析能力、逻辑思维能力和问题解决能力，能够从复杂的数据中发现问题、分析原因并提出有效的解决方案。 ? 具备良好的沟通协调能力和团队合作精神，能够与不同业务部门的人员有效沟通，理解业务需求，并协同完成数据分析项目。 ? 具有较强的学习能力和创新意识，能够及时关注和学习数据科学领域的新技术、新方法，并将其应用到实际工作中，推动数据分析工作的持续优化和创新。 ? 工作认真负责、严谨细致，具有较强的抗压能力，能够在规定的时间内高质量地完成各项工作任务，严格遵守数据安全和合规相关要求。 ? 有较强的逻辑思维及纠错能力。有目标感，对计算机技术有探索精神；有较强的沟通协调能力，能够独立实现组内及组间工作的良好沟通与协调。 ? 了解生物制药行业相关的数据标准和规范、药物开发流程者优先。,硕士,8年及以上,制药/生物工程,2026-01-29,2026-03-29
4643,康龙化成(成都)临床研究服务有限公司,康龙化成,研究和试验发展,2026届实习生-北京-CRC临床协调员,北京,2175.0,4350.0,"工作职责： 根据 GCP 和研究方案要求， 协助研究者完成各项工作 1. 协助研究者完成伦理资料递交、药理机构备案及合同签署等工作；协助及时完成 SAE 及SUSAR 等相关安全报告 2. 协助研究者完成试验各个阶段研究中心的文档收集、整理、归档； 3. 协助研究者完成受试者管理工作，包括受试者招募、筛选潜在的受试者、安排受试者访视、安排实验室各项检查、获取检查结果等； 4. 协助研究者完成试验标本的处理、保存和运送工作； 5. 协助研究者完成临床研究药物及其相关物资的管理和计数，包括药物及其相关物资 任职资格： 1.教育背景：大专以上学历，要求医学类相关专业，药师、护士优先考虑，有临床研究相关经验者优先考虑； 2.工作经验要求：可接受无经验，有CRC工作经验优先； 3.语言能力 ：英语四级，六级优先； 4.电脑相关知识：熟练使用 Word, Excel, PPT 等办公软件。",本科,经验不限,医药制造,2026-02-06,2026-04-06
4692,上海皓元医药股份有限公司,皓元医药,研究和试验发展,工程部实习生,重庆,2000.0,2500.0,一、岗位职责： 1、对医药生产设备进行巡检、保证设备正常进行； 2、记录各类生产设备相关的数据，保证数据完整； 二、任职要求： 1、机械制造、机电、工程类2026年应届毕业生； 2、有一定沟通能力，期望长期发展； 3、该岗位需要值夜班。,大专,3年及以上,制药/生物工程,2026-01-07,2026-03-07
4647,上海皓元医药股份有限公司,皓元医药,研究和试验发展,公用工程工程师,重庆,8000.0,12000.0,一、主要职责: 1. 项目建设期间：参与新车间建设项目，负责公用工程相关事务，如现场安装监督，配合完成现场相关调试、校验、验证以及验收等工作，保证满足使用要求，符合GMP车间要求。 2. 运营期间： 负责编制、修改本部门涉及GMP生产所需公用工程（水、蒸汽、电、气等）各项管理制度、规程，审核相关设备操作、维护保养及检修SOP，对操作、维护人员进行培训指导； 3. 保证锅炉、冷热水系统、污水处理、空调系统、压缩空气系统、大宗气体、纯化水系统、注射用水、纯蒸汽、BMS、EMS和电气及自动化系统等公用工程系统正常运行，保证车间温湿度、压差等在合格范围内，满足生产需求。 4. 负责按照操作规程定期对相关过滤器（空调系统初、中、高效过滤器；压缩空气、氮气、二氧化碳、氧气等过滤器）制定检测和更换计划，并确保按照计划执行。 5. 参与新厂房空调机房、制水机组的调试、验证、验收工作，后期能够独立开展调试与再验证工作。 6. 负责公用工程相关的能耗统计和分析，保证用水、用电、用气的正常和安全，能及时发现异常情况。 7. 负责设备、工程专业技术人员的团队管理工作，做好人员绩效评估和培训工作。 8. 确保公用工程管理符合GMP要求，对数据完整性进行监督和管理。 9. 负责第三方供应商的管理，确保其能提供满足公司要求的服务。 10. 依据工厂的生产计划，组织制定公用工程相关设备PM及计划并督促执行，确保设备设施的良好运行状态 11. 负责相关验证系统的变更，偏差，审计行动项的跟踪和落实。 12. 负责公用工程相关的安全、环境的监控，避免人身、设备事故及污染环境事故的。 13. 负责参与制定公司GMP生产所需的年度能源、备件预算及消耗定额，制定能源使用计划，定期组织水、电、蒸汽等能源消耗的分析，并进行统计考核，实现降本增效的目标。 14. 参与工厂年度设备评估，识别设备及系统的风险点，并制定改造计划。 15. 参与识别与工作岗位相关的环境因素及有效措施的制定与实施，减少对环境的影响。 16. 参与识别与工作岗位相关的危险源，参与制定及实施预防事件发生的有效措施以防止事故发生。 17. 负责上级领导安排的其他工作。 18. 公用工程设备包含：灭活系统、污水处理、空调系统、环境监测及控制系统、压缩空气、洁净室、传递窗、层流罩、锅炉、纯化水、纯蒸汽、注射用水、冷热水等。 二、任职资格： 1.具有4年及以上药厂公用系统工作经验，具备包括空调系统、压缩空气系统、、纯化水系统、BMS、EMS和电气及自动化系统等维护保养和简单维修技能。 2.具有一定应对中国GMP、美国FDA、欧盟EU审计的能力。 3.能够独立处理空调及制水机组设备的突发情况，保障工艺生产正常运行。 4.设备运行过程中出现变更、偏差时，能依据变更、偏差流程进行处理，并报告。 5.熟练掌握公用系统设备流程及验证流程。 6.熟练运用常用计算机办公软件及Auto CAD等相关工程专业软件。,大专,5年及以上,制药/生物工程,2026-01-07,2026-03-07
4590,广东南能汇智节能科技有限公司,南网能源,科技推广和应用服务业,（双休）储能电站运维站长,广州,15000.0,20000.0,岗位职责 1、运维体系搭建：负责储能站运维体系的搭建与完善，制定设备日常巡检、维护保养、检修等管理制度与标准流程，保障运维工作规范化开展。 2、运维管理工作：组建并带领运维团队开展设备日常监控、故障排查与维修，确保储能系统安全、稳定运行，提升设备可用率。 3、电站运营管理：结合电力市场规则与电价走势，制定并优化电站的充放电策略，协同交易员提升电站运营收益。对接电力交易相关部门，参与电力市场交易（如现货、辅助服务等）的申报、结算等工作，确保交易合规、收益稳定。 4、团队与安全管理：负责运维团队的建设、培训与考核；落实安全生产责任制，组织应急演练，确保合规运营。 任职要求 1、大专及以上学历，电力系统、电气工程、新能源、储能等相关专业。 ?精通储能系统（电池、PCS、BMS、EMS）的运行原理、故障诊断及日常维护；能够分析电站运行数据（如电池健康度、充放电效率），提出优化建议。 2、具备储能运维体系搭建能力，熟练掌握运维管理流程，能有效统筹运维团队开展工作；懂储能策略制定与电力市场交易实操者优先。 3、至少3年以上储能电站或新能源场站（光伏、风电）的运维经验，其中至少2年独立负责或主导大储/独立储能/网侧储能电站的现场运营管理经验。 4、具备较强的安全意识、数据分析能力与应急处置能力，能及时处理运维与运营过程中的突发问题。 5、持有电工证、登高证、注册安全工程师、中级及以上工程师职称等相关运维资质证书者优先。,大专,3年及以上,电气/电力/水利,2026-01-22,2026-03-22
4591,广东南能汇智节能科技有限公司,南网能源,科技推广和应用服务业,（双休）业务/项目助理（核算结算方向）南网驻场岗,广州,4000.0,8000.0,注：本岗位需驻场南网公司进行工作，上班地点为黄埔区。 岗位职责： 1. 票据与合同管理：负责销售合同结算条款梳理，建立并维护合同管理台账，确保合同信息完整、可追溯；重点审核电费收入结算单及各类相关票据，核对数据准确性、合规性，梳理核算过程中出现的争议点并记录反馈。 2. 收支台账核算：录入项目收支明细，汇总整理收支台账，严格把控数据质量，确保台账信息准确、完整、可查；每月按时完成业财对账工作，排查对账差异，协同相关部门完成差异整改。 3. 结算流程推进：及时将审核无误的结算单转交管理部门及经营单位开具发票，同步接收各类票据并准确传达给对应业务人员，保障开票、传票流程高效衔接，不延误结算进度。 4. 沟通协调对接：协调业务、财务、管理部门及经营单位等各方，沟通解决核算、结算过程中的各类问题，反馈争议点解决方案，保障核算及结算工作顺利推进；做好各方沟通记录，确保信息传递准确无误。 5. 辅助核算相关工作：协助完成光伏电站电费单编制、账单处理等相关运营结算辅助工作（有相关经验者优先）；配合完成项目核算相关的其他临时性工作。 任职要求： 1. 学历要求：本科及以上学历，财务、会计、工商管理、项目管理等相关专业优先。 2. 经验要求：1-2年及以上业务助理、项目助理或核算结算相关工作经验；具备光伏电站电费结算、账单处理或运营结算经验者优先，熟悉光伏电价政策及结算流程者优先考虑。 3. 核心能力： - 具备较强的票据、合同审核能力，细心严谨，能精准排查数据及条款中的问题，确保工作零失误； - 熟练掌握台账建立、数据录入与汇总技巧，能熟练使用Excel等办公软件，具备基础的数据整理与分析能力； - 沟通协调能力突出，善于对接多方主体，能清晰表达需求、反馈问题，高效推进事项解决； - 具备良好的责任心、执行力和团队协作意识，能按时完成各项工作任务，主动应对工作中的各类突发情况； - 了解相关财务核算规范、合同管理基础流程，有光伏行业相关从业经验者可适当放宽条件。 4. 其他要求：工作认真负责，原则性强，具备良好的职业素养和保密意识；能适应基础的加班及临时性工作安排。,本科,2年及以上,电气/电力/水利,2026-02-05,2026-04-05
4595,广东南能汇智节能科技有限公司,南网能源,科技推广和应用服务业,储能运维运营经理,广州,10000.0,15000.0,岗位职责 1、运维体系搭建：负责储能站运维体系的搭建与完善，制定设备日常巡检、维护保养、检修等管理制度与标准流程，保障运维工作规范化开展。 2、运维管理工作：组建并带领运维团队开展设备日常监控、故障排查与维修，确保储能系统安全、稳定运行，提升设备可用率。 3、电站运营管理：结合电力市场规则与电价走势，制定并优化电站的充放电策略，协同交易员提升电站运营收益。对接电力交易相关部门，参与电力市场交易（如现货、辅助服务等）的申报、结算等工作，确保交易合规、收益稳定。 4、团队与安全管理：负责运维团队的建设、培训与考核；落实安全生产责任制，组织应急演练，确保合规运营。 任职要求 1、大专及以上学历，电力系统、电气工程、新能源、储能等相关专业。 ?精通储能系统（电池、PCS、BMS、EMS）的运行原理、故障诊断及日常维护；能够分析电站运行数据（如电池健康度、充放电效率），提出优化建议。 2、具备储能运维体系搭建能力，熟练掌握运维管理流程，能有效统筹运维团队开展工作；懂储能策略制定与电力市场交易实操者优先。 3、至少3年以上储能电站或新能源场站（光伏、风电）的运维经验，其中至少2年独立负责或主导大储/独立储能/网侧储能电站的现场运营管理经验。 4、具备较强的安全意识、数据分析能力与应急处置能力，能及时处理运维与运营过程中的突发问题。 5、持有电工证、登高证、注册安全工程师、中级及以上工程师职称等相关运维资质证书者优先,大专,3年及以上,电气/电力/水利,2026-01-14,2026-03-14
4604,观典防务(河北)特种装备有限公司,观典防务,科技推广和应用服务业,视觉设计师,北京,10000.0,15000.0,岗位职责 1、负责公司品牌传播及产品传播全链路视觉内容创作，包括但不限于： 2、平面类：宣传海报、长图、画册、展板、PPT模板、产品手册等； 3、视频类：宣传片、产品演示视频、短视频、动态图形等； 4、高效执行从创意构思到成品输出的全流程，确保设计风格统一、信息准确、视觉专业； 5、紧密配合品牌、市场及业务团队，快速理解项目背景与核心诉求，提供高水准视觉解决方案； 6、持续探索AI工具在设计流程中的创新应用（如AI绘图、智能剪辑、文案辅助等），提升内容生产效率与表现力； 7、 关注军事、安防、科技等领域视觉趋势，为品牌注入硬核、可靠、前沿的视觉语言。 任职要求 1、 精通 Photoshop、Premiere Pro/剪映、After Effects等设计软件，能高效产出图片及视频； 2、 具备扎实的排版、色彩、构图能力，对印刷与数字媒体输出规范有清晰认知； 3、 对 AI 工具（如 Midjourney、Runway、Suno、ComfyUI 等）有浓厚兴趣并已深度使用； 4、 热爱钻研新技术，能主动将 AI 融入设计工作流，提升创意与效率； 5、 对军事、枪械、航空航天、公共安全等领域有浓厚兴趣或知识积累； 6、 审美硬朗、理性，擅长表达“科技感”“可靠性”“力量感”等品牌调性； 7、 年龄22–30岁，学习能力强，能快速理解复杂业务与技术概念； 8、执行力强，抗压能力好，能在快节奏环境中高质量交付； 9、责任心强，注重细节，对作品有“极致可靠”的自我要求。,本科,5年及以上,专用设备制造,2026-01-14,2026-03-14
4979,上海庞源机械租赁有限公司,建设机械,租赁业,报装资料员,广州,5000.0,7000.0,岗位职责： 负责公司塔式起重机、施工升降机报装报检资料及系统申报工作。 任职要求： 大专及以上学历，熟悉塔机、施工梯报装报检整套流程。 此岗位工作地点：珠海 （来自 ）,大专,3年及以上,电气机械/电力设备,2026-02-26,2026-04-26
4980,浙江海控南科华铁数智科技股份有限公司,海南华铁,租赁业,叉车大客户业务经理（广东区域）,广州,15000.0,30000.0,岗位职责： 1. 快运物流、电商快递、汽车、新能源等行业客户开拓，主导全国性叉车租赁框架协议谈判与签署，达成规模性营收突破及新增在租台量目标，助力公司树立行业品牌领导地位； 2. 针对大客户复杂合作场景（如多区域履约、大额结算），评估客户资信等级与合作风险，跟踪应收帐款动态，确保货款、合同及业务单据 100% 合规回收； 3. 在大客户开发专项基金框架内，审核并控制销售费用（如高层公关、客户考察、行业峰会），提升费用投入产出比，满足公司成本控制指标； 4. 高频对接大客户集团总部、中央采购部及区域分拨中心、工厂关键决策人，挖掘 “大促峰值保障”、“新仓规划”、“绿链合规” 等深层需求，建立长期稳固的客户关系；及时响应客户异议与投诉，确保客户满意度； 5. 统筹客户需求转化、方案落地、设备交付及售后保障全流程，确保合作顺畅； 6. 收集目标行业市场行情（如竞品租赁方案、价格体系、服务标准）及客户交易数据，综合分析后输出市场对策建议，为采购、生产及产品策略提供支持； 7. 按要求建立大客户全生命周期台账，详细记录框架协议条款、区域订单履约情况、客户反馈、拜访记录等关键信息，确保数据可追溯、可分析。 任职要求： 1. 年龄：25-40 周岁（具备 5 年以上目标行业大客户资源者，年龄可适当放宽）； 2.学历：大专及以上学历，物流管理、市场营销相关专业优先； 3. 3 年以上 B2B 大客户销售经验，有叉车租赁、物流设备（如仓储集成）、叉车主机厂（杭叉、合力、林德等）相关经验优先； 4.其他：需自备车辆（公司提供车补及油费补贴）；能适应跨区域出差（如拜访异地客户工厂/分拨中心） 地点全国可选,大专,5年及以上,租赁服务,2026-02-27,2026-04-27
4984,浙江海控南科华铁数智科技股份有限公司,海南华铁,租赁业,叉车业务员,廊坊,10000.0,15000.0,岗位职责： 1.根据区域内具体的叉车租赁目标，执行租赁计划，保证实现本区域的市场占有率和租赁目标。 2.评估客户资信，跟踪资信使用情况，确保其处于正常范围，分析每月应收帐反馈信息，确保货款，业务合同，业务单据等的顺利回收。 3.根据销售部门的费用预算指标完成叉车租赁任务，审核、控制并不断降低销售费用，保证完成公司的销售费用控制指标。 4.拜访本区域的重要客户，了解客户需求动态，挖掘潜在客户，建立顺畅的客户沟通渠道。及时处理客户异议和投诉，以提高客户满意度，建立长期、良好、稳固的区域客户关系。 5.与售后服务、技术等部门积极协作所辖区域的收发货、协调维修等工作，共同实现售后服务目标。 6.收集本区域的市场行情变化信息，综合分析、预测并制定对策，及时向相关部门提供建议；通过对客户档案、交易记录的分析，为采购、生产等决策提供支持。 7.按公司及所属部门要求及时做好每天工作台账：包括但不限于业务记录、客户信息、拜访客户数、应收账款，业务合同，业务单据等信息。 任职要求： 1.一年以上叉车/工程机械销售工作经验。 2.大专以上学历，能够操作基本的办公设备及办公软件。 3.年龄在20-35岁之间。 4.吃苦耐劳、踏实勤奋，具备较强的公关、组织、应变能力，诚实稳重，亲和力好，责任感强。 5.需自备车辆（公司提供车补和油费补贴）。。,大专,3年及以上,租赁服务,2026-02-10,2026-04-10
4993,浙江海控南科华铁数智科技股份有限公司,海南华铁,租赁业,售后维修工程师（甘肃）,酒泉,6000.0,12000.0,工作内容： 1、新设备接机、设备调拨相关工作准备、实施、闭环，异议问题时及时反馈。 2、设备进场时设备选择、辅助吊装及运输、客户联系、进场单填写跟踪、交机培训到位、相关线上流程闭环。 3、设备退场时客户确认、设备信息核对、设备缺损情况检查、退场单填写跟踪、完成实际退场工作，设备定损并将相关线上流程闭环。 4、设备技改、维修、巡检、保养、返场检修等现场实施性工作按标准可靠实施、相关信息录入。 5、设备报停信息核对，现场工作按标准要求实施到位。 6、级领导交办的其他事务。 任职资格： 1、学历教育：学历不限，机械、车辆、电气等相关专业。 2、专业知识：全面的专业知识、设备服务保障处理经验；熟悉相关服务流程。 3、工作经验：1年以上的一线服务相关工作经验。 4、技能技巧：有良好的沟通能力，有良好的纪律性、自律性以及对工作认真、细致、负责的态度，并能在压力下工作；能较熟练使用EXCEL、WORD等办公软件，能熟练使用手机独立完成相关信息录入。 5、有驾驶证优先，能够驻工地工作，并适应长期驻外工作。 6、征信良好，过往无违规违纪行为。,学历不限,3年及以上,租赁服务,2026-01-16,2026-03-16
4232,旷达科技集团股份有限公司,旷达科技,纺织业,质量工程师,常州,5000.0,8000.0,岗位职责： 1.负责及时处理生产过程、成品质量问题，并协助相关部门分析原因，制定整改措施，跟踪问题关闭情况，必要时组织专题质量会议。 2.负责接收顾客抱怨信息，按照顾客要求编制问题分析报告，按时提交给顾客，编制并维护顾客抱怨台账，将相关资料收集并存档。 3.负责组织公司质量分析会议，定期向领导汇报内外部发生的质量问题，组织不合格品处置和解决方案的通报。 4.负责收集质量基础数据，每月统计分析，形成质量报表，产品质量问题整改，跟踪验证。 任职资格： 1.大专及以上学历。 2.服装设计与工程、工业工程、质量管理工程等专业，有质量管理工作经验者优先录取。,大专,经验不限,服装/纺织/皮革,2026-02-28,2026-04-28
4228,东莞沙田丽海纺织印染有限公司,华孚时尚,纺织业,文秘类管培生,东莞,5000.0,8000.0,【工作内容】 1、负责总经理讲话稿、会议纪要等文书起草与公文流转归档； 2、跟进会议安排，跟进决议落地； 3、独立完成报告、台账等有关工作； 4、协助上级完成其他临时性工作。 【任职要求】 1、本科及以上学历，汉语言文学、英语、秘书学、新闻学等相关专业优先；欢迎优秀应届生。 2、具备良好的沟通能力和团队协作精神； 3、熟悉办公软件操作，如Word、Excel、PPT等，具备良好的书面撰写能力； 4、工作细致认真，责任心强、保密意识高，能适应灵活的工作安排。 注：如对此岗位有兴趣，请提交相关能体现个人文笔水平的资料。,本科,经验不限,服装/纺织/皮革,2026-02-26,2026-04-26
4171,稳健医疗用品股份有限公司,稳健医疗,纺织业,费用经理,深圳,18000.0,25000.0,工作职责: 工作职责： 1、负责员工费用报销、对公付款等单据的审核、确保合规性、准确性，并进行账务处理； 2、统筹公司费用管理相关制度、流程、系统及工具的制定、优化与持续改进，确保高效运转； 3、参与费用管理相关业务流程的设计、标准化与优化，识别费用管理中的瓶颈与风险点，主导完善相关管控政策与制度，持续提升费用核算的质量和效率； 4、深度参与财经领域数字化项目，推动费用管理业务场景的IT化落地，确保费用核算体系满足公司精细化（最小颗粒度） 管理要求。 5、带领4-7人的小组，负责小组成员的目标设定、绩效管理、工作指导与发展规划；营造积极向上的团队氛围，激励团队成员持续提升专业技能、工作效率及综合素质； 6、完成上级交办的其他相关工作。 任职资格: 任职资格： 1、本科及以上学历，财务相关专业，有5年以上财务相关工作经验； 2、有财务共享中心工作经验、并参与过财经相关数字化项目；能熟练使用SAP软件或其他费控系统； 3、专业基础扎实，了解国家财经政策、会计、税务法规、企业会计准则等，熟悉财务核算流程; 4、较强的内驱力、高度的责任感、严谨的工作态度；具体团队协作精神、良好的沟通协调能力，及较高的执行力，能承受较强的工作压力； 5、中级会计师职称为必须，有通过CPA考试者为佳。,本科,5年及以上,医疗/护理/卫生,2026-01-29,2026-03-29
4214,苏州太湖雪丝绸股份有限公司,太湖雪,纺织业,私域运营与会员增长专员,苏州,10000.0,15000.0,岗位职责： 1、全链路运营：负责线上线下打通后的会员体系（积分、权益）与私域（社群、小程序）整体运营，提升活跃度与复购。 2、赋能导购：制定标准、提供工具并培训线下导购，指导其进行会员维系与社群深度运营。 3、小程序投流：负责微信生态广告投放，精准拉新获客，并优化引流转化效果与ROI。 4、数据分析：监控会员核心指标，通过数据驱动策略迭代，实现会员增长与销售提升。 要求： 1、28-35岁，211本科以上学历，3年以上私域运营经验，有线上线下融合经验者优先。必备两项核心技能：精通广告投放，具备2-3个成功项目案例。 2、强数据分析能力，能独立完成策略复盘与优化。 3、优秀沟通能力，能有效培训与协同线下团队。 4、有消费品（服饰、化妆品优先）行业经验者优先。,本科,3年及以上,服装/纺织/皮革,2026-01-13,2026-03-13
3893,浙江森马服饰股份有限公司,森马服饰,纺织服装、服饰业,商品企划 (MJ005249),上海,15000.0,22000.0,主要职责： 1、承接公司级策略目标：年度、季度开发及采购目标（产品线/品类/有效投放宽度/新品全生命周期管理/定价策略/柔性供应等）;保证公司级量本利达成及战略目标落位。 2、行业趋势解读及爆款产品的规划与落位；季度企划案制定，保证负责产品线产品方向明确、结构完整；与设计组协调产品结构开发 ，满足市场和差异化消费者需求，同时帮助公司更好的针对区域差异性做系列组货开发规划。定期跟进检视修正，保证目标策略精准度。 3、通过市场走访、 竞品分析、历史数据分析、消费者调研等 ，完成企划分析工作，指引产品策略和方向；定期走访，了解消费动向和售后反应，了解自身产品优劣，熟悉周边品牌的商品状况，下一季度复盘策略制定。 任职资格 1、服装纺织/服装工程及服装设计类专业，本科及以上学历，有5年左右商品企划或买手相关工作经验； 2、熟练的数据分析能力，具备消费者同理心、商业敏锐度、市场洞察力，同时不断提升产品美学素养，流行感知力； 3、有较强的产品理解力，战略思维和规划能力，通过创新思维意识，持续学习/好奇心与求知欲； 4、产品体系构建能力，跨部门沟通能力，资源整合能力。,本科,5年及以上,多元化业务集团公司,2026-02-25,2026-04-25
3889,浙江伟星实业发展股份有限公司,伟星股份,纺织服装、服饰业,外贸销售代表,深圳,7000.0,12000.0,中国民营企业500强！上市公司！团队氛围好！学习晋升机会多！ 浙江伟星实业发展股份有限公司（以下简称公司）创立于1976年，主营钮扣、拉链、金属制品、塑胶制品、织带、绳带和标牌等服饰及箱包辅料产品，是面向全球的中国服饰辅料行业领军企业，中国钮扣、拉链行业标准的主要起草单位，也是中国钮扣与拉链行业上市公司(证券简称：伟星股份；股票代码：002003)。 岗位职责： 1、负责公司产品的销售及推广，根据公司年销售计划完成部门销售指标； 2、负责维护客户工作，做好报价、打样、大货、回款等业务全流程工作； 3、负责处理与客户、工厂的沟通协调工作； 4、开拓新市场，发展新客户； 5、负责辖区市场信息的收集及竞争对手的分析。 任职要求： 1、本科及以上学历，英文六级以上，口语良好； 2、勤勉、自律、纪律性强、有激情； 3、品貌端正，思想积极向上，为人热情大方，具有团队合作精神，忠于职守； 4、具有良好的沟通、组织协调、应变能力，并有一定的抗压能力； 5、具备一定的市场分析及判断能力，良好的客户服务意识。 （ ） （来 自 ）,本科,2年及以上,服装/纺织/皮革,2026-03-02,2026-05-02
3832,上海华瑞银行股份有限公司,美邦服饰,纺织服装、服饰业,反洗钱可疑交易分析岗,上海,12500.0,20833.0,岗位职责： 1、熟练掌握可疑交易分析技能，能根据客户交易特征、能独立完成自然人客户、非自然人客户可疑交易分析并撰写可疑交易报告； 2、了解客户尽职调查要点，发起或调整客户客户洗钱风险评级，并采取相应管控措施； 3、熟悉反洗钱法律法规，对行内各项制度提出反洗钱合规意见，并开展反洗钱合规检查。 任职要求： 1、至少5年以上反洗钱工作经验； 2、本科及以上学历，金融、经济、法律专业优先。 3、具有较好的文字功底，能独立撰写各项反洗钱报告。,本科,5年及以上,银行,2026-01-05,2026-03-05
3875,坤能智慧能源服务集团股份有限公司,雅戈尔,纺织服装、服饰业,电气工程师,宁波,8000.0,15000.0,岗位职责： 1、项目现场踏勘、屋面测绘、无人机建模； 2、光伏相关专业施工图绘制； 3、EPC项目施工图审核； 4、前期项目可行性分析，优化电气设计方案，降低能耗与线损。 岗位要求： 1、本科及以上学历，电力、电气等相关专业； 2、5年以上电气设计经验，熟悉电力、电气工程（变配电、新能源发电）设计； 3、熟练使用电气设计软件、cad画图软件； 4、能适应短期出差。,本科,5年及以上,电气/电力/水利,2026-03-02,2026-05-02
2507,中科悦达（上海）材料科技有限公司,悦达投资,综合,营销总监,上海,25000.0,41667.0,岗位职责： 1.负责公司营销体系建设，制定和落实销售制度和流程，确保销售活动规范、高效运行。 2.负责制定石墨烯材料产品的市场营销策略和推广计划，确保按公司计划完成销售目标。 3.负责营销团队管理和人员培养，确保团队的有效运作，促成销售目标达成。 4.负责市场调研和竞争分析，监测市场趋势和竞争对手动态。根据市场情况，调整产品定位和推广策略，以保持竞争力。 5.定期进行分析和评估销售情况，根据分析结果编制相关报告，制定行动计划，改进销售成效。 6.负责制定销售预算方案，确保资源的合理使用和预算有效控制。 7.负责品牌推广和管理，开展品牌宣传活动，提升公司品牌知名度和形象。 8.负责与重要客户建立并维护良好的关系。 9.领导交办的其他事项。 任职要求： 1.本科及以上学历，市场营销、物理、化学或相关专业； 2.从事市场营销工作5年以上，有丰富的市场营销管理经验，具有石墨烯材料或新材料行业（电池、金属复合、工程塑料等）从业经验者优先； 3.具备深入了解市场和客户需求的能力，能够制定有效的市场营销策略； 4.具备良好的团队管理和领导能力，能够激励团队成员的积极性和工作效能； 5.具有较强的数据分析和决策能力，能够准确把握市场趋势和客户动态； 6.具备良好的沟通和协调能力，能够有效与各部门合作，实现公司整体目标； 7.具备创新思维和市场敏感性，能够快速反应市场变化，并采取相应的行动； 8.具备较强的抗压能力和应对变化能力。,本科,5年及以上,原材料和加工,2026-03-03,2026-05-03
2512,宜昌东阳光长江药业股份有限公司,东阳光,综合,医药代表,朝阳,5000.0,7000.0,【工作职责】 ① 负责产品开发上量工作； ② 了解客户需求维护良好的客情关系； ③ 协助参与公司与市场相关的推广活动； ④ 增加公司产品在目标终端和目标客户的覆盖； ⑤ 根据公司销售计划完成销售目标。 任职资格: 【任职资格】 ① 市场营销、医药等相关专业本科以上学历优先； ② 良好沟通表达能力，待人亲和，热情； ③执行力、抗压能力、学习能力强、积极配合工作安排，结果导向，乐观向上，具有团队协作精神。,本科,3年及以上,制药/生物工程,2026-01-13,2026-03-13
2553,浙江图讯科技股份有限公司,美都能源,综合,驻点工程师,杭州,5000.0,6500.0,岗位职责： 1、维护驻点单位机房网络的安全和稳定，处理驻点单位以及相关客户的网络故障； 2、维护驻点单位网络应用相关的业务服务器； 3、定期设备的巡检，根据需求制定网络架构以及优化方案； 4、配合完成用户安排的工作。 任职要求： 1、驻点在客户单位，负责客户单位部分文书编写及整理，处理往来文件传达； 2、有信创国产终端、打印机实施运维经验优先、3年以上工作经验； 3、具有良好的团队协作精神，能承受一定的工作压力，能够适应夜间ON CALL任务； 4、完成公司的工作安排，及时跟进并反馈各项目业务进度情况等； 5、与客户建立良好关系，宣传和维护公司形象。 工作地点：余杭区政府,大专,1年及以上,计算机软件,2026-03-03,2026-05-03
2538,乳源东阳光氟树脂有限公司,东阳光,综合,外语销售工程师,韶关,6000.0,12000.0,岗位内容： 1. 负责销售区域内的市场开拓、客户维护及订单执行等工作； 2. 制定销售计划和实施方案，完成销售指标； 3. 提供技术支持，并协助客户在规定时间内完成产品接收与验收； 4. 参与公司产品分析、研究，将市场反馈及时传达到公司上层管理层。 任职要求： 1.大专及以上学历，英语、韩语等小语种；具有一定的销售或技术背景优先考虑； 2. 一年及以上销售工程师相关工作经验优先； 3. 具备良好的销售技巧、商务谈判能力、市场开拓能力优先； 4. 工作耐心细致，能承受一定的工作压力，善于团队合作优先。,大专,3年及以上,化学原料/化学制品,2026-02-04,2026-04-04
1644,广东南航明珠航空服务有限公司,南方航空,航空运输业,酒店机场代表,广州,3000.0,4000.0,1.在机场服务点迎接酒店住店旅客，核对预订信息，提供欢迎问候与行程指引，协助旅客提取行李、联系酒店接送车辆。 2.为旅客提供酒店相关信息（如房型设施、餐饮服务、周边交通）、机场出行信息（如值机柜台、登机口、行李托运规定），耐心回应旅客疑问。 3.统筹酒店机场接送车辆调度，确保车辆按时抵达机场接客，跟踪车辆行驶状态，处理接送途中突发情况（如堵车、车辆故障），及时告知旅客并协调解决方案。 4.与酒店前厅部、客房部等部门同步旅客到店信息（如预计抵达时间、特殊需求），确保旅客到店后服务无缝衔接；收集旅客对机场服务的意见建议，定期整理上报。 5.在机场服务期间保持良好仪容仪表（按酒店着装规范），文明用语、热情服务，向旅客传递酒店品牌理念，提升酒店在机场场景的品牌知名度与好感度。,大专,经验不限,餐饮服务,2026-01-04,2026-03-04
1650,华夏航空,华夏航空,航空运输业,旅游产品核销,重庆,6000.0,10000.0,。工作内容 1. 负责旅游产品核销全流程操作，包括电子核销、纸质核销、系统核销等，严格按照公司规范及产品要求，核对核销信息，确保核销数据真实、准确、完整，杜绝错核、漏核、虚核情况。 2.对接游客及前端客服，解答游客关于核销流程、核销异常的咨询，耐心处理游客核销相关诉求，规范沟通话术，提升游客核销体验；协助优化客服核销咨询话术及指引，提升客服团队核销相关服务效率。 3.处理核销过程中的异常情况，包括游客核销失败、订单信息不符、产品核销异常等，联动相关岗位快速响应，给出解决方案，降低游客投诉率，保障核销工作顺畅推进。 任职要求 1. 学历大专及以上，1年旅游客服核销经验、旅游门店销售经验、计调岗位经验三者之一及以上，熟悉旅游产品（门票、线路、酒店等）的核销流程及行业规范。 2. 熟悉旅游行业核销系统，能熟练操作核销相关软件及办公软件，具备基础的数据整理及分析能力。 3. 了解旅游产品销售、计调工作流程，能快速衔接各岗位工作，具备良好的跨岗位协同意识及沟通能力。 4. 具备良好的沟通表达能力、问题解决能力、执行力及抗压能力，能耐心解答游客及相关岗位的咨询。,大专,3年及以上,船舶/航空/航天/火车制造,2026-02-26,2026-04-26
1594,中国东方航空股份有限公司,中国东航,航空运输业,人因和心理学方向研究员,上海,20833.0,41667.0,岗位职责： （1）运用前沿的航空技术和多学科研究成果，结合国际与国内民航现状，识别航空公司各关键岗位上人为因素相关的挑战和科学问题，提出创新解决方案。 （2）利用数据分析软件和机器学习方法，从人因数据中提取有价值的信息、揭示数据关系，制作可视化报告。 （3）设计、组织和实施人为因素研究实验，制定实验方案，采集主（问卷量表）、客（眼动、脑电等）观实验数据，解决实验问题，总结实验结果。 （4）与飞行、地面等不同岗位人员和团队协作，促进信息共享和知识交流，确保研究项目高效执行，提升研究成果质量。 （5）根据研究内容，撰写研究报告和学术成果。 岗位要求： （1） 国内和国（境）外知名高校博士（硕士）毕业； （2） 热爱祖国，坚决拥护党的各项方针政策； （3） 人因工程类、心理学类、航空航天类、自动化类、交通运输类、计算机类等相关专业，或从事相关领域工作。 （4）英语六级CET-6（含）及以上水平； （5）做事认真负责，学习能力强，具有良好的职业道德及团队协作精神； （6）具有多模态生理数据采集与分析经验，熟悉眼动仪、脑电图、肌电图等设备操作； （7）熟悉数据分析软件（如MATLAB、Python、R、SPSS等）和机器学习方法，具有良好代码能力者优先； （8）身体健康。。（ ） （来 自 ）,硕士,3年及以上,航天/航空,2026-02-09,2026-04-09
1651,上海科技宇航有限公司,中国东航,航空运输业,飞机维修工程师（电子）,上海,12000.0,17000.0,注：1. 此职位工作地点在虹桥机场或浦东机场附近。公司在青浦、人民广场、龙华、淞虹路、东方路、浦东祝桥、施湾附近有免费班车接送。 工作职责： 1.带领团队安全、高效的达成项目目标； 2.负责本区域所发生的各类手册范围内故障的处理和提供技术支持，分享维修经验； 3.栽培和公正的考核下属； 4.对他人的工作进行检查，行使检验职责； 5.完成上级领导交办的其他任务。 任职要求： 1.具有大专以上学历，飞机维修相关专业； 2.具备至少4年以上大修电子区域维修经历； 3.具备至少4年以上大修电子区域带队工作经历； 4.持有民用航空器维修人员执照，执照英语3级以上； 5.持A330/ARJ21/B777机型。,大专,5年及以上,航天/航空,2026-01-04,2026-03-04
4474,江苏普飞科特信息科技有限公司,*ST 新宁,装卸搬运和仓储业,网络货运商务经理,合肥,12000.0,20000.0,1.拥有网络货运基地3年以上拓展或运营经验，积累各地政府及同行等相关资源。 2.具备政府关系对接经验，熟悉地方物流扶持政策，能争取政策支持。 3.精通网络货运行业规则，熟悉平台运营模式、运力调度逻辑、数字化物流解决方案的核心优势。 4.能收集区域竞品动态、政策变化、运价波动等信息，形成市场分析报告，为公司决策提供参考依据。,大专,5年及以上,互联网,2026-01-16,2026-03-16
4461,广州市嘉诚国际物流股份有限公司,嘉诚国际,装卸搬运和仓储业,VMI仓库规划与自动化解决方案专家（工业制造方向）,广州,15000.0,25000.0,【岗位职责】 1、VMI体系设计与优化 -能够独立完成客户需求调研，深入分析业务场景（如作业类型、存储密度、出入库效率、分拣精度等），制定基于业务目标的仓库自动化升级方案。 -主导工业制造企业来料VMI仓库规划，结合EIQ分析、安全库存模型及供应链协同需求，制定VMI库存策略及动态调整机制，确保物料供应稳定性与库存周转率达标。 -设计VMI仓库布局方案，优化收货、存储、分拣、配送全流程，解决家电/汽车零部件等行业多品类、高周转物料的存储与拣选效率问题。 2、自动化解决方案开发 -针对VMI仓业务痛点（如物料混杂、紧急订单响应延迟），设计自动化集成方案（如AGV+智能货架、四向穿梭车+堆垛机系统），提升出入库效率及空间利用率，并完成设备清单及成本估算。 -主导WMS/WCS/RCS系统与MES/ERP的接口开发，实现VMI库存数据实时同步与异常预警，支持JIT生产模式。 3、项目落地与实施推进 -推动自动化设备采购、安装调试及上线，协调供应商、施工方及内部团队，解决设备兼容性、系统联调等技术难点。 -对接主机厂与供应商，建立VMI服务标准（如到货准时率、账实一致率），处理质量异常、交期变更等供应链协同问题。 -通过成功实施AGV机器人+智能立体库的自动化项目，实现VMI仓24小时无人化作业，显著提升库存周转率与配送及时率。 4、数据分析与持续优化 -基于项目运行数据（如设备OEE、订单处理时效），提出优化建议，迭代升级方案。 -监控VMI库存水位、周转率、库龄等核心指标，通过数据建模优化安全库存阈值及补货策略，降低供应链总成本。 -跟踪工业4.0技术趋势（如AI需求预测、数字孪生仿真），推动VMI模式创新与降本增效。 【任职要求】 1、本科及以上学历，物流工程、工业工程、机械自动化、计算机等相关专业优先。 2、5年以上工业制造行业（家电/汽车零部件/电子）VMI管理经验，主导过3个以上自动化仓储项目落地。 3、技术能力：精通VMI库存模型设计，熟悉WMS/SAP系统集成，掌握AGV路径规划、自动化设备选型方法，堆垛机控制逻辑、WMS系统接口开发。 4、软件技能：熟练使用AutoCAD绘制仓库布局图，精通Power BI/Tableau进行供应链数据分析。 5、行业知识：熟悉家电/汽车零部件BOM结构、生产计划与物料需求（MRP）逻辑。 6、问题解决：能快速定位VMI协同中的瓶颈（如供应商到货不稳定、库存积压），提出系统性解决方案。 7、跨部门协作：具备优秀的沟通能力，协调生产、采购、IT等多部门资源。 8、抗压能力：适应制造业快节奏需求，应对紧急订单、设备故障等突发场景。 工作地点：广州/湖州（根据公司需求调整，需要长期出差，驻地） 汇报对象：技术中心总监/项目经理 岗位类型：全职,本科,5年及以上,交通/运输/物流,2026-02-11,2026-04-11
4462,广州市嘉诚国际物流股份有限公司,嘉诚国际,装卸搬运和仓储业,财务总监（电商销售公司）,广州,18000.0,25000.0,岗位职责： 1. 全面财务管理：主导搭建适配公司业务的财务体系，针对电器生产、销售等业务板块的财务核算、预算管理、资金管控及税务筹划进行统筹，保障公司财务合规且高效运转。 2. 战略支持：深度参与公司经营决策，通过专业的财务分析与风险评估，助力优化资产回报率，为业务增长提供有力支撑。 3. 团队管理：带领财务团队，规范业务流程，不断提升财务核算的准确性与工作效率。 4. 跨部门协作：与集团、销售等部门紧密对接，对各类成本、收入进行严格监控，确保公司现金流稳定健康。 5. 外部关系：妥善维护与银行、税务、审计等机构的关系，全面统筹年报及专项审计工作。 任职要求： 1. 本科及以上学历，财务、会计、金融相关专业，持有 CPA、中级会计师及以上职称者优先考虑； 2. 对企业会计准则、税务法规了如指掌，熟悉资产管理及投融资流程； 3. 具备业财融合思维，能够借助数据推动业务优化； 4. 拥有出色的沟通协调能力和抗压能力，能够适应多业态管理场景； 5. 具备上市公司相关工作经验。 来自马-克-数-据,本科,5年及以上,交通/运输/物流,2026-03-02,2026-05-02
4473,江苏普飞科特信息科技有限公司,*ST 新宁,装卸搬运和仓储业,网络货运商务经理,广州,12000.0,20000.0,1.拥有网络货运基地3年以上拓展或运营经验，积累各地政府及同行等相关资源。 2.具备政府关系对接经验，熟悉地方物流扶持政策，能争取政策支持。 3.精通网络货运行业规则，熟悉平台运营模式、运力调度逻辑、数字化物流解决方案的核心优势。 4.能收集区域竞品动态、政策变化、运价波动等信息，形成市场分析报告，为公司决策提供参考依据。,大专,5年及以上,互联网,2026-01-16,2026-03-16
502,江苏考普乐新材料有限公司,上海新阳,计算机、通信和其他电子设备制造业,安全部经理,常州,10000.0,20000.0,【工作内容】 - 负责公司整体安全管理体系的建立与维护，确保符合国家相关法律法规及行业标准； - 组织并实施安全培训、应急演练及日常安全检查，提升员工安全意识和应对能力； - 协调处理各类安全事故，进行原因分析并提出改进措施； - 与外部安全监管机构保持良好沟通，确保公司合规运营。 【任职要求】 - 具备良好的沟通协调能力和团队管理经验； - 熟悉安全管理相关法规及流程，有较强的风险识别和应对能力； - 需要有化工注册安全工程师或者中级化工职称，不符合的请***。 - 40岁以下，本科以上学历,本科,3年及以上,石油/化工/矿产/地质,2026-01-22,2026-03-22
496,钧崴电子科技股份有限公司,钧崴电子,计算机、通信和其他电子设备制造业,仓库经理,珠海,13000.0,15000.0,【工作内容】 - 负责仓库日常运营管理，确保库存准确、高效运作； - 制定并优化仓储流程，提升仓储效率与货物周转率； - 管理仓储团队，合理安排人员分工，提升团队整体绩效； - 监督货物入库、出库及盘点工作，确保账实一致； - 协调与其他部门的沟通与协作，保障供应链顺畅运行。 【任职要求】 - 大专及以上学历，物流、供应链或相关专业优先； - 8年及以上仓储计划物控的管理经验，有大型制造业行业背景者优先； - 熟悉仓储管理系统（WMS）及ERP系统操作； - 具备良好的组织协调能力、数据分析能力和问题解决能力； - 具备较强的责任心和抗压能力，能适应高强度工作环境。,大专,8年及以上,电子技术/半导体/集成电路,2026-01-23,2026-03-23
602,斯达半导体股份有限公司,斯达半导,计算机、通信和其他电子设备制造业,MES工程师,嘉兴,10000.0,20000.0,岗位职责: 1. 负责公司MES系统的项目实施，包括需求调研、方案讨论、系统建模、部署上线等，满足生产运营需求； 2. 负责MES系统客制化需求分析和方案确定； 3. 具备开发能力者优先。负责对系统进行相关二次开发、接口开发、报表开发等。完成开发任务，编写技术文档； 4. 负责MES系统的日常运维及技术支持； 5. 负责对MES及相关系统提出改进建议，持续改进系统； 6. 负责管理MES系统相关的服务器及数据库，确保系统稳定可靠运行。 岗位要求: 1 大学本科及以上学历，计算机相关专业； 2 有3年以上相关工作经验。有半导体行业MES系统的项目实施经验、能独立进行MES 系统需求分析、功能开发或接口开发者优先考虑； 3 熟悉Windows Server平台、Oracle / SQL Server 等主流数据库，有数据库调优经验； 4 熟练掌握C# 或Java或.net开发语言、帆软报表等工具者优先； 5 具有良好的团队合作精神，较强的沟通能力、分析和解决问题的能力。,本科,5年及以上,电子技术/半导体/集成电路,2026-01-12,2026-03-12
565,厦门士兰集科微电子有限公司,士兰微,计算机、通信和其他电子设备制造业,辅机见习工程师,厦门,7000.0,9000.0,任职要求： 1、日常巡检与设备维护，对现场设备制度PM维护计划、按要求进行设备保养及维护 2、定期对设备进行巡检及时发现设备异常情况并处理解决 3、需要上夜班，能接受倒班和加班，需要穿无尘服 任职资格： 1、机械、电气等理工科专业，中专以上学历，有fab或设备维修经验可以适当放宽 2、良好的解决问题能力，吃苦耐劳能力 来自,中技/中专,经验不限,电子技术/半导体/集成电路,2026-01-27,2026-03-27
62,信银理财有限责任公司,中信银行,货币金融服务,策略投资经理（境外股市）,上海,10000.0,20000.0,岗位职责： 1、 负责境外股市全行业策略的投资管理工作，涵盖美股、港股等主要境外市场。引入适配境外市场特点的各类策略专户，开发具有针对性的投资策略，构建并根据市场动态灵活调整策略投资组合。严格把控组合在境外复杂市场环境下的回撤与风险，确保达成既定投资目标。 2、 持续追踪境外股市各行业（包括但不限于科技、金融、能源、工业等）的产业政策、市场趋势、竞争格局以及关键技术发展动态。深入剖析境外上市公司基本面，敏锐发掘市场投资机会。广泛调研并挖掘境外优质权益管理人，积极向公司投资部门推荐具有潜力的境外投资机会。 3、 依据业务需求，为涉及境外投资的产品设计、内外部营销、客户路演以及定制化投资方案。 任职资格： 1、 经济、金融或相关专业硕士研究生及以上学历；5年以上金融行业从业经验，其中至少4年专注于美股、港股等境外主要股市的研究或投资管理，至少1年投资管理经验。 2、 对境外主要股市的市场结构、交易机制、政策环境等有深刻理解，对行业发展趋势、企业竞争格局有独到洞察。拥有成熟、经过市场验证的针对境外股市的研究方法论和选股/选基体系；熟悉境外股市相关产业链上下游在全球范围内的运作模式，能够深入剖析企业基本面，穿透表象精准把握企业核心竞争力。 3、 熟悉境外金融市场（如美国、中国香港等）关于基金、专户等各类金融产品的政策、法规，以及跨境投资相关的监管要求。 4、 具备较强的市场洞察力与分析能力、学习能力和沟通表达能力，逻辑清晰，思维严谨，勤奋敬业，责任心强，具有良好的职业道德、风险意识和团队合作精神。,硕士,5年及以上,金融/投资/证券,2026-01-29,2026-03-29
58,平安银行股份有限公司,平安银行,货币金融服务,BK43HF-普惠金融客户经理,深圳,,,工作职责： 1）负责开拓并维护批量获客渠道，建立长期、稳定、良好的合作关系； 2）负责向合作渠道宣导我行普惠金融业务规划及相关产品政策等，做好渠道培训支持及其他相关服务、按要求定期落实普惠金融业务合作渠道检视管理等相关工作； 3）负责日常业务的跟进和推动，达成KPI指标，提高综合收益； 4）负责客户业务受理与贷前调查工作，如实介绍产品并告知客户相关权益和义务。 5）按贷后管理和资金流向相关制度和实施细则要求，落实相关工作。 6）落实合规及风险管理工作要求，确保业务合法合规，风险有效防控； 7）完成上级交办的其他工作。 任职资格： 1）本科及以上学历； 2）熟悉或热爱普惠金融工作，具有较强的市场营销能力；具备批量获取普惠客户的能力； 3）沟通及表达能力佳，具备较好的抗压能力； 4）具有良好的团队协作意识与态度，良好的沟通能力； 5）具有良好的思想品德和职业道德，爱行敬业、遵纪守法、廉洁自律，有较强的事业心和进取精神，无不良信用记录（包括但不限于工作记录）； 6）通过普惠金融客户经理上岗考试及其他学习阶梯培训； 7）符合总、分行的其他管理。,本科,5年及以上,银行,2026-01-28,2026-03-28
1,上海尚诚消费金融股份有限公司,上海银行,货币金融服务,风控政策(J10301),上海,20000.0,30000.0,工作职责: 1、负责依据公司整体发展目标，对风险政策进行持续迭代及优化；结合公司资产情况，从数据维度进行风险特征挖掘及识别，以优化公司资产质量； 2、负责制定和优化公司不同业务或产品线的风险政策，包括准入、授信、用信等； 3、负责跟踪风险策略的实施情况，对出现的风险案件进行分析，持续完善风控体系； 4、负责将相应的风险策略部署到风控系统，并确保有效实施； 5、负责与公司业务部门、技术部门进行沟通，确保相关合作项目落地； 6、负责基于业务产品线，制作与发布风险监控类，预警类及其他风险分析报告； 7、负责对市场进行调研，分析客户行为模式，优化各产品线的风控政策。 任职资格: 1、教育程度：本科及以上学历，金融、统计、数学等相关专业优先； 2、工作经历：3年及以上个人信贷相关工作经验，并有个人信贷业务的风险管理业务经验； 3、知识技能：熟悉个人信贷的业务模式，能运用数据分析工具（SAS，Python等）进行分析和预测，具有梳理数据分析解读经验； 4、能力素质：具备良好的沟通能力，业务及数据分析的能力及执行力。,本科,3年及以上,金融/投资/证券,2026-01-14,2026-03-14
44,中意人寿保险有限公司,中油资本,货币金融服务,审计监督部实习生,北京,,,工作职责： 1、对审计有关报告进行翻译； 2、协助收集、分析审计项目管理信息； 3、协助开展审计培训安排； 4、协助处理其他综合事务。 任职要求： 1、大学本科， 会计、财务、审计等相关专业； 2、具备较好的英语读写能力； 3、具备较强的沟通、交流能力，抗压力强； 4、性格开朗,本科,经验不限,保险,2026-01-26,2026-03-26
2034,国投证券股份有限公司,国投资本,资本市场服务,系统运维岗（核心交易系统）,深圳,20000.0,30000.0,岗位职责: 1、负责证券交易系统（PB、算法策略、投资交易、交易合规等）深度运维工作，保障系统的安全稳定运行。 2、负责证券交易系统的日常变更升级工作，保障系统变更升级的安全。 3、负责证券交易系统的事件响应与应急处置，提出应急处置方案并及时处理，快速恢复系统服务连续性；事后分析系统故障原因并制定系统优化及完善方案。 4、提供及时可靠的证券交易系统数据逻辑、业务实现方法等技术支持，排除交易业务开展中的技术问题。 5、定期分析评估证券交易系统运行状况，采取有效措施消除或降低系统运行风险。 6、按照运维工作标准化、规范化的要求，编制和持续完善证券交易系统相关技术资料。 任职资格: 1、本科及以上学历，计算机相关专业；具备3年以上证券行业交易从业经验； 2、具备基本的ITIL等信息系统运维管理知识，能分析发现运行事件的根本原因并予以根除； 3、熟悉证券法律法规和证券交易制度，熟悉交易所交易规则、登记公司结算规则； 4、熟悉证券交易系统技术架构，熟悉证券业务流程的技术实现方法，熟悉数据库应用及运维管理知识； 5、具有较强的风险意识，责任心强、积极主动、耐心细致； 6、具有较强的计划及问题分析解决能力，具体一定处理突发事件的经验；具有较强的抗压能力、沟通协作能力。,本科,5年及以上,金融/投资/证券,2026-02-05,2026-04-05
2012,东北证券股份有限公司,东北证券,资本市场服务,市场营销部-营销助理(J13597),上海,9000.0,12000.0,工作职责: 1.协助前台销售经理完成日常市场开拓相关材料准备、产品销售后数据统计、处理、交易反馈等后台支持工作； 2.协助完成部门交办的其他工作。 任职资格: 1.硕士及以上学历，2026年应届毕业生，金融学、管理学、财务会计、市场营销等相关专业优先； 2.为人正直、性格开朗、责任心强；具备良好的学习能力、沟通能力； 3.熟悉办公自动化，能熟练使用word、excel、PPT； 4.认同行业及公司文化，认同公司经营理念，不属于公司规定的亲属回避的对象。 搜索,硕士,经验不限,金融/投资/证券,2026-02-24,2026-04-24
2061,东证润和资本管理有限公司,东方证券,资本市场服务,结算估值岗,上海,10000.0,15000.0,岗位职责： 1. 深入了解公司各项业务结算估值逻辑（场外衍生品、大宗商品贸易、期货期权做市等），梳理、整合、重构线下结算脚本，提升结算工作的程序化水平； 2. 与业务部门保持积极沟通，根据业务需求研究新业务模式、新结构，提供相应结算、估值、数据报表支持，确保创新业务盈亏核算准确； 3. 推进期现业务系统、场外业务系统、数据管理系统相关功能优化，包括需求整理、跟进、测试等工作，并积极探索AI在日常工作中的应用。 任职要求： 1. 数学、金融工程、金融等相关专业，硕士及以上学历； 2. 具有较强的责任心、沟通协作能力及团队协作精神，工作严谨细致； 3. 具备一定编程能力，能够使用程序语言提高工作效率； 4. 具有数据分析处理能力和思维逻辑能力，善于独立思考和总结，在解决问题时能够主动寻找高效的方法； 5. 对金融衍生品、大宗商品贸易有强烈兴趣，具有好奇心、研究精神、创新思想和协作意识优先。。,硕士,1年及以上,金融/投资/证券,2026-01-28,2026-03-28
2016,第一创业证券股份有限公司,第一创业,资本市场服务,营销管理岗,深圳,10000.0,20000.0,岗位职责: 1.制定客户运营策略，推动财富客户的标签体系建设，创建客户标准化服务体系； 2.建立营销数据跟踪体系，实现数据可视化，提升财富团队数据使用效率； 3.策划并执行荣誉表彰体系，激发财富团队的积极性与凝聚力； 4.财富线各项指标的业务督导，协助KPI达成，识别业务推动过程中的问题，并及时推动解决，确保业务目标有效实现； 5.部门交办的其他工作。 任职资格: 1.硕士及以上学历，信息技术相关专业优先; 2.具备3年及以上证券公司总部业务推动相关工作经验，同时具备系统需求对接相关工作经验者优先； 3.能熟练运用各类数据分析工具，具备扎实的文字功底与清晰的口头表达能力; 4.具备较强的沟通协调能力，良好的团队合作精神及较强的学习能力。,硕士,3年及以上,金融/投资/证券,2026-03-03,2026-05-03
1938,兴业数字金融服务（上海）股份有限公司,新大陆,软件和信息技术服务业,项目管理岗,上海,20833.0,29167.0,岗位职责: 1、负责软件研发过程敏捷迭代制度的建设、推广和维护，推进敏捷开发方法及其管理和技术实践在研发项目中的落地，识别改进机会，推动组织敏捷转型； 2、负责结合业务与团队特点，制定有针对性的团队敏捷落地实施方案，赋能团队进行敏捷转型并实现自运作，提升团队快速响应能力。 3、提炼、总结优秀实践经验，培养合格的敏捷教练、Scrum Master或其他敏捷角色。 4、基于适用于本行的敏捷协作过程，对研发协同工具、DevOps工具提出合理改进建议和建设需求。 岗位要求： 1.3年以上软件研发项目管理工作经验，1年以上敏捷教练工作经验，具备相关专业知识，主要从事项目管理、质量管理、敏捷教练等工作；具有金融行业特别是银行业相关工作经验者优先； 2.熟悉软件研发全生命周期管理和软件工程理念，深入理解敏捷开发理念，熟悉Scrum、用户故事、Kanban等理论，以及传统项目管理流程，精通持续集成、自动化测试、DevOps等理论及各类实践，具备有规模化敏捷实施和组织级变革经验； 3.作为关键成员完整参与过中大型软件项目管理相关工作，熟悉软件研发各环节的流程，能对项目执行情况做出专业判断。 工作地点：上海、成都、福州,本科,3年及以上,金融/投资/证券,2026-02-24,2026-04-24
1973,上海柏飞电子科技有限公司,电科数字,软件和信息技术服务业,硬件工程师,上海,9000.0,15000.0,职责描述： 1. 参与产品研发计划的制定，可行性方案评估，并按产品研发计划保质保量按时完成产品硬件研发任务； 2. 调研和整理产品硬件系统需求，撰写需求分析和硬件方案设计文档； 3. 负责硬件原理图及PCB设计、仿真和硬件调试； 4. 按照研发流程在项目各关键节点输出对应的文档与材料 5. 负责产品成本优化设计，产品制样、试产、量产的技术跟踪及持续改进； 任职要求： 1. 本科及以上学历，自动化及电子相关专业，2年及以上硬件开发工作经验。 2. 熟悉掌握Cadence软件，电子元器件选型、PCB布线，了解EMC/EMI; 3. 熟练使用各种测试设备，示波器，频谱仪，电子负载等。 4. 有工控行业经验者优先。 5. 有偶尔出差，具备较高的承压能力。,本科,2年及以上,电子技术/半导体/集成电路,2026-01-04,2026-03-04
1972,中科星图测控技术股份有限公司,中科星图,软件和信息技术服务业,地面站网建设工程师,合肥,7000.0,10000.0,岗位职责: 1.负责地面站系统需求分析与总体方案设计，熟悉天线，信道等核心设备技术指标； 2.负责地面站系统建设及项目管理，负责各分系统验收，性能指标测试验证； 3.负责地面站系统设备维护管理相关工作。 任职要求: 1.通信、电子、无线电、微波等专业本科及以上，有卫星通信、卫星测控领域工作经验优先； 2.掌握通信原理、数字电路、计算机网络等专业基础知识，熟练使用频谱仪、万用表等仪表;熟练使用办公软件excel、visio、PPT等； 3.具有良好的技术文档撰写能力； 4.身体健康(无恐高、无高反)，具备吃苦耐劳精神，动手能力强、善于学习钻研，心理抗压能力强具备团队协作能力，能适应出差（有差旅补贴）； 5.可熟练驾驶车辆。。 （ ）,本科,经验不限,计算机软件,2026-02-26,2026-04-26
1961,东方电子股份有限公司,东方电子,软件和信息技术服务业,售后服务工程师,昆明,4000.0,6000.0,岗位职责： 1.负责公司项目软、硬件产品的现场安装调试和产品维护等工作。 2.收集产品的安装信息和现场有关的项目信息，汇总整理归档。 3.完成相关项目资料的整理和编制。 4.在产品售后服务过程中，负责与相关方进行接触，维护公司形象。 5.积极主动与客户沟通交流项目实施和维护过程中的问题及解决进度。 6.完成领导安排的其他工作。 任职要求： 1.大专及以上学历，网络、计算机、自动化、电气工程等相关专业。 2.熟练掌握linux系统，有过系统安装配置经验，能够根据产品安装部署手册进行操作；了解基本的网络配置和排查知识。 3.有电工作业（低压电工作业、高压电工作业和高处作业等）证书者优先。 4.具有自动化及计算机基础，熟悉电网运维相关经验。 5.能适应经常性出差，项目驻点服务。 6.较强的文档能力，熟练掌握办公软件。 7.责任心强，具备优秀的沟通表达、团队协作与组织管理能力。,大专,3年及以上,计算机软件,2026-01-21,2026-03-21
2280,厦门锋元机器人有限公司,埃斯顿,通用设备制造业,售后工程师,厦门,8000.0,15000.0,岗位职责： 1、响应客户售后需求，快速诊断并处理设备在运行中出现的电气、机械、气动、PLC、机器人及焊接系统（焊机、焊枪、送丝机构、水冷/气路等）相关故障； 2、能够完成焊机、焊枪、送丝机、导电嘴、绝缘套、气体流量计、电磁阀等易损件或功能部件的更换、调试与基础维修，确保焊接工艺稳定性； 3、对客户操作及维保人员进行设备使用规范、日常点检、耗材更换及常见故障应急处理的培训； 4、定期回访重点客户，收集设备运行数据、焊接质量反馈及改进建议，推动产品迭代与服务优化； 5、与客户建立并维持积极、信任的专业关系； 6、按规范填写售后服务报告、维修记录、备件领用清单，并及时闭环问题至内部技术/生产部门。 7、能适应短期出差或驻厂服务。 任职要求： 1、大专及以上学历，机电一体化、电气自动化、焊接技术与自动化、机械工程等相关专业； 2、2年以上非标自动化或工业机器人集成项目现场经验，有焊接自动化设备（尤其是MIG/MAG、TIG、激光焊）售后服务或调试经验者优先；具备基本焊接工艺知识（如参数匹配、飞溅控制、焊缝成形判断）； 3、熟悉主流焊接电源（如Fronius、麦格米特、奥泰）及配套焊枪、送丝机的工作原理与接口标准； 4、能完成焊枪总成拆装、导电嘴/喷嘴更换、送丝轮调节、气体管路检漏、水冷系统维护等常规保养与维修作业； 5、能看懂电气原理图、气路图、机械装配图，具备PLC（如西门子、三菱）和HMI基础读写或故障排查能力；熟悉至少一种主流工业机器人（FANUC/ABB/KUKA/Yaskawa）的操作、示教、I/O配置及简单程序修改； 6、持有有效电工证，有焊接操作证、登高证或特种设备相关证书者优先；,大专,2年及以上,机械/设备/重工,2026-01-22,2026-03-22
2204,乾纳智能装备（湖州）有限公司,德马科技,通用设备制造业,人事行政专员,湖州,6000.0,12000.0,【工作内容】 1、负责统筹安排公司人事行政事务。 2、设计与优化绩效管理体系。 3、组织实施绩效考评，确保过程的公平、公正，并将结果应用于薪酬、晋升等环节。 4、管理薪酬福利体系，同时有效控制人力成本。 5、构建和谐的员工关系，处理员工投诉、劳动纠纷和突发事件，确保公司运营稳定。 6、组织企业文化活动，增强团队凝聚力。 7、确保公司人力资源政策和流程完全符合国家及地方的劳动法律法规。 8、制定、修订和完善人事、行政各项管理制度与工作流程，并监督执行。 【任职要求】 1.大专及以上学历，人力资源管理、行政管理、工商管理等相关专业优先。 2. 5年以上人力资源和行政管理相关工作经验，其中至少3年在制造业担任人事行政主管或经理职位；具备处理制造业一线员工（如操作工、技工）劳动关系、绩效考核和薪酬核算的实战经验。 3. 掌握《劳动合同法》等国家及地方劳动法规政策。 4、熟练掌握人力资源各大模块，并能将其有效整合应用于制造业场景。 5、具备良好的沟通协调能力和团队管理意识。,大专,5年及以上,机械/设备/重工,2026-03-02,2026-05-02
2230,中邮科技股份有限公司,中邮科技,通用设备制造业,WCS开发工程师,上海,20000.0,25000.0,"职位描述：? 负责公司核心WCS产品的设计、开发与维护，聚焦于集成调度四向车、提升机、堆垛机、AGV、输送线等自动化仓储设备。需具备3年及以上中后台系统开发经验，有物流、仓储设备集成或工业控制软件背景者优先。 主要职责： 1.参与仓储业务流程分析与WCS系统架构设计，完成高可用、高实时的服务端逻辑及设备监控前端界面开发。 2.负责构建和优化WCS与各类仓储设备间的通信接口（如RESTful API、TCP/IP协议、消息队列），设计高效的微服务架构以保障调度系统的稳定与性能。 3.推动代码质量与系统可靠性建设，主导核心调度模块的测试、代码审查及适用于WCS的CI/CD流程落地。 4.快速响应并解决线上设备通信、任务调度异常等问题，支持仓储业务策略的持续迭代与优化。 任职要求： 1.基本要求：? 本科及以上学历，计算机相关专业，3年以上全栈或后端开发经验。 2.后端核心： o精通Spring Boot等主流后端框架，具备高并发场景下服务端开发经验。 o深刻理解微服务架构，熟练掌握Redis缓存、Kafka/RabbitMQ等消息中间件在分布式系统中的应用。 o熟练使用MySQL/PostgreSQL，具备SQL优化、复杂事务处理及分库分表实践经验。 o具备设备通信集成经验者优先，如熟悉Socket编程、Modbus、MQTT等工业通信协议。 3.前端核心： o熟练使用Vue生态（Vue 2/3, Vuex/Pinia, Element-UI/Ant Design Vue），2年以上中后台前端开发经验。 o精通TypeScript、HTML5、CSS3，熟悉前端工程化与模块化开发。 o具备实时数据前端展示经验者优先，如熟练运用WebSocket、ECharts等进行设备状态监控与可视化开发。 4.系统与架构： o熟悉分布式系统设计原则，对高可用、高扩展性架构有实践理解。 o掌握容器化与编排技术（Docker/Kubernetes），熟悉CI/CD工具链（如Jenkins, GitLab CI）。 o了解云原生技术及监控告警体系（如Prometheus, Grafana）。 5.综合能力： o逻辑清晰，具备良好的业务理解、技术方案设计和文档撰写能力。 o具备强烈的责任心和团队协作精神，能有效进行跨团队沟通。 o对代码质量有高标准，熟悉单元测试、集成测试及代码重构实践。",本科,3年及以上,交通/运输/物流,2026-02-02,2026-04-02
2226,德耐尔节能科技（上海）股份有限公司,汉钟精机,通用设备制造业,大项目销售工程师(J10333),杭州,6000.0,8000.0,工作职责: 关于该岗位： 1.通过直销网络信息和客户开发，负责区域内空压机设备的销售，并达成销售目标； 2.开发指定的行业的新客户； 3.提供及时准确的销售和市场信息给销售经理和市场部； 4.与市场团队紧密合作，以获得产品技术支持； 5.发展和加强与区域内客户的良好的合作关系，以提高销售业绩； 6.在公司的信用政策指导下负责应收账款账户； 7.与售后服务团队合作，为顾客提供良好的售后服务，以提高客户满意度。 任职资格: 您对我们的期望： 1.你可以独立工作，有很强的灵活性和责任感。 2.能够探索各种客户站点、应用和技术。 3.有机会不断学习新产品/功能/技术。 4.与有高技能的同事一起工作，经常有机会见面沟通互相学习。 5.我们有家庭式的企业文化。 6.作为德耐尔的关键岗位，直接面对客户，并有责任代表我们的服务使命。 7.与服务团队紧密配合 8.获取广泛的学习资料(集团定期集训、分公司导师制、外训等)。 9.有机会在德耐尔股份进一步发展您的职业生涯。 10.详尽的福利保障（五险一金、团建、生日会、表彰会、拓展训练等） 我们对您的期望： 1.大专及以上学历，热能与动力工程、过程设备与控制工程、机械类专业优先考虑； 2.一年及以上工业品销售经验，有直销销售经验优先； 3.基本的 office技能； 4.积极主动，较强的沟通和团队协作能力，抗压能力。 5.能适应出差,大专,1年及以上,机械/设备/重工,2026-01-21,2026-03-21
2426,中顺洁柔纸业股份有限公司,中顺洁柔,造纸和纸制品业,销售主管-濮阳,濮阳,6000.0,8000.0,1、负责相关销售指标的达成； 2、经销商团队日常工作指导、培训和协助； 3、负责本区域内各项费用的落实及实施； 4、协助经销商制定分销计划，并指导实施； 5、按工作计划进行多渠道客户拜访并做好每日工作总结。 任职要求： 1、热爱快消行业，吃苦耐劳； 2、1年以上营销工作经验，快消品、日化纸品行业优先； 3、具备一定的经销商管理能力和终端分销管理能力. 福利待遇： 1、优秀员工一年多次加薪晋升机会； 2、缴纳5险1金，享受交通费补贴，福利纸发放等； 3、享受带薪年假等国家法定假期； 4、优秀员工可有机会获得股权分配，国外旅游奖励等。 负责区域：濮阳 晋升通道： 销售主管→销售经理→省办经理→战区区总,学历不限,1年及以上,印刷/包装/造纸,2026-01-23,2026-03-23
2432,美盈森集团股份有限公司,美盈森,造纸和纸制品业,礼宾员,深圳,7000.0,8000.0,1.负责为公司客户提供高质量的迎宾和接待服务。 2.确保客户体验的顺畅和愉悦，提升公司的品牌形象和美誉度。 3.倾听客户需求，了解他们的意见和反馈，并积极做出改进和调整。 任职要求： 1.大专及以上学历，年龄30岁以下，1 年以上礼仪 / 接待经验，精通接待礼仪与文化差异，***。 2.沟通表达强，有亲和力与服务意识，易获客户信任。 3.团队协作与自驱力强，工作严谨有责任心。,大专,1年及以上,印刷/包装/造纸,2026-03-02,2026-05-02
2374,华新（佛山）彩色印刷有限公司,粤华包B,造纸和纸制品业,海德堡印刷机长,佛山,11000.0,15000.0,海德堡CD系列、CX系列，六色为主、九色也有 1、根据生产计划和工单要求，按时、按质、按量完成生产任务； 2、负责海德堡印刷机开机操作和机台的维护； 3、负责区域内AM-5S管理； 4、配合生产管理人员进行提质增效的技术改善； 5、负责机台人员的培训及技能提升； 6、可接受生产需求的临时调岗。,中技/中专,3年及以上,印刷/包装/造纸,2026-02-26,2026-04-26
2418,山鹰国际控股股份公司,山鹰国际,造纸和纸制品业,储备干部,宿州,4000.0,6000.0,任职要求： 1.2026届毕业生，大专及以上学历，轻化工程、机电仪、水处理等相关专业； 2.良好的沟通能力，能够较好地配合团队工作； 3.具备自我驱动能力，出色的克服困难、解决问题的能力； 4.对造纸行业充满兴趣，能够长期在造纸行业发展。 （来自 ）,大专,经验不限,印刷/包装/造纸,2026-02-11,2026-04-11
4079,必能信超声（上海）有限公司,长江投资,道路运输业,Senior Quality Engineer,上海,17000.0,25000.0,"In This Role, Your Responsibilities Will Be: 1.Participate in the new product development process, lead the development of test procedures and test fixtures before mass production of new products, participate in DFMEA and PFMEA of new products, and develop control plans for key quality characteristics. 2.Lead or participate in the product transfer manufacturing process, ensuring consistency of test standards and test fixtures during product transfer manufacturing, and ensuring that products undergo sufficient quality verification before mass production. 3.Lead quality control in the manufacturing process, ensuring that products meet design specifications, promptly identifying deviations and taking corrective and preventive actions, and promoting the use of quality control tools (SPC, MSA, DOE) in the manufacturing process. 4.Participate in the analysis and improvement of technical problems in the manufacturing process. 5.Lead the quality verification and approval of supplier changes (PCSA process), ensuring the technical compliance, performance reliability, and manufacturing process robustness of changed components. 6.Lead the manufacturing process review and approval of key suppliers and key components, ensuring the quality stability of supplied components, and conducting periodic reviews of the manufacturing processes of key components. 7.Diagnose feedback on product quality from the after-sales department, analyze the root cause of product quality problems, and implement corrective and preventive actions, completing 8D analysis reports and providing feedback to customers when necessary. 8.Learn product application technology to assist in product quality problem analysis and improvement. 9.Provide appropriate quality training to the manufacturing department, promote quality awareness, and assess manufacturing quality performance. For This Role, You Will Need: 1.Bachelor's degree or above in Electrical Automation or a related field, with expertise in electronic circuits. 2.At least 5 years of relevant work experience in low-voltage equipment technology. 3. Proficient in using professional design software for mechanical, electrical, and electronic engineering. 4.Ability to interpret circuit diagrams, pneumatic diagrams, and mechanical drawings. Preferred Qualifications That Set You Apart: 1.Six Sigma Black Belt certification is a plus. 2.Possesses basic English reading and writing skills, and is fluent in spoken English.",本科,5年及以上,仪器仪表/工业自动化,2026-02-26,2026-04-26
4085,上海中交海德交通科技股份有限公司,宁沪高速,道路运输业,法律事务岗,上海,15000.0,25000.0,岗位职责： 1.合同与合规管理：负责公司对外签订经济合同、协议、备忘录及其他法律文件审核。起草重大合同、示范文本修订，提供法律咨询及合规宣导。 2.法律纠纷处置：参与诉讼、仲裁等程序，处理法律纠纷，维护公司权益。 3.风控与内控管理：指导各部门开展风控合规工作，梳理流程并识别研判风险。 4.风险监测与报告：负责风险全流程管控，撰写内控、合规及风险专项报告。 5.协同工作：对外负责集团法务部及外聘律师对接工作，对内和各部门协同落实合规、风控专项任务。 6.其他：完成领导交办的其他工作。 任职条件： 1.学历与专业：本科及以上学历，法学相关专业（硕士研究生优先），具有法律职业资格证。 2.知识储备：熟悉企业内控与风险管理知识体系，掌握行业法律法规。 3.工作经验：具备3年以上法务或合规相关工作经验，有行业合规、法务从业经历者优先考虑。 4.能力素质：具备优秀的文字表达、沟通协调及问题解决能力，逻辑思维清晰。 5.具有较高的政治素养，遵纪守法，诚实守信。,本科,3年及以上,计算机软件,2026-02-12,2026-04-12
4029,深圳高速环境有限公司,深高速,道路运输业,技术研发岗（部门副职及以下）,深圳,33333.0,41667.0,任职要求： 1.博士研究生； 2.具有相关领域科研创新能力、发表过高水平学术论文及较强的工程时间能力； 3.脱产从事博士后工作。 以下研究方向择一： 方向1：水污染治理 环境科学、环境工程等相关专业，具有污水处理或再生水处理技术研究背景，有高浓度有机废水处理设计或调试管理经验优先； 方向2：智能控制 自动控制、智能控制、电机、电驱、工业大数据与人工智能等专业，有从事控制理论与控制工程或电气工程、工程机械智能化、电力电子与电力传动等方面背景，具有环保工程自动控制设计或工程经验的优先； 方向3：有机固废资源化 具有环境科学、环境工程、能源与环保等相关专业博士学位，具有有机固废资源化技术研究基础或工程应用经验优先； 具有独立承担研究项目和开展科研工作的能力，以***或通讯作者发表SCI中科院一区或二区方向相关文章3篇及以上；具有发明专利授权及参与***科研项目经历者优先； 要求能够适应出差，有一定的现场工作经验。 薪资面谈。,博士,经验不限,环保,2026-02-28,2026-04-28
4086,锦海捷亚国际货运有限公司,锦江在线,道路运输业,中级产品经理,重庆,8000.0,10000.0,【岗位背景】 公司已进入稳定发展阶段，内部系统承担核心业务支撑作用。我们需要一位既理解业务运作，又具备扎实技术理解能力的技术产品经理，负责关键内部系统的持续演进与优化。 【岗位职责】 - 负责空海运系统的产品规划与持续迭代，对系统长期可用性和扩展性负责。 - 将业务需求转化为可实现、可维护的产品与技术方案，而非停留在功能描述。 - 参与系统设计讨论，包括流程设计、数据模型、接口定义、权限与配置策略。 - 与研发团队紧密协作，对需求拆解质量、方案合理性和最终交付效果负责。 - 在必要时进行技术层面的实际工作（如原型验证、SQL、配置、脚本、接口调试等）。 - 基于实际使用情况和数据，持续推动系统效率与用户体验的改进。 【任职要求】 - 计算机相关专业优先。 - 熟悉完整的产品生命周期管理流程，具备从0到1或0到N的产品设计与落地经验。 - 精通数据驱动方法论，熟练使用SQL、Excel或其他BI工具进行数据建模与分析。 - 熟练使用Axure、墨刀、Sketch、Xmind等产品设计工具，输出高保真原型与PRD文档。 - 优秀的沟通协调能力与项目推动能力，具备良好的产品判断力与商业意识。 - 自驱力强，结果导向，具备敏锐的市场洞察力与用户洞察能力。 【加分项】 - 有跨多个内部系统协同设计经验。 - 曾参与老系统改造/重构/平台化。,本科,3年及以上,交通/运输/物流,2026-02-26,2026-04-26
4283,顺丰速运,顺丰控股,邮政业,顺丰鸠江区招聘快递员7-10K,芜湖,7000.0,10000.0,可日结 【薪资待遇】 薪资范围:8000-13000 薪资构成:计件提成，多劳多得，上不封顶，月休4-6天 发薪时间:全职半月发放一次，不压工资，不拖欠工资，也可兼职日结！！ 【福利待遇 基础福利:法定节假日、带薪年假、工会福利、 中秋端午、带薪培训，全职缴纳五险等福利 【工作职责】 驾驶三轮车车辆负责指定区域日常收派件工作 【晋升】 每半年可以公开竞聘网点主管等岗位 【岗位要求】男女不限、老师傅一对一帮带 顺丰直招，不收取任何中介费用。,学历不限,经验不限,货运/物流/仓储,2026-01-04,2026-03-04
4263,顺丰速运,顺丰控股,邮政业,猎聘专员,惠州,8000.0,13000.0,"岗位职责： 1.负责通过猎聘平台等渠道,主动搜寻、甄选符合公司需求的优秀人才,建立人才库； 2.与目标候选人建立联系,进行专业化沟通,了解候选人的职业期望、薪资要求等信息,做好候选人意向跟进； 3.组织、协调候选人与用人部门的面试对接,推进招聘流程,及时反馈面试结果,做好候选人入职前的协议签署和手续办理； 4.维护和完善人才库数据,定期更新候选人信息,为公司储备优质人才资源； 5.分析招聘需求,制定招聘策略,定期总结招聘工作成果,提出优化建议。 任职要求： 1.大学本科及以上学历,专业不限； 2.具有3-5年招聘或猎聘工作经验,在快递物流、电商或供应链领域有招聘经验者优先； 3.熟练使用猎聘网、BOSS直聘、脉脉等招聘平台,具有一定的人才搜寻和甄选能力； 4.具备良好的沟通表达能力、服务意识和抗压能力,能够有效说服和吸引优秀人才。",本科,5年及以上,货运/物流/仓储,2026-02-28,2026-04-28
4251,德邦物流,德邦股份,邮政业,江北五里店高薪招聘自带面包车快递员（提供车补油补）,重庆,8000.0,11000.0,【薪资待遇】 ①薪资范围：7000-9000 ②薪资构成：高保底、计件提成，多劳多得，上不封顶，月休4天 ③发薪时间：每月发放一次，不压工资，不拖欠工资 【福利待遇】 ①基础福利：法定节假日、带薪年假 ②岗位福利：免费工服、免费电话卡、全勤奖、带车补贴、保底工资 ③特色福利：中秋家礼、年终奖、带薪培训、高温补贴、提拔晋升、互助基金 【工作职责】 ①驾驶车辆负责指定区域日常收派件工作 ②无车辆公司可协助租辆，提供租车补贴；有车公司提供车补、油补 【岗位要求】 20-50岁、老师傅一对一帮带 德邦直招，不收取任何费用和押金，同时欢迎离职员工返聘,学历不限,经验不限,货运/物流/仓储,2026-01-05,2026-03-05
4256,圆通速递有限公司,圆通速递,邮政业,圆通现场管理储备干部（新锐生）,邢台,6000.0,8000.0,【岗位职责】 1、中心运营：负责公司运营场地的日常管理和维护工作，确保场地 环境整洁、安全，提高场地使用效率。 2、车辆管理：负责公司车辆的调度、维护和日常管理工作，合理规 划车辆使用，降低车辆运营成本。 3、线路管理：负责优化运输线路，提高运输效率，减少运输成本， 确保货物准时送达。 4、成本控制与优化：通过对场地、车辆、线路等方面的管理，持续 关注成本控制，提出降本增效的方案并实施。 5、数据驱动决策：收集和分析运营数据，为管理层提供数据支持与 优化建议，助力公司精益化管理。 6、跨部门协作：与相关部门紧密合作，共同推动营运管理工作的顺 利进行。 7、业务知识学习：通过培训和实践，深入了解公司业务流程、管理 流程和战略规划。 8、领导能力培养：参与项目管理和团队协作，培养领导能力和团队 管理能力。 【任职要求】 1、25周岁以下，公办本科及以上学历，专业不限； 2、具备较强的学习能力、沟通能力和团队协作能力； 3、对业务运营有浓厚兴趣，愿意接受挑战和轮岗； 4、具备一定的数据分析能力，能熟练使用办公软件和数据分析工具； 5、有相关实习或工作经验者优先。 【发展路线】 精益培训-中心主管-副部长（经理）-部长-营运总监-总经理 【福利待遇】 1、具有竞争力的薪酬待遇，根据个人表现和业绩提供年终奖金； 2、广阔的职业发展空间和晋升机会，提供专业培训和职业规划指导； 3、完善的培训体系和导师制度，提供一对一的指导和辅导； 4、舒适的工作环境和良好的团队氛围，提供团队建设活动和员工聚 餐； 5、提供五险一金、商业保险、带薪年假、节日福利、员工旅游等福 利待遇； 中国人的快递，世界因我们触手可得，圆通速递期待你的加入！中国 人的快递，世界因我们触手可得，圆通速递期待你的加入！,本科,经验不限,交通/运输/物流,2026-01-24,2026-03-24
2604,北京牵手果蔬饮品股份有限公司,顺鑫农业,酒、饮料和精制茶制造业,区域销售主管,阜阳,6000.0,12000.0,1. 专科及以上学历； 2. 具有销售管理、市场营销相关专业，5年以上食品快消品行业销售管理工作经验； 3. 具备良好的团队合作意识，自信乐观，积极进取； 4. 有较强的职业素养、专业素质、服务意识与沟通协调能力； 5. 抗压能力强，能够适应出差； 6.上班地点为安徽地区。 职位福利：定期体检,大专,8年及以上,农副产品加工制造,2026-02-13,2026-04-13
2584,东鹏饮料（集团）股份有限公司,东鹏饮料,酒、饮料和精制茶制造业,高薪急聘：销售代表（天津武清）,天津,8000.0,12000.0,工作职责： 1、按公司要求进行网点开发拜访，拆箱动销； 2、按公司要求进行活动执行等； 3、部门要求的其他相关工作。 任职资格： 1、33岁以下，大专及以上学历； 2、1-2年以上销售行业工作经验； 3、反应敏捷、表达能力强，具有较强的沟通能力及交际技巧，具有亲和力； 4、有责任心，有团队合作意识。,大专,2年及以上,快速消费品(食品、饮料、化妆品),2026-03-01,2026-05-01
2572,青岛啤酒股份有限公司,青岛啤酒,酒、饮料和精制茶制造业,数字营销运营专员,长春,5000.0,6000.0,1、企业微信维护及权限添加； 2、消费者商城维护及商城产品更新； 3、手持数据导入导出及手持系统维护,大专,1年及以上,快速消费品(食品、饮料、化妆品),2026-02-26,2026-04-26
2577,嘉士伯企业管理咨询有限公司,重庆啤酒,酒、饮料和精制茶制造业,销售主管-韶关 (MJ006818),韶关,12000.0,15000.0,岗位职责： 在指定的区域范围内以最有效的途径发展公司的啤酒销售业务、完成铺市任务，并按规定完成销量。 具体工作职责： 1. 负责协助销售经理在所属渠道上彻底执行销售政策，以达到全面实现区域销售目标； 2. 协助传达，执行，并跟进销售策略、计划和活动； 3. 与其他部门合作，确保各种销售和市场计划顺利进行； 4. 收集竞争对手的***手市场和销售活动信息，并提出相应对策； 5. 在新市场或开发中市场发掘销售机会； 6.公司安排的其他工作。 任职条件： 1. 大专及以上学历， 5年以上快速消费品行业工作经验； 2. 具备销售团队的管理经验，良好的销售关系网络； 3. 熟练操作电脑办公系统，优秀的沟通和表达技巧。,大专,5年及以上,快速消费品(食品、饮料、化妆品),2026-02-05,2026-04-05
4153,四川海特高新技术股份有限公司,海特高新,金属制品、机械和设备修理业,行政专员,上海,7000.0,10000.0,工作职责: 岗位职责： 1、行政费用管理：负责编制年度行政费用预算；编制月度资金使用计划；管控行政费用预算执行。 2、办公用品、劳防用品及办公设备管理：负责办公用品（含饮用水）、劳防用品（含工作服等）、办公家具的合理计划、比价议价、采购、核销、领用及库房管理；负责办公设备、低值易耗品的使用管理、故障报修及台账管理。 3、车辆管理：负责落实公司车辆出车管理、车辆维保、车险购置、年检、油卡使用管理等工作，并建立健全相应台账记录；负责公司班车对接，园区班车（购买车票）等相关工作。 4、合同管理：负责公司合同档案管理，并推进合同管理电子化工作；负责对接专利事务，包括专利档案管理、专利费用申请。 5、票务管理：负责预订员工差旅机票，预订协议酒店及会务场所。 6、证件管理：1.负责保管公司经营资质证件，按期完成审验工作；负责厂区车辆通行证、机坪通行证、员工工作证的申请、制作及管理工作。 7、政府项目申报：负责收集政府项目信息，并组织评估与执行跟踪。 8、领导交代的其他事宜 任职资格: 1.了解国家相关行政法律、法规； 2.熟悉公司管理制度、工作流程等； 3.熟悉国家行政管理办事流程； 4.熟悉固定资产管理、仓库管理、印章管理、档案管理、差旅费管理相关知识。 5.具有2年行政管理工作经验 6.能熟练使用常用OFFICE办公软件。,本科,2年及以上,多元化业务集团公司,2026-01-12,2026-03-12
4154,四川海特高新技术股份有限公司,海特高新,金属制品、机械和设备修理业,维修技术人员(J10119),上海,6000.0,8000.0,工作职责: 1、根据客户，OEM技术资料，和其他批准的技术资料进行机轮维修。 2、负责科室日常维护工作 3、阅读理解工卡内容。 4、参与机轮刹车组装、清洗、磨损、缺损、异常状况的检查。 5、使用合适的工具进行部件的调整、维修和替换。 6、领导交代的其他事宜 任职资格: 2年以下工作经验,大专,经验不限,多元化业务集团公司,2026-02-14,2026-04-14
4161,广州航新航空科技股份有限公司,航新科技,金属制品、机械和设备修理业,技术开发工程师,上海,11000.0,15000.0,岗位职责： 1、负责民航部件的维修能力开发任务，包括CAAC、FAA和EASA能力开发，以满足市场与生产的需求。 2、负责民航部件维修的技术支援，对维修过程中涉及的技术问题，提供技术方案，以满足生产的需求。 3、负责民航部件维修工作文件的编制和校对，包括工作单卡、工装/设备等效文件、耗材的等效文件等。 4、工装的设计，以满足部件维修能力开发的需求。 5、超手册修理的深度开发，包括修理方案的设计以及文件的编写。 6、领导安排的其他任务。 任职要求： 1.02本科以上学历。 2.02机械或电气相关专业。 3. 1年以上航空器或部件工程经验。 4. 民航英语4级人员优先。有机械设计能力和机械制图能力的人员优先。 5.有认真负责的工作态度，做事细致有耐心，愿意服从工作安排。,本科,1年及以上,航天/航空,2026-03-03,2026-05-03
4158,四川海特高新技术股份有限公司,海特高新,金属制品、机械和设备修理业,炒锅厨师,成都,5000.0,8000.0,【工作内容】 - 负责餐厅日常炒菜工作，确保菜品质量与口味符合标准； - 根据菜单要求准备食材并进行合理搭配，保证出餐效率； - 保持厨房环境卫生，遵守食品安全规范； - 配合团队完成餐饮服务工作，提升顾客用餐体验。 【任职要求】 - 具备5年及以上炒锅工作经验，有相关餐饮行业背景优先； - 持有高中及以上学历，具备基本文化素养； - 年龄在30至48岁之间，身体健康，责任心强； - 熟悉各类中式菜肴的烹饪技巧，能独立完成复杂菜品制作； - 具有良好的沟通能力和团队协作精神，适应高强度工作节奏。,高中,5年及以上,多元化业务集团公司,2026-02-05,2026-04-05
1217,爱仕达股份有限公司,爱仕达,金属制品业,分销业务/主管,保定,5500.0,8500.0,工作职责: 1、负责河北保定、邢台的业绩、经销商开发、网点开发等指标完成； 2、负责辖区内代理商分销工作对接与管理，推进LKA、BC超市标准化建设及其他分销网络的建设与管理； 3、负责协助经销商过完成销售目标，网点开发、合营店、地标形象店建设等； 4、根据总部输出的动销方案，协助客户制定月度推广活动计划及推进执行，并进行销售分析和统计 5、负责对所属经销商下属业务员的管理、评估，并带领完成分销指标。 6、负责所辖终端、网点零售人员的产品、销售技能培训，并执行考核激励、考勤数据收集、销售数据收集等工作 7、维护与各门店客户相关人员的信息沟通，了解门店促销人员情况； 8、市场竞争、行业信息的搜集、汇总、分析并形成可行性方案； 9、其它临时安排的工作任务 任职资格: 1． 掌握市场营销、渠道营销的知识及操作实务，熟悉河北保定、邢台区域市场者优先 2． 掌握客户关系管理、客户开发、谈判能力、商情发掘等知识和技能 3． 熟悉公司的产品知识，销售流程，市场及行业等知识 4． 熟练运用办公自动化软件及公司局域网。,大专,5年及以上,家具/家电/玩具/礼品,2026-02-03,2026-04-03
1276,浙江金财立信财务管理有限公司,金财互联,金属制品业,审计项目经理,杭州,7000.0,9000.0,【岗位描述】 1、拥有连续五年及以上会计师事务所审计工作经历； 2、具备独立带队经验，拥有优秀的组织与协调能力； 3、能够独立出具各类审计报告及专项报告； 4、热爱审计行业，可适应事务所工作性质要求； 5、具备良好的语言表达能力，能够与客户进行高效沟通； 6、会计、审计或财务管理等相关专业大专及以上学历； 职位福利：带薪年假、员工旅游、节日福利、绩效奖金 工作地点：浙江省杭州市西湖区文三路508号天苑大厦9楼 【公司介绍】 浙江中企华会计师事务所经浙江省财政厅批准，于2004年2月正式成立，注册资本300万元，系浙江省注册会计师协会、浙江省股权交易中心理事单位。事务所组建了以专业技术人员为核心的人才团队，其中注册会计师12名、税务师8名，高级会计师、高级讲师、 高级经济师等高级职称人员15名；营业面积达2000平方米，配备会计服务人员200余人。 服务范围主要包括审计及鉴证、财税咨询、会计代理等业务。秉承北京中企华在行业及客户群体中积累的良好知名度与信誉，浙江中企华会计师事务所高度重视自身企业形象建设。多年来，事务所始终恪守“以质量求信誉，以信誉求发展”的行业准则，建立了执业质量控制制度、专家顾问制度、职业风险控制制度、从业人员培训机制等一系列完善的管理制度，有效保障了业务执行的规范化、高效率与低风险。,大专,5年及以上,会计/审计,2026-03-04,2026-05-04
1231,长江精工钢结构（集团）股份有限公司,精工钢构,金属制品业,深化设计工程师,上海,8000.0,12000.0,岗位职责： 1、协助完成投标过程中的深化设计建模，清单及出图工作; 2、完成实际项目的建模，出图及自检工作; 3、完成项目的清单料表工作; 岗位要求： 1、本科学历，工民建相关专业; 2、熟悉钢结构规范；熟悉结点构造设计; 3、了解工厂加工工艺及现场安装对构件的处理及影响; 4、可以看懂英文图纸。,本科,经验不限,建筑/建材/工程,2026-01-07,2026-03-07
1213,广东坚朗精密制造有限公司,坚朗五金,金属制品业,仓管员,中山,5000.0,7000.0,素质要求： 有仓库工作经验，熟悉仓库操作流程，具备良好的敬业精神，工作认真负责，具备良好的沟通能力和接受能力，服从安排，适应体力劳动，愿意加班。 技能要求： 1.操作或使用过ERP系统； 2.电脑操作技能，熟悉Office办公软件，精通Excel。 3.有灯具行业物料、成品收货、成品发货经验优先； 4.有仓库管理经验，懂先5S管理、进先出管理、安全库存管理等。 5.会使用各种叉车、电子称等工具,中技/中专,5年及以上,建筑/建材/工程,2026-03-04,2026-05-04
249,天海融合防务装备技术股份有限公司,天海防务,铁路、船舶、航空航天和其他运输设备制造业,消防管理员,镇江,5000.0,6500.0,【工作内容】 - 负责公司日常消防安全检查及隐患排查，确保消防设施设备正常运行； - 组织并实施安全培训，提升员工消防安全意识和应急处理能力； - 协助制定和执行消防安全管理制度，定期进行消防演练； - 配合相关部门完成消防验收及年检工作。 【任职要求】 - 退伍军人优先，高中及以上学历； - 熟悉电脑办公软件操作，具备良好的文字表达能力； - 具有3年以上相关工作经验，熟悉消防管理流程； - 责任心强，具备良好的沟通协调能力和团队合作精神。,高中,3年及以上,机械/设备/重工,2026-01-07,2026-03-07
229,武汉南华工业设备工程股份有限公司,天海防务,铁路、船舶、航空航天和其他运输设备制造业,采购员,武汉,4500.0,6500.0,岗位职责: 1.严格执行公司采购制度，按采购类别执行采购任务;根据订货清单和现有仓库库存数量，确定采购数量，并对采购单价进行认真审定，优质优价完成采购任务; 2. 负责采购物资验收工作; 3.负责办理货款结算取得合法报销单据，并办理物资入库的工作; 4. 负责不合格产品的退换工作; 5. 负责搜集提供市场信息; 6. 负责保管所经办业务的合同，协议及入库单存单; 7.负责外协件(机加工、铸铝、电镀、油漆等) 8.采购，参与订货询价、洽谈等工作; 9.按公司保密的要求开展工作; 10.完成部门负责人交办的其他工作。 任职要求 1.大专或以上学历，至少1年以上相关工作经验; 2.了解市场行情，具有独立采购的工作能力; 3. 具备良好的沟通和谈判技巧; 4. 良好的职业操守。 上班时间：早上8点——下午5点，周末双休+入职即缴纳六险一金+其他福利,大专,1年及以上,机械/设备/重工,2026-01-12,2026-03-12
217,重庆航天火箭电子技术有限公司,航天电子,铁路、船舶、航空航天和其他运输设备制造业,发动机测试工程师,重庆,14000.0,20000.0,1.岗位要求： （1）具有良好的团队合作能力，集体荣誉感强，有上进心，工作努力； （2）熟悉发动机原理（活塞发动机）及相关专业知识者优先。 2.专业要求：发动机、机械、动力、车辆工程等相关专业。 3.学历要求：硕士研究生及以上学历。 4.薪资待遇：面议。 5、梁平及周边地区人员优先。,硕士,经验不限,船舶/航空/航天/火车制造,2026-02-25,2026-04-25
222,今创集团股份有限公司,今创集团,铁路、船舶、航空航天和其他运输设备制造业,水系统工程师,常州,8000.0,12000.0,岗位职责： 1、负责相关项目水系统部分的设计、评审； 2、负责水系统原理图的编制或审核； 3、负责管路、水阀等采购技术条件的编制； 4、主导完成水系统知识库的搭建； 5、水路密封结构的设计、水系统相关的实验验证跟踪； 6、为生产现场提供技术支持； 7、处理售后、客户投诉中关于水路部分的事项； 8、研发课题的选定与完成； 岗位要求： 1、3年以上水系统相关工作经验 2、能熟练使用3D和2D制图软件； 3、熟练掌握不锈钢管等铁路常用水管的切割、弯曲、连接（卡压、焊接、快插）和密封技术； 4、了解高铁车厢水系统的整体布局，包括净水箱、供水管路、用水点、排水管路、废水箱之间的关联,大专,3年及以上,机械/设备/重工,2026-02-24,2026-04-24
4809,上海铁林投资控股有限责任公司,铁龙物流,铁路运输业,财务专员,上海,6000.0,10000.0,职责描述： 1、负责审核各类报销票据及发票，并保证票据的真实性； 2、负责银行账户管理、资金收付结算； 3、负责日常会计核算工作，编制凭证，整理、装订凭证，保证会计资料完整、安全； 4、负责月结及年结工作，出具财务报表，汇算清缴等； 5、每月进行纳税申报、开具发票、认证发票等税务相关事项； 6、负责与银行、税务、工商、审计等部门的对外联络及业务办理； 7、参与股权项目财务尽调、撰写财务尽调报告； 8、完成领导交办的其他工作。 任职要求： 1、本科及以上学历，会计或金融相关专业优先，有CPA及财务尽调经验优先； 2、1年以上财务工作经验，熟悉会计准则及相关法律法规； 3、熟练运用office办公软件，有使用财务软件的经验，金蝶经验优先； 4、能够独立处理复杂的事务，学习能力突出，责任心强，擅于沟通、积极主动、团队协作意识强。 （此岗位后期转型之公司资管、供应链业务（非销售），建议者谨慎投递）,本科,1年及以上,金融/投资/证券,2026-01-22,2026-03-22
4808,上海铁林投资控股有限责任公司,铁龙物流,铁路运输业,业务管理/风控专员,上海,8000.0,12000.0,岗位职责： 1.配合承接集团公司战略规划、对拟开展业务的对应国家政策、市场和行业进行分析调研，为项目模型的建立提出建议/意见； 2.根据集团战略发展方向研究制定公司业务的创新模型，负责产品开发及项目落地； 3.全面风险管理工作，配合支持业务进行投前尽职调查、出具产品方案、风控方案，具有一定推动产品落地能力； 4.负责已投项目的投后管理、风险监控、业务档案管理等； 5.负责公司各业务条线（含子公司）经营分析，组织落实相应业务考核及年度经营进度; 6.公司投资中心、资产管理中心及供应链中心业务赋能融合工作； 7.协同配合相关国资委审计监管等相关工作； 8.根据公司要求完成安排的其他工作； 任职要求： 1.有较强的抗压能力、具有较强的风险识别及研判能力、业务逻辑清晰、有一定的项目落地经验； 2.金融、供应链、新能源相关行业1年以上相关运营经验；熟悉资本市场金融工具，熟悉股权、债权投资逻辑、包括不限于一级市场、二级市场、资产管理、供应链（大宗农贸）落地等经验者优先； 3.对行金融行业监管有一定的了解；金融财务风控法务相关背景优先，大学本科及以上学历； 4.情商高，有一定的抗压性。,本科,1年及以上,金融/投资/证券,2026-01-20,2026-03-20
894,杭州中美华东制药有限公司,华东医药,零售业,学术专员,石家庄,5000.0,10000.0,【学术专员】职位描述 岗位职责： 1、 协助部门经理进行产品研究，制定产品推广策略并实施； 2、 组织制订细分医院的产品计划； 3、 培训、支持和帮助销售人员，并激励他们达到销售目标； 4、组织或参与产品的市场推广活动、专业广告及学术活动； 5、 负责对医生的学术拜访和专家资源管理； 6、 进行产品市场调研，定期提交市场分析报告； 任职要求： 1、研究生学历，医药相关专业； 2、熟悉销售和市场知识，熟悉产品推广工作 3、良好的策略规划能力，沟通能力，影响力及业务敏感度； 4、优秀的语言和文字表达能力，优秀的公关协调能力，较强的演讲培训能力，良好的理解分析、研究能力； 5、诚信敬业、认真严谨、责任心强，精力旺盛，想象力丰富，善于思考和沟通协作，做事有条理； 6、熟练使用日常办公软件。。,硕士,3年及以上,制药/生物工程,2026-02-25,2026-04-25
953,杭州中美华东制药有限公司,华东医药,零售业,药学服务专员（内分泌）,六安,,,负责产品：内分泌产品 岗位职责：负责公司产品在相关市场的学术推广工作，向医生、患者传递前沿医药理念、产品知识，提供专业药学服务 任职要求：医学或药学相关专业，本科及以上学历 工作经验：1年及以上医药临床推广经验，优秀应届毕业生亦可 素养要求：具有良好的沟通表达能力，团队协作能力及高度的责任心,本科,3年及以上,医药制造,2026-01-29,2026-03-29
908,湖北益丰大药房连锁有限公司,益丰药房,零售业,健康顾问-汉口汉阳武昌-JW,武汉,3000.0,4500.0,工作职责: 缺编需招聘区域 ： 江岸： 俊才街店 康怡花园店 二七侧路店 雅琪大厦店 武汉三眼桥附近，二七家乐福（收银，中药员工） 后湖： 春兰街附近 、余华岭附近、江大路附近、隆泰同安家园，后湖五路、百步亭，百步亭花园，建设新村，安居西怡和苑； 汉阳：十里景秀（急）、新澳蓝草坪、铁桥广场、汉桥路（急）、 汉阳：麒麟社区门店 武汉鲤鱼洲家园分店 广电兰亭、武汉拦江路店； 武昌：小东门市场店 武珞路五巷店 蔡甸沌口：博学路（急）、宁康园 南湖：狮城名居，雅安街，丽岛花园 首义：人民医院、馨都名苑、大成路 中山路：凤凰世纪家园、水果湖步行街、洪山广场 徐东：杨园 、融侨华府、四美塘、新生路 公司福利：五险一金包住带薪年假绩效奖金 职位类型：医疗 发布时间：2021-12-08 有效日期：2022-01-07 基本要求：年龄不限 工作地点： 武汉区域就近分配 健康顾问职位描述： 1、18-45周岁，中专及以上学历，药学相关专业优先； 2、如非医药相关专业毕业，必须有连续的药房工作经验经验一年以上。 3、身体健康，有较强的亲和力和沟通能力。 4、能服从门店调动、岗位调动安排。 5、形象较好。 6、五险一金包住宿，武汉700多家门店也可就近安排. 任职资格: 1、年龄18-45岁，男女不限； 2、有毕业证，中专以上学历，做过一年左右药店相关工作； 3、欢迎药学相关专业的应届毕业生。,中技/中专,1年及以上,批发/零售,2026-03-06,2026-05-06
890,大参林医药集团股份有限公司,大参林,零售业,机修工,广州,4500.0,5500.0,岗位内容： 1、负责车间设备维护保养和日常维修、检查; 2、负责公司设备维保计划制定，设备档案的建立、保管; 3、负责宿舍水电维修及公司领导交代的其他事情。 要求：须有电工证，大专及以上学历，机电一体化、机械制造及自动化等机械相关专业，1年以上相关工作经验，动手能力强，勤奋好学。有药厂设备维修经验，优秀应届生也可。,大专,1年及以上,批发/零售,2026-02-04,2026-04-04
439,常州市宏发纵横新材料科技有限公司,国际复材,非金属矿物制品业,电仪工,常州,8500.0,9500.0,资深电仪工:①男，大专及以上学历，年龄22-45岁，机电一体化，工业电气自动化、电气自动化、仪器仪表或相关电气专业，熟练使用各种工具及量具(万用表、钳形表、摇表、接电电阳仪、HART手操器、过程校验仪等)②)2年及以上相关工作经历;有低压电工维修证、高压电工操作证者优先;12小时三班倒，薪资8500~9500元/月,大专,2年及以上,新能源,2026-01-13,2026-03-13
417,江西金力永磁科技股份有限公司,金力永磁,非金属矿物制品业,橡胶磁材料工程师,赣州,7000.0,10000.0,1）材料科学、冶金、高分子、化学或相关专业本科及以上学历； 2）两年以上磁性材料或相关领域研发/工艺经验； 3）有橡胶磁开发经验者优先； 4）精通高分子材料科学理论； 5）具备基础材料与数据分析能力； 6）具备独立设计和解决能力； 7）具有MS Office(Excel/Word)操作能力。,本科,2年及以上,原材料和加工,2026-02-12,2026-04-12
466,青龙管业集团股份有限公司,青龙管业,非金属矿物制品业,营销岗（天津）,天津,8000.0,10000.0,岗位职责： （1）完成个人年度销售目标。 （2）掌握区域内市场销售信息和市场动态。 （3）负责维护和管理客户关系，同时积极开发新客户。 （4）负责招标项目的标书制作投标及合同签订等系列工作。 （5）负责普通订单的洽谈、合同起草、签订等系列工作。 （6）负责订单履行过程中的沟通协调工作。 岗位要求： （1）2024-2026年应届本科（第一批）毕业生，不限专业； （2）薪资待遇：无责底薪12万+营销业绩提成。 工作地点：全国区域，需服从分配 百度搜索,本科,经验不限,多元化业务集团公司,2026-03-04,2026-05-04
421,东北证券股份有限公司,亚泰集团,非金属矿物制品业,投顾及财富管理部-投顾支持(J13594),上海,9000.0,12000.0,工作职责: 1.根据部门制定的营销和服务方案，协助投资顾问开展客户维护工作，准备业务营销材料，并负责投顾客户的部分日常沟通； 2.跟踪部门投顾业务的展业情况，包括统计业务规模、做好各种部内会议的记录等； 3.协助部门完成投资者适当性管理、反洗钱等合规展业工作的开展，配合合规、运营完成风险排查、稽核审查等； 4.协助完成部门交办的其他工作。 任职资格: 1.硕士及以上学历，2026年应届毕业生，金融学、管理学、财务会计、市场营销等相关专业优先； 2.为人正直、细心耐心、责任心强；具备良好的学习能力、沟通能力； 3.熟悉办公自动化，能熟练使用word、excel、PPT； 4.认同行业及公司文化，认同公司经营理念，不属于公司规定的亲属回避的对象。,硕士,经验不限,金融/投资/证券,2026-02-24,2026-04-24
3135,广东粤垦农业小额贷款股份有限公司,燕塘乳业,食品制造业,客户经理（江门）,江门,10000.0,20000.0,江门市蓬江区建设三路75号智荟城2幢六层616室 【岗位职责】 1. 积极营销和开发市场、深入了解客户贷款需求; 2. 收集、整理客户的相关资料，提出贷款建议； 3. 开展深入、细致的项目调查和上报审批； 4. 与客户保持沟通，做好客户维护、管理工作； 5. 做好贷后管理； 6. 完成上级交办的其他工作。 【任职要求】 1.本科及以上学历，金融、经济、营销相关专业，有5年及以上信贷工作经验的，专业限制可予以适当放宽； 2.熟悉市场营销、市场推广工作，有较强市场开拓能力、善于与人沟通; 3.有很强的团队协作精神和服务意识； 4.为人正直、坦诚，有良好的职业操守及品行。 5.结合工作实际需要，公司可对此工作岗位进行全省范围内的合理调配。,本科,经验不限,金融/投资/证券,2026-02-25,2026-04-25
3193,内蒙古伊利实业集团股份有限公司,伊利股份,食品制造业,营养营销代表（婴幼儿华中/湘北区域/长沙）,长沙,6001.0,8000.0,岗位职责: 1、所负责城市重点机构的开发及管理 2、完成所负责辖区营养教育活动开展执行 3、根据市场计划，落实并完成城市群新客户人数不断增长，各项绩效的达成； 4、协助销售业务同事完成城市高端婴儿粉1段和妈妈粉的销售额指标，实现对接门店销量的增长； 5、负责公司高端婴儿产品和妈妈粉在当地的消费者推广工作； 6、推广社区的目标消费者名单的收集，消费者定期进行宣教，提高系统人数和宣教人数。 任职资格: 1、学历要求：大专及以上学历； 2、专业要求：医学、药学、营养学、生物、营销等相关专业； 3、从业经验要求：工作经验2年以上，具有配方奶粉、婴幼儿用品、药品推广经验1年以上； 4、专业知识要求：熟悉产品知识、母婴营养知识； 5、性格外向，吃苦耐劳，抗压能力强，勤奋、诚实，具有积极的工作态度及饱满的工作热情。 简历接收周期：2026-02-24~2026-04-24,大专,2年及以上,快速消费品(食品、饮料、化妆品),2026-02-24,2026-04-24
3149,上海芝享食品科技有限公司,妙可蓝多,食品制造业,维修技术员,上海,8000.0,10000.0,1、设备的大故障维修的履历管理，内容包括设备基本情况、维修书、改善报告书等相关文件组织填写、归档存位，定期整理工作； 2、负责对公司固定资产设备的维护、保养及盘点； 3、负责对设备的安装和保养、维护工作；及时、高效地诊断并解决生产设备故障，保证生产的顺利进行并做到预防为主；对机器设备、设施的维修和异常情况的处理，并做好记录。 任职要求： 1、持电工上岗证，中技以上学历，两年以上工作经验； 2、良好的团队合作精神，有一定的抗压能力，能吃苦耐劳； 3、掌握弱电维修知识； 4、能接受倒班，加班（12小时两班倒）。,中技/中专,2年及以上,快速消费品(食品、饮料、化妆品),2026-01-14,2026-03-14
3131,广州陶陶居有限公司,广州酒家,食品制造业,外卖平台运营主管,广州,10000.0,16667.0,岗位职责： 1.负责线上平台的建立（美团、饿了么、会员商城、抖音）； 2.负责公司所覆盖的外卖平台的运营维护与单量提升; 3.负责第三方外卖平台的店铺优化与活动运营、策划，熟悉平台规则，产品上下架，数据复盘、活动复盘 ； 4.负责各合作渠道关系的沟通与维护; 5.负责线上平台的传播与宣传，将线上流量导入到线下门店; 6.会员权益合同和储值活动策划和小程序运维护； 7.领导安排的其他工作。 任职要求： 1.专科及以上学历； 2.有连锁品牌运营经验5年以上，具备从0到1的经验； 3.具备良好的数据分析能力和逻辑思维能力，能独立完成运营方案制定。,大专,5年及以上,快速消费品(食品、饮料、化妆品),2026-03-04,2026-05-04
4995,同庆楼餐饮股份有限公司,同庆楼,餐饮业,开发选址专员,合肥,6000.0,9000.0,岗位内容： 1. 负责选址调研，制定选址方案及实施计划； 2. 进行市场分析和商圈评估，评估潜在竞争对手及机会； 3. 分析商业模式及业态需求，策划开发策略并推进落地； 4. 掌握政策法规、土地市场信息及资金渠道，协助项目融资等。 任职要求： 1. 本科及以上学历，城市规划、建筑、房地产等相关专业背景； 2. 三年以上丰富的商业地产选址开发经验，优秀的市场敏感度及分析能力； 3. 熟练掌握选址流程和常用工具，了解市场环境与趋势； 4. 具备较强的谈判、协调、管理能力以及团队合作精神。,大专,5年及以上,餐饮服务,2026-01-29,2026-03-29
4996,同庆楼餐饮股份有限公司,同庆楼,餐饮业,店铺装饰工程主管,合肥,7000.0,8000.0,岗位内容： 1. 负责包子铺装修项目的规划、设计、施工以及竣工验收等全过程管理。 2. 协调各个部门和供应商，确保项目按时、高质量完成。 3. 监察预算、进度和风险等，及时报告和处理问题。 4. 提供前期预算和效果图，为客户提供专业建议。 任职要求： 1. 具备3年以上连锁餐饮店铺装修项目管理经验，能独立处理和解决项目问题。 2. 精通装修项目中的各项工艺和材料，对建筑工程规范有深入了解。 3. 具备较强的团队合作精神和领导能力，能够有效沟通和协调工作。 4. 具备出色的服务意识和客户管理能力，有成功案例者优先考虑。,大专,5年及以上,餐饮服务,2026-02-07,2026-04-07
5000,同庆楼餐饮股份有限公司,同庆楼,餐饮业,酒店工程部经理,合肥,12000.0,18000.0,岗位内容： 1. 负责工程项目的规划、组织、实施和管控，确保工程质量、进度和安全； 2. 指导各部门的合作，保证项目进展的衔接协调； 3. 制定相关标准和流程，优化项目管理体系，不断提升工程项目管理水平； 4. 针对项目中出现的问题和风险，及时解决并向领导层报告情况。 任职要求： 1. 本科及以上学历，机械、电子、自动化等相关专业背景； 2. 具备5年以上相关工作经验，有成功的工程项目管理经验者优先； 3. 熟悉品质管理、项目风险管理等常见的管理方法和工具； 4. 具备较强的沟通、协调和解决问题能力，有很好的团队合作精神； 5. 具备全局思维和创新意识，能够快速适应新的工作环境和任务。,本科,8年及以上,餐饮服务,2026-02-02,2026-04-02
4997,同庆楼餐饮股份有限公司,同庆楼,餐饮业,腊味研发总监/经理,合肥,15000.0,25000.0,岗位职责： 1.负责腊味产品研发创新，每年推出3-5款新品 2.主导腊味生产工艺优化，提升产品良品率至95%以上 3.建立腊味标准化生产体系，制定10+项工艺标准 4.管理5-8人研发团队，把控研发进度与质量 任职要求： 1.食品工程相关专业专科及以上学历 2.5年以上腊味或肉制品研发经验 3.熟悉传统腊味制作工艺与现代食品技术 4.具备团队管理能力与项目管理经验,大专,8年及以上,餐饮服务,2026-01-31,2026-03-31
3605,内蒙古鄂尔多斯电力冶金集团股份有限公司,鄂尔多斯,黑色金属冶炼和压延加工业,爆破工程师,鄂尔多斯,9000.0,13000.0,1.专科及以上学历，采矿工程、爆破技术、安全工程等相关专业； 2.3年以上井工煤矿爆破作业现场工作经验，需持有爆破证； 3.精通《煤矿安全规程》中爆破专项条款及煤矿井下爆破设计相关规范; 4.熟悉爆破工程的各项技术操作，熟练使用爆破设备和仪器; 5.具有较强的学习与适应能力，能快速融入公司文化及工作体系。,大专,3年及以上,石油/化工/矿产/地质,2026-01-07,2026-03-07
3611,鞍钢集团有限公司,鞍钢股份,黑色金属冶炼和压延加工业,鞍山钢铁-计算机类-本科及以上,鞍山,4000.0,6000.0,工作地点：辽宁鞍山、营口、朝阳 需求学历：本科及以上 需求岗位：计算机点检 专业要求：计算机类,本科,经验不限,石油/化工/矿产/地质,2026-03-02,2026-05-02
3555,包钢钢业(合肥)有限公司,包钢股份,黑色金属冶炼和压延加工业,三次元测量员,合肥,7000.0,9000.0,岗位职责： 程序编写： 负责新产品/模具的三次元测量程序编写与调试，优化测量路径，提高测量效率。 精密测量： 熟练操作三次元（三坐标测量机）完成来料、制程、出货产品的精密尺寸检测，及时出具准确的检测报告。 体系维护： 协助维护公司品质管理体系（如ISO9001、IATF16949等），确保测量室仪器设备的日常点检、保养及维护。 异常处理： 对测量过程中发现的异常尺寸进行初步分析，并及时反馈给生产及工艺部门。 任职要求： 经验背景： 中专/高中及以上学历，机械、模具或相关专业；具备2年以上三次元实际操作经验。 编程能力： 熟练掌握思瑞/海克斯康等三次元测量软件，能独立完成复杂零件的编程。 识图能力： 能熟练看懂机械图纸（包含GD&T形位公差），熟悉各类测量基准。。来自马-克-数-据-官网,高中,3年及以上,货运/物流/仓储,2026-02-25,2026-04-25
3612,宝武环科武汉金属资源有限责任公司,宝钢股份,黑色金属冶炼和压延加工业,机械协理,武汉,8300.0,8500.0,负责机械设备日常点检、保养、维护计划及检查并督促下属单元执行；负责机械设备采购技术参数的编制、计划申报、设备安装验收及相关资料的归档；负责机械备件的梳理、申报，确保设备正常运行；负责机械专业项目的立项、施工组织、验收等项目管理，参与机械项目招标管理；负责编制和完善设备操作规程、维护保养指导书、设备档案等。,本科,1年及以上,机械/设备/重工,2026-03-07,2026-05-07
3765,海南矿业,海南矿业,黑色金属矿采选业,人力资源高级经理（上市企业）,海口,12000.0,17000.0,岗位职责： 1. 协助人力负责人根据经营及发展需要做好组织、人才及机制保障工作。 2. 根据战略和业务发展需求，制定专业人才发展规划，完善并优化人才标准的建设与落地，搭建人才晋升和能力发展通道。 3. 负责推动职级体系建设与优化、人才梯队建设，设计并不断优化人才标准、人才盘点、人才晋升、员工发展计划（IDP）等。 4. 基于人才发展体系规划，深度参与核心人才发展项目，如技术人才，管培生，领导力等项目，负责从方案设计到落地全流程闭环。 5. 引入外部优秀实践，结合公司业务现状及导向，建立健全人才发展各项制度、流程，标准。 6. 持续优化和完善招聘配置体系，主导人才寻访和面试选拔，满足公司经营和发展的人才需求，同时建立后备人才选拔和人才储备机制。 任职要求： 1.统招本科及以上学历，年龄40岁以下； 2.8年以上人力资源工作经验，擅长培训、薪酬、组织规划等模块； 3.抗压能力强，结果导向，具备出色的组织协调能力、解决问题能力。,本科,8年及以上,矿产/采掘,2026-01-13,2026-03-13
3760,四川大中赫锂业有限公司,大中矿业,黑色金属矿采选业,预算工程师（安装）,阿坝,16000.0,20000.0,安装-预算编制与审核 1、根据矿山工程建设项目的设计图纸、施工方案等资料，准确编制工程预算文件，包括工程量计算、套价、取费等工作，确保预算的准确性和完整性。 对项目变更、签证等进行及时的预算调整，跟踪工程进度，对比实际成本与预算的差异，分析原因并提出控制措施。 2、参与工程招投标文件的编制，提供准确的工程预算数据，为投标报价提供依据。审核投标单位的报价文件，分析其合理性，协助确定中标单位。 成本控制与分析 3、协助制定项目成本控制目标和计划，分解成本指标到各个部门和阶段。监控项目成本支出情况，对超支风险进行预警，及时发现并解决成本控制中的问题。 4、定期进行成本分析，编制成本分析报告，为项目决策提供数据支持。对项目的人工、材料、设备等成本要素进行分析，提出降低成本的建议和措施。 合同管理 5、参与工程建设合同的谈判和签订，负责合同中有关工程造价条款的审核和解释。确保合同条款明确、合理，保护企业的经济利益。 跟踪合同执行情况，对合同变更进行评估和处理，及时调整预算和成本控制计划。处理合同纠纷中的造价争议问题，提供专业的意见和建议。 工程结算与审计 负责项目竣工后的结算工作，收集、整理结算资料，编制工程结算报告。与施工单位、监理单位等进行结算核对，确保结算金额准确无误。 配合内部审计和外部审计工作，提供相关的预算、结算资料，解释审计过程中的疑问。对审计提出的问题进行整改，完善工程造价管理工作。 其他工作 收集、整理和分析工程造价相关信息，建立和维护工程造价数据库，为后续项目提供参考依据。 参与工程建设项目的可行性研究和初步设计阶段的工作，提供造价方面的专业意见和建议，协助优化设计方案，控制项目投资。,本科,8年及以上,石油/化工/矿产/地质,2026-01-20,2026-03-20
3769,海南矿业,海南矿业,黑色金属矿采选业,人力实习生（海南海口）,海口,2175.0,3262.0,实习时间：每周可现场实习3天及以上 岗位职责： 1、负责干部管理相关数据统计、信息核对、台账维护、报表汇总及档案规范梳理归档工作； 2、协助完成干部相关材料、人事信息的收集、整理、录入与更新； 3、完成上级交办的其他工作。 岗位要求： 1、本科及以上学历，专业不限； 2、工作踏实肯干、细心严谨，责任心强，具备良好的执行力； 3、具备良好的沟通协调能力与团队合作精神，对人力资源工作有热情，学习能力强； 4、熟练使用Office办公软件； 5、具有人力相关实习经验者优先考虑。,本科,经验不限,矿产/采掘,2026-02-12,2026-04-12
3770,海南矿业,海南矿业,黑色金属矿采选业,企业管理主管/高级主管,海口,8000.0,15000.0,"核心职能（设岗目的） 协助公司战略规划，牵头对接参股公司管理、政府数据报送、分子公司公开信息维护，组织在全集团公司开展FES精益管理工作 职位职责 1. 协助制定公司整体战略规划，开展战略对标分析、行业趋势研究、编写汇报材料PPT；开展战略拆解、落地跟踪与复盘分析，输出战略执行建议与调整方案。 2. 牵头参股公司日常对接与管理，建立管控台账，跟进经营数据、重大事项及投后管理要求，保障投后合规与收益目标。 3. 负责政府端/行业协会等数据报送全流程工作，统筹下属单位政府重大项目申报材料的编写与汇总，统筹数据归集、校验、上报与反馈，确保报送及时、准确、合规。 4. 维护分子公司工商、信用平台等公开信息，统筹信息更新、公示核查与异常整改，保障对外信息一致性。 5. 组织推进集团FES精益管理体系落地，制定推行方案、开展宣贯培训、督导各单元实施，识别改善点并推动降本增效。组织集团公司季度/年底FES评审工作，跟踪结果应用及激励发放。 6. 统筹战略、参股管理、数据报送、精益管理等跨模块协同，对接各部门与分子公司，解决执行堵点，形成闭环管理。 7. 完成上级领导交办工作。 资历要求 必须项： 1.本科及以上学历，理学院、理工、管理或相关专业。 2. 6-8年或以上相关工作经验。 3. 具有系统性思维，兼具细节考虑周全度；逻辑语言及书面表达能力强 (must)，沟通协调能力突出。 4.PPT编写能力好，能熟练使用相关插件工具。 加分项： 1.有集团管理工作经验者优先。 2.矿企/能源行业工作背景者优先。 3. 熟练使用EXCEL VBA, Python 等语言优先。 4.英语可作为工作语言者优先。",本科,8年及以上,矿产/采掘,2026-02-06,2026-04-06
2624,东鹏饮料（集团）股份有限公司,东鹏饮料,酒、饮料和精制茶制造业,人力资源主管,广州,8000.0,9000.0,工作内容： 负责公司的人力资源管理，统筹负责招聘、培训、员工关系维护等工作。 主要职责： -负责人员招聘甄选，确保招聘程序的公正性和透明度，及时满足用人需求； -负责员工培训与人才发展，组织培训实施，及培训效果提升； -负责员工关系处理，确保员工关系和谐稳定； -负责公司企业文化活动策划与实施，及承接集团企业文化项目开展； 任职要求： -本科及以上学历，3年及以上制造行业人力资源工作经验； -有较强的人力资源管理知识，熟练运用人力资源管理工具； -具有良好的沟通能力和团队合作意识，思维逻辑强。,本科,3年及以上,快速消费品(食品、饮料、化妆品),2026-02-27,2026-04-27
35,中邮理财有限责任公司,邮储银行,货币金融服务,系统开发（大模型/人工智能方向）,北京,,,专业要求： 计算机、金融工程类等相关专业 学历要求： 国家承认的硕士研究生（含）及以上 岗位基本要求： 1.原则上至少有5年及以上工作经验； 2.身心健康、品行端正、具有良好的职业道德，以往工作经历中无任何不良记录； 3.原则上人员年龄为35周岁（含）以下。 任职要求： 1.自然语言处理、机器学习、人工智能等相关专业毕业，或在自然语言处理、机器学习、人工智能等领域具备3年及以上工作经验； 2.对AI应用系统有扎实的理论基础和丰富的研发经验，如语义理解、情感分析 、RAG、多模态理解及生成等方面； 3.熟练使用Python/C++等语言，熟练掌握DeepSpeed、Megatron等框架； 4.具备探索精神，主动探索并解决技术和业务中存在的挑战，通过技术迭代驱动业务取得收益； 5.在ACL/EMNLP/ICML/ICLR/NIPS/CVPR/ICCV等顶会有论文发表者优先。 岗位职责： 1.技术创新：负责人工智能领域前沿算法研究和技术创新； 2.应用落地：负责金融领域与大模型结合的实际应用场景的整体技术方案设计并推动技术落地，实现业务价值； 3.大模型训练与调优：制定大模型训练、调优及推理优化方案，提升模型性能，解决训练效率、推理速度及资源利用率等关键技术问题； 4.技术布局与科研规划：负责AI技术方向的专利、标准、软件著作权布局工作； 5.团队协作与技术赋能：与团队成员紧密合作，解决大模型产业落地中的算法和技术难题，提升团队整体技术水平，推动技术成果的规模化应用； 6.完成领导交办的其他工作。,硕士,5年及以上,银行,2026-01-29,2026-03-29
3904,莱赛激光科技股份有限公司,莱赛激光,仪器仪表制造业,SQE供应商质量工程师,常州,10000.0,14000.0,工作职责： 1、供应商质量能力的现场考察、评审； 2、供应商的工装、检具验证； 3、供应商样件、新品检测和报告； 4、审核供应商PPAP生产件提交的文件和实物质量； 5、协助供应商处理解决质量异常问题； 6、传递客户要求并督促供应商提升； 7、编制进货检验指导书，监控供应商产品质量。 任职要求： 1、机械制造、工艺制造等相关专业，本科及以上学历； 2、具备质量管理方面系统培训经历； 3、3年以上零部件生产/制造的工作经验； 4、2年以上生产现场品质管理经验； 5、熟悉ISO9001质量体系要求，了解SPC、FMEA，APQP等质量工具； 6、具有零部件质量问题判定能力；具有良好的沟通能力、团队协作精神和独立工作的能力。,本科,3年及以上,仪器仪表/工业自动化,2026-02-11,2026-04-11
4666,苏州方达新药开发有限公司,泰格医药,研究和试验发展,体内药效SD助理-药效学评价(J10204),苏州,3000.0,3500.0,工作职责: 1、 根据PM和BD的需求，查阅文献和历史数据，进行项目报价阶段的方案梗概撰写； 2、 根据SD分配的项目，保质保量完成项目的执行，包括但不限于：数据整理、数据审核、实验方案和实验报告撰写等，以及必要的加班工作 3、 查阅文献，开发新的动物模型实施方案，并分配实验人员进行实验； 4、 了解并熟悉包括但不限于大小鼠抓取、采血、给药、组织脏器采集，以及动物手术；实验室常用仪器的使用，化合物的配制等； 5、 独立作为SD，配合实验小组完成简单的客户项目或内部项目； 6、 完成上级安排的其他相关工作。 任职资格: 硕士及以上学历，医学、药理学或生物等相关专业； 2、有丰富的实验动物操作工作经验；有同时安排多个实验的能力； 3、熟练掌握办公软件的使用，如office等；统计软件，如Graphpad Prism，PASW等； 4、工作踏实、认真，有责任心，有一定学习能力，能长期稳定工作。。,硕士,经验不限,制药/生物工程,2026-02-11,2026-04-11
3685,安徽荃银高科种业股份有限公司,荃银高科,农、林、牧、渔专业及辅助性活动,海外管理岗,合肥,6000.0,8000.0,岗位职责： 1.参与国际业务战略规划，开展海外市场研究，牵头海外业务制度的拟定和完善，协同专业机构对海外重大项目开展合规与风险评估，组织集团海外业务质量评估； 2.负责“海外协同工作组”的建立与运作，推动集团海外业务协同与资源共享，为协同服务提供日常支持，组织培训和国际班事务； 3.负责推动统一的海外信息化管理系统建立与运行，负责海外业务相关政策信息的搜集、整理与发布，集团海外数据的归集与分析； 4.参与海外业务协同，并对当前子公司暂没触及的重点领域与区域组织人员开展战略性市场开拓工作； 5.领导安排的其他相关工作。 任职要求： 1.本科及以上学历，农学、种业、法律、财务、企业管理等相关专业； 2.至少精通一门外语（英语、俄语、法语、葡萄牙语）； 3.具有种业或者本专业领域内1-3年工作经验，能适应境外出差； 4.优秀的应届毕业生也可以考虑。,本科,3年及以上,农/林/牧/渔,2026-02-27,2026-04-27
4659,江西中洪博元生物技术有限公司,药康生物,研究和试验发展,药效-商务bd（北京，上海，广州，深圳，成都，南京）,北京,25000.0,35000.0,"岗位职责：【岗位职责】： 1、负责需要做动物实验的创新药企业、创新器械企业客户各类业务的开拓与维护； 2、负责市场开拓、完成市场任务，挖掘维护优质客户，执行并完成年度销售计划，并通过销售策略的优化调整，扩大市场占用率； 3、与客户保持良好沟通、实时把握客户需求。为客户提供专业、热情、满意、周到的服务 【任职要求】： 1、有行业临床前CRO工作经验者优先,无相关经验勿扰，年龄35岁以内 2、分子、细胞、药理、免疫、动物等生物相关专业优先，本科及以上学历； 3、生物医药行业销售背景者优先，以及有临床前药效药理工作经验者优先； 4、具有较强的开拓进取精神、较强的客户服务意识，良好的人际沟通能力；具备较强的团队合作精神，人品正，拼劲足。 5.本岗位北京，上海，广东，成都市场也在招聘，欢迎优秀有相关经验的销售投递简历！ 注：本岗位无需坐班打卡，上班时间弹性可居家办公，无需打卡！！！",硕士,3年及以上,医药制造,2026-02-12,2026-04-12
2863,中国中药控股有限公司,中国平安,保险业,财务经理,佛山,12000.0,20000.0,岗位职责 （一）财务战略与全面管理 1、全面统筹公司财务核算、资金与税务管理，优化财务流程与内部控制体系，确保财务报告及资金支付的合规性、准确性与时效性； 2、独立编制及审核合并财务报表及管理报表，开展多维度经营分析，为管理层提供决策支持； 3、深入理解业务模式，主导业财数据对接与流程梳理，推动财务数字化建设； 4、统筹往来账款管理，完善信用管控机制，监督重点客户账期与坏账风险，提出改善建议； 5、组织公司资产与存货盘点工作，完善资产管理制度，确保账实一致，及时处理资产异常情况。 （二）税务筹划与风险管控 1、研究税收政策与法规，统筹税务申报与筹划工作，合理控制税务成本，落实优惠政策； 2、建立健全财务内控及风险管理体系，定期组织内部审计与自查，防范财务风险，推动整改闭环。 （三）全面预算与预测管理 1、主导公司年度预算编制、执行跟踪与分析，协助制定中长期财务规划； 2、建立滚动预测机制，监控经营目标达成情况，及时预警偏差并提出调整建议。 （四）团队建设与跨部门协同 1、负责财务团队的建设、培养与绩效管理，提升团队专业能力与工作效率； 2、深入业务前端，参与业务决策会议，提供财务视角的分析与建议； 3、协调审计、税务、银行等外部合作，维护良好的专业合作关系。 （五）其他管理职责 完成上级交办的其他重要财务及管理相关工作。 任职要求 1、硕士及以上学历（优秀者可放宽学历条件至本科），财务、会计、经济、金融等相关专业，持有注册会计师（CPA）证书者优先，注册税务师（CTA）等专业资质可作为加分项； 2、8年以上财务工作经验，其中3年以上财务团队管理经验，具备制造业或大中型企业财务全面管理经验者优先；熟悉财务共享、系统实施、合并报表及信息披露者更佳； 3、精通企业会计准则、税收法规及财务管理全流程，具备出色的财务分析、税务筹划和风险管控能力；能够结合业务推动财务流程优化与管理提升； 4、具备优秀的战略思维、数据敏感度和解决问题能力，能高效协调内外部资源，推动跨部门项目； 5、具备较强的报告撰写与汇报能力，熟练使用ERP系统及各类办公软件； 6、责任心强，具备良好的职业素养与抗压能力，适应快节奏工作环境。,硕士,10年及以上,医药制造,2026-02-10,2026-04-10
2417,重庆百亚卫生用品股份有限公司,百亚股份,造纸和纸制品业,电商物流经理,重庆,10000.0,15000.0,1、仓储运营和管理，负责百亚自营和三方合作电商仓运营管理，高效承接日销及大促电商各渠道业务，打造高质量、低成本TOC/TOB高标云仓； 2、订单履约管理，保障百亚电商各渠道日销及大促订单履约交付，全生命周期跟踪订单达成，异常及时干预处理 3、KPI承接及精进，云仓关键KPI制定及监控，提高抖音、天猫、拼多多等核心渠道店铺物流DSR评分 4、大促活动承接，双11等关键档期任务承接及云仓订单拆解分配、输出大促承接方案，跟进云仓大促资源储备 5、电商团队管理，负责管理和打造高素质电商运营团队，团队绩效管理，团队人员专业能力培养提升 6、物流成本优化，负责开展年度商务招投标，全链条物流成本剖析，保障客户体验前提降低物流费率 7、负责电商仓网规划设计，搭建媲美竞品的全国多仓网络布局 8、TOB/TOC销售渠道支持，满足自营入仓平台补货及时率，保障各自营渠道库存健康，提升备货准确率；协同分销做好预充值客户采购到货计划，提高库存周转,本科,5年及以上,快速消费品(食品、饮料、化妆品),2026-02-12,2026-04-12
3495,雅安祥源碧峰峡旅游有限公司,祥源文旅,公共设施管理业,酒店客房服务员,雅安,2500.0,3500.0,【工作内容】 - 负责客房的日常清洁与整理，确保房间整洁、舒适； - 按照标准流程进行客房服务，保持良好的卫生状况； - 及时响应客人需求，提供优质的客户服务； - 协助处理客房物资的补充与管理，确保物品齐全。 【任职要求】 - 无工作经验要求，欢迎应届毕业生或转行人员； - 具有良好的沟通能力和团队合作精神； - 工作认真负责，具备较强的服务意识和责任心； - 能适应倒班工作，身体健康，形象端正。,大专,经验不限,酒店/旅游,2026-01-15,2026-03-15
3031,华峰集团有限公司,华峰化学,化学纤维制造业,供应链经理,上海,15000.0,25000.0,工作职责： 1.负责新项目的供应链规划与执行，包括制定项目计划、跟踪进度，并完成向运营团队的移交。 2.管理生产计划与物料供应，协调资源确保产能平衡与稳定交付。 3.制定并实施库存策略，监控全链条库存水平，优化周转并处理异常库存。 4.监控供应链关键绩效指标，分析瓶颈与风险，推动流程优化与改进项目。 5.协调内外部资源，作为供应链接口协同生产、物流、销售等部门，支持S&amp;OP流程。 6.编制供应链相关文档，并对相关部门进行培训与交接。 7.完成上级交办的其他相关工作。 岗位职责： 1.年龄25-35周岁，本科及以上学历，供应链管理、物流管理、工业工程、工商管理等相关专业优先。 2.5年以上相关工作经验，有团队管理经验为佳。 3.熟练掌握S&amp;OP、需求预测、库存管理、生产计划、产能计划、原料计划等核心理论与方法；有汽车，面料或精细化工加工行业经验为佳；英文可沟通,本科,5年及以上,石油/化工/矿产/地质,2026-02-07,2026-04-07
570,深圳佰维存储科技股份有限公司,佰维存储,计算机、通信和其他电子设备制造业,in-line制作技术员,东莞,8000.0,10000.0,任职要求： 1. 大专及以上学历； 2. 1年左右半导体相关行业，产线技术员或工艺助理经验； 3. 了解MES系统基础操作（工单查询、报工、异常登记）； 和可使用Excel进行基础数据处理； 建议年龄：25~35岁 岗位职责： 1. 执行标准化作业指导（SOP），监控操作工序的作业规范性，反馈异常现象（如设备参数偏移、物料错位）； 2. 协助推进5S、TPM（全员生产维护）现场管理，维护产线安全和整度。 3. 协助工程师分析先进封装产线的工序瓶颈，参与产线流程、数据采集等基础优化工作；。,大专,1年及以上,电子技术/半导体/集成电路,2026-03-02,2026-05-02
2120,贵阳新天药业股份有限公司,新天药业,医药制造业,OTC客户沟通经理(昆明),昆明,15000.0,25000.0,工作职责: 1．负责按公司要求使公司全部产品在备案连锁正常上柜销售，不受针对性的销售限制； 2．负责大区内NKA分部、LKA连锁总部对公司产品配送的顺畅； 3．负责大区内NKA分部、LKA连锁门店在购进公司产品，不受到针对性的限制； 4．负责大区内NKA分部、LKA连锁的协议执行进度与执行质量，并定期与客户进行交流评估，提供改善方案； 5．协助上级完成大区内NKA分部、LKA连锁的销售活动制定、活动方案与客户的沟通，协助OTC大区总监对活动的执行进行管理； 6．负责或协助负责（视备案连锁的等级与重要性）大区内备案连锁的关键人物维护； 7．完成上级交办事、授权办事的其他工作。 任职资格: 1、本科及以上学历，市场营销及医药类相关专业优先； 2、3年以上OTC销售工作经验， 具有市场活动操作经验； 3、具有良好的逻辑思维能力，表达清晰； 4、具有出色的沟通谈判能力、把控能力、良好的抗压能力和学习能力； 5、具有高度的责任心和高效的执行力； 6、责任心强，身体健康，勤奋； 7、熟练掌握电脑办公软件操作：EXCEL WORD PPT等； 8、能适应出差并服从公司外派。,本科,3年及以上,制药/生物工程,2026-03-09,2026-05-09
3098,深圳瑞捷技术股份有限公司,深圳瑞捷,专业技术服务业,农田水利设计师,南昌,10000.0,15000.0,本岗位需要短期出差，熟悉农田险优先考虑。 岗位职责: 1. 根据项目需求，检查农田水利工程的设计、施工方案，协调相关技术细节。 2. 参与项目现场勘查，结合实际情况优化设计方案，确保工程可行性。 3. 配合施工团队完成设计交底，跟进施工进度，提供解决现场技术问题的方案。 4. 按照规范要求，完成设计图纸及相关技术文件的编制与归档。 5. 与保险、施工方及其他相关部门保持良好沟通，确保项目顺利推进。 任职要求: 1. 具备较强的专业能力，熟悉农田水利工程相关设计规范与流程，了解农田险相关的优先考虑。 2. 善于沟通协调，能够有效处理多方关系，推动项目高效执行。 3. 责任心强，工作细致，能适应一定强度的工作节奏和压力。。,大专,经验不限,检测，认证,2026-02-02,2026-04-02
797,北京迪信通商贸股份有限公司,神州数码,批发业,业务运营拓展,北京,11000.0,20000.0,【岗位职责】 1.负责探索和拓展线上销售新渠道、新模式，主动推动业务从0到1的突破； 2.主动发掘并对接潜在合作方， 独立推动合作洽谈与落地执行； 3. 结合公司资源，在抖音、快手等国内电商平台上尝试新类目、新方式，快速推动销售规模增长； 4. 通过创新和持续优化，达成销售目标。 【任职要求】 1.对国内电商平台有基本认知，具备线上运营或销售相关经验； 2. 对化妆品、服装、日用百货、食品生鲜、3C数码等某一类目有浓厚兴趣，具备快速学习和探索能力； 3. 充满热情、自驱力强、责任心强，敢于尝试新方向，具备良好的抗压能力； 4. 具备良好的沟通能力和团队协作能力，以及较强的分析问题和解决问题能力。 5. 统招本科及以上,本科,5年及以上,互联网,2026-02-11,2026-04-11
3606,北京汽车股份有限公司,首钢股份,黑色金属冶炼和压延加工业,内外饰质量工程师-仪表板相关,北京,12500.0,20833.0,岗位职责： 1.负责制定内外饰零部件APQP计划，参与SOR、技术方案、数据、DV、OTS、ESO评审等，推进检具开发、PV试验等。 2.负责内外饰零部件PCPA审核、PPAP批准等。 2.负责内外饰零部件质量问题预防、分析与改进。 3.负责内外饰供应商 、现场审核，预防和改进过程及质量问题。 4.负责内外饰供应商绩效评价、质量行权等。 5.负责内外饰供应商准入质量评价、供应商能力提升等。 任职资格： 1.大学本科以上，工程相关专业优先 2.5年以上SQE工作经验；3年以上对应业务线SQE相关经验 3.熟练掌握质量管理体系与工具（16949、9001、APQP五大工具、QC 七工具等）、供应商评估与审核（VDA6.3、VDA6.5等）、汽车系统及责任零部件知识等 4、能力要求：系统化思维与构建能力、 团队管理能力、 跨部门沟通及谈判能力、 问题解决能力、 供应商过程持续改进能力、 抗压能力与持续学习能力 搜索,本科,5年及以上,汽车,2026-01-27,2026-03-27
1114,上海翼锐汽车科技有限公司,宁波华翔,汽车制造业,底盘设计工程师,合肥,12000.0,15000.0,工作内容： 1、分析人员要根据能级的不同具备相应的机械设计能力，并理解底盘悬架、结构、制动、转向、燃油等系统零件的工作原理和要求； 2.具备 转向系统（零件开发相关（转向机/转向管柱等等）） / 制动系统（电控，网络信号/控制信号，主要需要软件相关的） / 悬架系统（减震器弹簧等） / 燃油系统 、前后副车架：做底盘结构件；任意一系统的机械设计能力，并理解底盘制转向系统零件的工作原理和要求; 3、对整车及底盘较为熟悉，对主机厂流程有一定了解； 4、良好的沟通能力，问题理解及描述能力； 5、具备较强的自学能力，团队精神及抗压能力，能吃苦； 岗位要求： 1、本科以上学历要求，接受专升本。至少2年以上相关工作经验 2、熟练掌握软件Catia的使用；,学历不限,3年及以上,汽车,2026-03-02,2026-05-02
2565,广东东阳光科技控股股份有限公司,东阳光,综合,总经理助理,韶关,10000.0,15000.0,【岗位职责】 1、负责协助总经理开展跨部门（研发、生产、销售、供应链等）工作协调，对接各环节需求，推动事业部重点工作落地执行，确保高效衔接。 2、跟踪事业部重大研发及产业化项目进度，收集关键节点数据，整理项目进展报告，及时反馈项目推进中的问题并协助协调解决。 3、开展化工新材料行业前沿技术、市场趋势、竞争对手的调研工作，梳理调研成果，为总经理战略决策提供数据支撑和参考建议。 4、协助组织事业部高层会议、专项会议，负责会议筹备、纪要撰写，跟踪会议决议落实情况，确保闭环管理；配合推进团队激励活动，提升团队凝聚力。 5、其他总经理安排的工作事宜，保障日常办公有序开展。 【工作要求】 1、2025届、2026届应届毕业生，硕士学历，化学工程、高分子材料、材料科学与工程、应用化学等化工相关专业，专业基础扎实。 2、学习能力强，能快速理解化工新材料行业业务逻辑，掌握岗位所需技能，具备较强的逻辑思维和问题分析能力。 3、进取心强，结果导向，抗压能力佳，具备主动推进工作的意识，对工作有高标准要求。 4、具备优秀的文字功底和口头表达能力，能精准撰写报告、纪要等文书，善于跨部门沟通协调。 5、品行端正、责任心强，注重细节，具备良好的职业素养和团队协作意识。,硕士,经验不限,多元化业务集团公司,2026-01-20,2026-03-20
4675,康龙化成（北京）新药技术股份有限公司,康龙化成,研究和试验发展,Python开发工程师-北京,北京,8000.0,15000.0,岗位职责： 1.参与公司工具链、服务端系统及数据处理平台的开发与维护； 2.理解业务架构和需求，高质高效支撑产品落地，解决项目反馈的相关问题 ； 3.与跨职能团队紧密协作，推动技术方案落地并沉淀可复用的工程实践。 任职要求： 1.本科及以上学历，计算机相关专业，3 年及以上 Python 实际开发经验； 2.扎实的 Python 语言基础，精通 numpy、pandas 等数据处理库，深入理解异步编程、内存管理、性能调优； 3.熟悉 FastAPI/Flask/Django 等 Web 框架，有实际项目开发经验，能独立完成模块设计与开发； 4.日常开发中重度使用Cursor、Trae等AI IDE，能高效利用AI完成代码生成、调试、重构，具备Prompt调优能力； 5.能将业务逻辑、流程规则、开发模式沉淀为可复用的 Skill / Rule； 6.良好的编码习惯和文档编写能力； 7.具备较强的学习能力和自我驱动意识； 8.熟悉表格/文件处理、文档生成等相关技术栈者优先； 9.熟悉数据处理、脚本自动化、DevOps 或平台工具链者优先。 来自马-克-数-据-官网,本科,3年及以上,制药/生物工程,2026-02-27,2026-04-27
1821,邢台纳科诺尔精轧科技股份有限公司,纳科诺尔,专用设备制造业,生产车间主任,邢台,10000.0,20000.0,1. 依据项目计划及组件工时标准分配生产任务，跟进生产进度，确保装配任务按期完成。 2. 建立并执行装配过程质量管控机制，制定有效质量保障措施，确保产品自检达标并合格交付。 3. 负责团队管理及车间现场安全管理，识别安全隐患并推动改善措施闭环落地；严格规范员工劳动纪律，保障生产秩序。 4. 主动与各部门沟通协调，配合推进跨部门协作事项，确保各项工作高效衔接。,大专,5年及以上,专用设备制造,2026-02-13,2026-04-13
2711,成都千嘉科技股份有限公司,成都燃气,燃气生产和供应业,综合会计,成都,5000.0,7000.0,技岗位职责： 1、根据公司实际发生的业务事项全面安排相应的会计核算，不断优化现有业务的财务核算流程； 2、按时编制财务报表及各类财务分析报告，并根据分析结果及时向财务部经理提供改善性意见、及时向股东方及外部报表需求方等报送。 3、每月对主要产品平均成本、生产效率/损耗进行统计，统计结果及时向领导汇报； 4、跟踪全年预算执行情况，对异常数据及时反馈。 5、完善信息化项目日常管理工作，及时登记相关台账，收集基础资料。对异常数据及时反馈。 任职要求： 1. 本科及以上学历，具备会计专业资格证书。 2. 具备较好的沟通协调能力，具有执行力。 3. 3年以上工业企业财务工作经验，熟悉财务部所有工作流程及具有较强的工作实操能力。 4. 持有驾照或双流附近人士优先。 5. 有工程施工企业工作经验优先。 6. 具体待遇面议。 福利待遇： 1.工作时间：周一至周五，朝九晚五，周末双休，国定节假日等按国家规定放假。 2.免费提供工作午餐。 3.公司提供早晚至市区的免费通勤车。 4.节假日公司工会组织企业文化活动以及发放员工福利、补贴。 5. 入职即签订劳动合同，按规定购买保险。 6.提供年底奖金。 7.公司具有完善的制度管理体系以及人员培养培训体系，完善的职业发展平台和空间，为每位员工设计职业发展通道 。 8. 定期举行和组织各类行业高端学术研讨，职业资格认证考试培训等。 9.公司采用宽幅薪酬依能力定薪，在行业内具有竞争力，欢迎有志之士加入！,本科,5年及以上,仪器仪表/工业自动化,2026-02-24,2026-04-24
397,上海君实生物医药科技股份有限公司,绿地控股,土木工程建筑业,体内药理药效研究员(J11056),上海,10000.0,15000.0,工作职责: 1.能够独立完成在小鼠和大鼠上开展的常规体内药效动物试验操作，支持体内筛选和药理学项目。 2.参与新型体内模型的开发，协助团队搭建新的方法体系和疾病模型知识库，助力药物发现与开发。 3.能够独立严格按照要求执行药物制剂的准备，配置工作。 4.能够独立负责实验样本的准备、管理和储存工作。 5.严格遵守实验方案、标准操作流程（SOP）以及动物饲养机构规定与使用委员会（IACUC）的相关规定。 6. 及时、准确、完整、科学地记录实验结果，并审核数据，分析问题，总结实验结果并撰写研究报告。 7.在上级指导下，清晰有效地汇报和展示数据。 8.与团队成员紧密协作，确保项目顺利推进，及时发现和解决项目相关问题。 9.完成上级主管交待的其他任务。 任职资格: 1.本科及以上学历，具备3年以上体内药理药效学或动物研究相关行业经验。具有硕士学历并所学专业是生命科学、生物医学、生物工程、药理学或基础医学等相关专业，具有大分子类药物（双抗、ADC）研发或者肿瘤学，自身免疫相关研究经验者优先。 2.熟悉常规的免疫学和分子生物学理论背景和操作技能，熟悉动物实验操作技术，能够独立进行肿瘤/自免模型建立和药理、药效学研究工作；能够对相关数据进行分析解读。 3.熟练掌握小型实验动物操作技能，包括动物抓取、药物制剂准备、通过多种给药途径（如腹腔注射、口服、皮下注射、静脉注射、肌肉注射等）对啮齿动物（小鼠/大鼠）进行给药（需确保动物处于无压力状态）、组织和体液的收集与处理。熟练掌握尸检、安乐死、麻醉、疾病负担测量和临床观察等技能。 4.具备独立工作能力，同时能够与团队成员高效协作。 5.具备良好的英语读写能力，良好的逻辑思维能力和沟通能力。 6.具备勤奋、责任心、敬业精神和抗压能力等优秀的职业道德品质。 来自：,本科,3年及以上,制药/生物工程,2026-03-02,2026-05-02
4325,深圳齐心集团股份有限公司,齐心集团,文教、工美、体育和娱乐用品制造业,校园大使招募-广西科技大学&广西民族大学,南宁,6525.0,6525.0,大三大四学生均可~~ 工作职责： 1、入校路线指引 2、校招物资接收 3、线上线下宣传 ①转发校招推文至大四毕业生群，微信群或者QQ群； ②在学校宣传齐心集团招聘信息； ③工作验收：照片、截图发至校园大使群 4、收集简历并推荐 校园大使福利： 面试直通卡：免简历初筛，直通HR面试环节； 校园大使入职礼包：一份特别的欢迎礼物，让你的大使之旅更加精彩； 内推奖励：推荐的学生收到offer，将获得200元/人的内推奖励； 实习机会：表现优异者将有机会获得齐心校招实习offer。,本科,经验不限,办公用品及设备,2026-02-03,2026-04-03
1375,特变电工股份有限公司,特变电工,电气机械和器材制造业,准东能源研究院露天采矿研究所爆破工程师,北京,10000.0,20000.0,1、审查露天煤矿月度爆破设计； 2、优化对露天煤矿钻孔、爆破参数； 3、研究爆破新工艺、新技术，改善爆破效果，降低爆破成本。。,本科,经验不限,电气/电力/水利,2026-03-07,2026-05-07
2243,上海合力叉车有限公司,安徽合力,通用设备制造业,叉车学徒工,上海,2700.0,3900.0,1、学习叉车类型和构造，跟班学习叉车维修、保养技术，配合师傅完成维修任务； 2、此岗位往维修工程师方向培养，欢迎对技术有追求的小伙伴投递，有驾照者优先。 此岗位工作地点安排在： 上海、南通、昆山 包吃包住,中技/中专,经验不限,机械/设备/重工,2026-01-22,2026-03-22
4725,中曼石油天然气集团股份有限公司,中曼石油,石油和天然气开采业,特车装配工,上海,8000.0,12000.0,工作内容： 1、特车结构件划线及组对工作； 2、特车钣金件制作； 3、特车组装工作； 4、特车调试工作配合； 5、特车售后服务现场处理。 任职资格： 1.基本功踏实、操作娴熟； 2.能娴熟使用各种工卡量具（含千分尺、白分表等）； 3.识图能力强、能按图纸及工艺要求独立完成组装设备； 4.不怕脏苦，服从领导安排； 5.有特车装配机械方面工作经验者优先。,学历不限,3年及以上,石油/化工/矿产/地质,2026-02-03,2026-04-03
3413,北京中信书店有限责任公司,中信出版,新闻和出版业,动漫/影视综衍生品-营销企划,北京,7000.0,12000.0,第·一部分福利待遇 一、劳动用工标准 1.用工性质：与中信书店签署劳动合同； 2.合同期：首·次合同3年以上； 3.试用期：6个月。入职1-3个月按合同工资标准的80%发放，入职第4个月起按合同工资的100%发放。 二、福利待遇 1.六险二金（保险实缴、公积金12%、补充医疗、企业年金）及其他商业保险、年度体检； 2.工会福利：年节日、员工生日，全年福利合计不低于2400元； 3.员工茶歇120元/月； 4.其他福利。 三、薪酬待遇 1. 工资范围【专员：7-9K/月、主管：10-12K/月】（基本+公务补助+绩效奖金） 2. 补助：补助【饭补+物业补助+供暖补助】 第二部分 岗位要求 岗位职责 1. SNS日常运营：负责品牌官方新媒体平台（如小红书、抖音、微博等）的日常管理与运营，提升账号关注度及互动率。参与策划与制作品牌海内外线上全渠道内容传播物料，包括不限于选题策划、文案撰写、视频拍摄剪辑等。 2. 策划并组织新品发布的线上营销活动：协助泛文娱自研衍生品新品的社交媒体推广、视频策划、线上内容营销等。 3. 门店活动策划：以销售为导向，辅助策划中信书店动漫门店活动、快闪活动等并参与执行。 4. 数据监测与复盘：能实时追踪并复盘数据，不断优化活动策略/选题/剪辑等。 5. 配合团队完成其他营销相关辅助工作 岗位要求 1. 本科以上学历，新传、市场营销、数媒等相关专业优先。熟悉市场、内容、公关等各个模块工作。英语、日语能力者优先。 2. 热爱并长期关注影视剧/二次元领域，了解IP衍生品产业，了解粉丝及客群心理。爱逛漫展，快闪者优先。 3. 有网感，了解各社交平台运营规则及特点;有娱乐营销sense，具有良好的文案能力、视频拍摄能力、活动策划能力。 4. 熟练使用PR、剪映等剪辑软件，PS等作图软件。审美在线，逻辑思维在线。 5. 具有良好的沟通能力和团队协作精神，情绪稳定，结果导向，执行力强。 来自：,本科,5年及以上,零售/批发,2026-02-27,2026-04-27
561,合肥经纬电子科技有限公司,春秋电子,计算机、通信和其他电子设备制造业,普工/操作工,合肥,5500.0,6500.0,【工作内容】 - 根据生产计划和作业指导书进行产品的组装、加工或包装等操作。 - 使用相关工具和设备，确保生产过程中的安全与效率。 - 完成每日分配的生产任务，并保证产品质量符合标准。 【任职要求】 - 年龄16-48周岁，身体健康，能够适应工厂环境下的体力劳动。 - 不限工作经验，愿意接受基础培训。 - 服从管理，责任心强，能适应倒班或加班安排。,学历不限,经验不限,原材料和加工,2026-02-22,2026-04-22
1337,惠州亿纬锂能股份有限公司,亿纬锂能,电气机械和器材制造业,工程部高级经理,沈阳,30000.0,40000.0,岗位职责: 1、设备管理：设备停机时间/优率： 根据生产计划表，制定设备维护保养计划，确保设备高效率运行 1）负责设备异常问题分析及解决，并形成报告定期进行经验分享 2）起草设备安全操作规程和设备维护保养手册，并按规范执行 3）与产线主管协商停机计划，安排人员对设备进行维护 4）指导设备保养及设备日常点检和周点检 5）核算并建立备件安全库存，负责备品备件的预购及验收 2、设备导入：PPAP达成率： 根据子项目计划，负责责任设备导入，达成PPAP要求 1）跟进并把控设备交付，调试，试产上数，量产，验收各个计划节点进度 2）组织并参与各相关部门与供应商进行技术交流，输出会议纪要 3）负责设备监造，输出设备驻场监造报告，协助相关部门完成设备预验收，输出设备预验收报告 4）按设备技术协议要求，主导生产设备验收，输出设备验收报告，并在OA提交固定资产验收流程及资料 3、安全管理：安全事故： 根据公司安全目标，做好设备和人员的安全管理，做到零事故零冒烟； 1）起草责任设备危险源文件，评审输出后对员工进行宣贯 2）关注责任设备的安全隐患并消除 3）不定期组织员工学习不安全案例，提高员工安全意识 4、技师培养：培训计划完成率 依据公司培训计划，编制专业经验知识报告，培训新人及技师； 1）对技师能力了解分析，并安排合适的工作岗位，以达到高效的工作目标 2）培训技师依据维修经验制作输出OPL，给新人学习的样本 3）定期现场组织技师设备工作原理学习 任职资格: 1、45周岁以下，全日制本科学历及以上学历，理工科专业毕业 2、7年以上锂电池行业工作经验，熟悉锂电设备改善维护 3、熟悉IATF16949/VDA6.3质量体系设备在制造、测试中的实际应用 4、熟练掌握锂电池工艺流程，具备现场故障分析解决能力,本科,8年及以上,新能源,2026-02-28,2026-04-28
4329,奥飞娱乐股份有限公司,奥飞娱乐,文教、工美、体育和娱乐用品制造业,抖音主播（月休8天+五险一金）,广州,7000.0,10000.0,岗位职责： 1、负责奥迪双钻玩具官方旗舰店抖音直播带货，展示趣味性强、互动性高的直播内容；结合产品特性设计演示环节（如开箱、场景搭建、玩法教学、收藏价值解读等），提升用户停留时长与购买欲望。 2、产品专业讲解与种草：深度理解每款玩具的设计理念、IP背景、工艺细节及收藏价值，用通俗易懂的语言传递产品核心卖点； 3、粉丝互动与社群维护：实时解答用户关于产品材质、尺寸、玩法、预售机制等问题，引导下单转化； 4、数据复盘与优化：跟踪直播数据（GMV、转化率、停留时长等），协同运营团队优化话术、选品及活动策略； 5、关注玩具行业动态、热门IP及竞品动向，提出内容创新建议。 任职要求： 1、1年以上电商直播经验（玩具、潮玩、文创类目经验者优先）； 2、镜头表现力强，语言表达流畅，具备感染力和亲和力，能持续保持高能量状态； 3、熟悉抖音直播平台规则），了解平台推流机制。 3、 擅长动手操作玩具（如拼装、场景摆拍），能生动展现产品玩法和收藏乐趣； 4、 灵活应对直播突发状况，引导评论区正向互动，妥善处理客诉问题； 5、基础数据敏感度： 能根据实时数据调整讲解节奏，配合运营达成销售目标。,大专,1年及以上,多元化业务集团公司,2026-01-19,2026-03-19
2613,东鹏饮料（集团）股份有限公司,东鹏饮料,酒、饮料和精制茶制造业,HRBP经理,衢州,12000.0,15000.0,岗位职责： 1、协助制定、组织实施公司人力资源规划，建设发展人力资源各项模块体系，***限度地开发人力资源，为实现公司经营发展战略目标提供人力保障； 2、根据公司批准的人力资源发展规划制订人员招募计划，并组织实施招聘工作； 3、组织制定、执行、监督公司人事管理制度落实。 4、根据员工综合素质、工作能力的不同状况，制订与之适合的培训计划，并组织实施； 5、依据相关法律法规，并参考同行业之水平，提报合理的、有竞争性的薪酬方案； 6、提报合理、有效的绩效评估方案； 7、负责劳动关系管理，协调/解决劳资关系纠纷； 8、负责公司人事档案的建立、管理工作； 9、负责员工升、迁、调、免、辞、退等人事调整工作； 10、负责企业文化建设，开展企业文化活动； 11、指导、考核下属工作，界定下属工作范围、权限； 12、完成领导交办的其他工作。 任职要求： 1、本科及以上学历，人力资源管理等相关专业优先。 2、执行力强、抗压能力强、团队合作意识强、学习新事物能力强； 3、熟练掌握办公自动化软件，擅长于统计报表制作及函数公式运用； 4、熟悉国家劳动法、社保等法律和法规；有不断总结，不断学习的自我超越精神； 5、有良好的职业道德和职业操守，工作积极主动，执行力强，具有较强的沟通表达能力和组织、协调能力及敏锐的洞察力，具有较高的综合素质和良好的文字功底。 工作地点：可接受全国指派 工作时间：每周工作40小时，周一至周五7小时/天，周六5小时/天。,本科,10年及以上,快速消费品(食品、饮料、化妆品),2026-02-26,2026-04-26
2628,东鹏饮料（集团）股份有限公司,东鹏饮料,酒、饮料和精制茶制造业,快消冰柜运营主管（天津西青）,天津,8000.0,12000.0,岗位职责： 1、根据公司冰柜年度规划，收集所辖区域冰柜需求，确保计划实施及目标达成； 2、负责收集整合冰柜管理信息化系统问题，跟进问题反馈与处理； 3、负责所辖区域冰柜投放、退柜、转投、报废、遗失等工作的合理合规性，跟进区域内各项冰柜工作的执行质量和进度； 4、负责审核冰柜遗失、报废申请合理性； 5、负责所辖区域冰柜资产盘点工作； 6、负责所辖区域E站项目正常运营； 7、完成上级交办的其他工作。 任职要求： 1、大专及以上学历，专业不限 2、3年以上工作经历，有行业冰柜管理经验优先 3、良好的沟通表达能力，熟练使用各类办公软件 4、抗压能力强，能接受外勤出差,大专,3年及以上,快速消费品(食品、饮料、化妆品),2026-03-01,2026-05-01
1671,西安迪安医学检验实验室有限公司,迪安诊断,卫生,医疗采购专员,兰州,6000.0,7000.0,岗位职责： 1、供应商(检验仪器、试剂、耗材)资源的开发、评估、分析和优化。 2、成本分析、主导价格谈判降本增效。 3、供应商管理，不断优化供应商数据库。 4、采购合同的编制与管理，有效把控合同签订与执行风险。 5、编制采购报表、分析报告，并提出相应意见和建议。 任职要求： 1、大专及以上学历。 2、3年以上采购经验，具有医疗器械/医疗设备采购经验，有体外诊断/医学检验实验室行业经验者优先。 3、逻辑清晰，具备较强的团队协作意识、数据分析能力、谈判能力、沟通协调能力，熟练操作Exce等办公软件。,大专,5年及以上,卫生服务,2026-03-02,2026-05-02
25,兴银理财有限责任公司,兴业银行,货币金融服务,线上平台市场营销岗（福州）,福州,10000.0,20000.0,岗位职责： 1、制定门户网站、小程序等线上平台的营销推广策略、活动策划方案等并组织实施； 2、协调推动渠道合作，协同公司内外部渠道资源，开展渠道线上推广； 3、开展用户调研与数据分析，收集分析用户需求，构建用户行为画像，开展平台用户分层经营。 任职要求： 1、硕士及以上学历，金融学、市场营销、传播学等相关专业。 2、具备3年以上市场营销、线上店铺营销、互联网渠道管理经验，或有金融行业从业经验者优先； 3、具备优秀的营销策划、用户分析及沟通协调能力； 4、身心健康、品行端正，具有良好的职业道德，以往经历中无任何不良记录。,硕士,3年及以上,银行,2026-02-10,2026-04-10
2900,成都倍特药业股份有限公司,高新发展,房屋建筑业,实习生(J12534),成都,2000.0,4000.0,工作职责: 1、协助生产技术部负责生产操作； 2、协助质量部（QA、QC)文件整理及检验检测； 3、协助工程部进行设备管理； 4、实习生根据自己的专业兴趣选择生产、质量、工程相关岗位。 任职资格: 1、大专及以上学历，机械、电气、设备、药学及生物药相关专业； 2、沟通表达能力较好，能基本的办公软件操作； 3、实习期不低于三个月。 （ ） （来 自 ）,大专,经验不限,制药/生物工程,2026-03-04,2026-05-04
444,中建材（上海）航空技术有限公司,中材科技,非金属矿物制品业,采购员(J10059),上海,7000.0,12000.0,工作职责: 1、根据公司采购计划与生产/项目需求，负责采购订单的全流程跟踪，开展交期确认、进度推进与异常预警； 2、负责与供应商就排产、发货、到货、质检等关键节点进行日常沟通，推动订单按期交付，并做好过程记录与信息反馈； 3、与需求部门、技术部门、质量部门等协同，完成到货验收、入库、退换货、补料及异常处置等协调工作； 4、负责订单、送货单、合格证/检验报告、发票等单据的收集、核对与归档，确保资料完整、可追溯； 5、负责ERP/SAP/采购系统中订单状态维护、交期更新、到货登记等数据维护工作，并按要求输出周/月度交付跟踪报表； 6、协助开展供应商交付绩效统计与问题闭环，跟踪质量/交付问题整改进展，支持对账、结算等相关工作； 7、完成上级安排的其他工作任务。 任职资格: 1、本科及以上学历，专业不限；机械、材料、物流、供应链等相关专业优先 2、具备0-3年制造业采购跟单/计划/物流相关工作经经验优先； 3、应届生可培养； 4、熟练使用Office（尤其Excel），具备ERP/SAP系统操作经验者优先； 5、工作主动、责任心强，具备良好沟通协调能力与跨部门协作意识； 6、能适应多任务并行与交付压力，能接受必要的加班或短期出差安排。,本科,3年及以上,航天/航空,2026-01-16,2026-03-16
4136,顺博合金安徽有限公司,顺博合金,废弃资源综合利用业,分选工（残疾人）,重庆,4000.0,7000.0,岗位职责： 1、服从检验员/组长日常工作安排，分选时按批次顺序进行分选， 2、确按作业标准书内容要求或检验员临时要求分类堆放归仓； 3、各种材料分选出的杂料再次加工分选、验收分类堆放到指定位置； 岗位要求： 1、持残疾证，肢体残疾优先； 2、吃苦耐劳，不怕脏， 接受现场工作环境； 3、具有一定沟通能力，服从团队工作安排。 福利：五险一金、免费住宿、免费工作餐、假日礼品、高温补贴、餐补等,学历不限,经验不限,矿产/采掘,2026-02-24,2026-04-24
2529,江西蓝恒达化工有限公司,东阳光,综合,安全工程师,宜春,8000.0,15000.0,岗位职责： 1、根据新发布国家法律法规和地方政府要求参与制定公司安全培训教育计划并落实； 2、参与安全生产标准化建设，负责完善安全科相关资料； 3、参与双重预防体系建设实施方案及实施指南的制定与落实； 4、对承包商进厂服务人员进行入厂安全教育，对施工过程进行监督、考核； 5、参与日常安全隐患排查、重大危险源隐患排查、并督促落实整改措施； 6、辨识作业活动范围内的危险危害因素，制定、落实控制措施，防止各种伤害和事故； 7、制止和纠正违章指挥、强令冒险作业、违反操作规程的行为，督促落实安全生产整改措施； 8、参与生产安全事故调查，参与分析安全生产事故原因，统计报告工作； 9、监督动火作业、受限空间等高危作业安全措施的落实； 任职要求： 1、本科及以上学历，具备注安证书，化工、安全相关专业优先； 2、有从事化工行业安全经验者优先； 3、认真细致、责任心强，具备良好的团队合作精神和抗压能力。,本科,3年及以上,石油/化工/矿产/地质,2026-02-10,2026-04-10
3510,广州侨绿固废循环利用科技有限公司,侨银股份,公共设施管理业,电工,广州,7000.0,8000.0,岗位职责： 1. 负责及时、准确地完成电气设备的日常维修与保养工作，快速响应并处理突发故障，为生产运行提供可靠保障。 2. 定期执行电气设备的巡检、保养及相关记录工作，确保设备始终处于良好状态。 3. 负责电气设备的安装、改造、调试及试运行工作，保障设备及时、顺利投入生产使用。 4. 开展配电箱柜的定期巡检与记录，确保配电系统稳定，保障生产正常运行。 5. 推动并落实现场设备相关不符合项的整改工作，提升设备运行合规性与安全性。 6. 负责厂区空调设备的检修与维护工作，保障空调系统稳定运行。 7. 高效完成上级交办的其它临时性工作任务。 岗位要求： 1、50岁以下，持个人有效高、低压电工证，机电一体化中专以上学历，具备3年以上机电维修工作经验，能看得懂基本的图纸，具备PLC、电气检修专业知识； 2、动手能力强，能独立处理电气设备故障，较强的事故判断和处理能力； 3、强烈的敬业精神和责任感，良好的团队合作意识，工作认真负责，责任心强，能吃苦耐劳，服从上级安排； 4、要能适应根据公司需要进行加班或者倒班、动手能力强、能吃苦耐劳 5、有空调维修经验优先考虑。,中技/中专,3年及以上,环保,2026-02-27,2026-04-27
956,上药控股（湖南）有限公司,上海医药,零售业,业务员,长沙,5000.0,7000.0,【岗位要求】 1、22-38岁，大专及以上学历，市场营销、医药相关专业，两年以上相关工作经验； 2、性格外向，责任心强，学习能力强，能接受省内出差，有较好的客户开发和维系能力。 【岗位职责】 1、负责责任区域公司器械、耗材的销售、网络拓展、客户授信帐期及授信额度的申请及控制、应收账款的定期核对确认和按期回款； 2、负责目标客户的销售任务完成。 【工作内容】 1、按公司的有关规定与目标客户签订销售合同； 2、完成公司确定目标客户的销售任务和回款计划； 3、掌握目标客户相关人员的基本情况，并建立良好的工作沟通关系； 4、按时回收目标客户入库单，掌握目标客户的库存消化情况，提出调整意见或采取其他避免风险的措施； 5、服从公司和上级领导的工作安排。 上班时间：周一到周五 8:30-17:30 职位福利：五险一金、周末双休、绩效奖金、带薪年假、餐补、高温补贴、交通补助、节假日福利,大专,2年及以上,医疗/护理/卫生,2026-01-05,2026-03-05
4055,必能信超声（上海）有限公司,长江投资,道路运输业,模具设计工程师,东莞,8000.0,15000.0,"主要职责： 1.方案与报价： 参与新项目模具的技术方案评审，并提供设计输入以支持模具成本报价； 2.模具设计： 熟练运用UG软件，进行超声波焊接模具的3D建模与2D工程图绘制，确保图纸的准确性与完整性。 3.有限元分析： 运用FEA（有限元分析）工具对模具进行模拟分析，以优化设计、预测性能并提升模具可靠性。 4.团队协作： 与其他设计工程师协同工作，确保项目设计的一致性与高效性，共同解决设计过程中的技术难题。 5.技术文件输出： 编制并输出模具清单、物料清单（BOM）及其他相关技术文档，为生产加工提供清晰指引。 任职必要条件： 1.大学本科及以上学历，机械设计、模具设计或相关专业背景 2.2年以上塑料模具设计或工装夹具设计经验。 3.熟练UG软件，能够熟练进行复杂的3D建模和2D工程图设计。 4.具备良好的沟通能力，能够清晰地与团队内部及客户进行技术交流。 5.熟悉各种机械加工工艺和表面处理。 6.熟练使用Microsoft Office等办公软件（Word, Excel, PowerPoint） 7.备基础的英语沟通能力，能够阅读英文技术资料。",本科,2年及以上,仪器仪表/工业自动化,2026-02-24,2026-04-24
1932,联奕科技股份有限公司,华宇软件,软件和信息技术服务业,实施工程师（X）,杭州,5000.0,8000.0,岗位职责： 1、负责数字化校园软件项目的操作系统、公司产品的部署及数据初始化、培训； 2、负责收集客户对系统需求的使用意见、需求，并按模版整理形成文档； 3、负责与公司后台研发人员对接并跟进，保证质量完成； 4、负责撰写项目实施过程文档、个人日报等相关项目文档； 5、配合项目验收及配合项目经理做好项目收款工作。 任职要求： 1、本科及以上学历，计算机、软件工程、信息管理、计算机应用等相关专业，1年以上高校软件实施工作经验； 2、逻辑思路清晰，口头表达良好，组织协调能力较强，处理问题果断； 3、有良好的沟通能力和人际关系；具有团队合作精神； 能适应省内外出差工作； 4、良好的写作及表达能力，能够适应较大的工作压力，能够在客户、公司内部、合作单位多方沟通协调；,本科,1年及以上,计算机软件,2026-01-23,2026-03-23
4895,明新旭腾新材料股份有限公司,明新旭腾,皮革、毛皮、羽毛及其制品和制鞋业,包覆工（长白班）,嘉兴,8000.0,10000.0,岗位职责 1. 负责产品的包覆操作，确保包覆工艺符合质量标准； 2. 根据要求进行面料的裁剪和缝制，确保尺寸和形状准确； 3. 检查原材料及成品质量，及时发现问题并处理； 4. 按时完成生产任务，确保工作效率； 5. 维护和保养操作设备，保持工作区域整洁； 6. 协助团队完成其他相关生产任务。 任职要求 1. 3年以上包覆操作相关工作经验，熟练掌握缝纫和裁剪技能； 2. 能够独立完成包覆、裁剪和缝制工作，注重工艺细节； 3. 具备良好的动手能力和责任心，能够适应生产节奏； 4. 具备团队合作精神，能够积极配合生产安排。 （来 自 ）,学历不限,3年及以上,汽车,2026-02-05,2026-04-05
509,长飞先进半导体（武汉）有限公司,长飞光纤,计算机、通信和其他电子设备制造业,武汉fab客户质量工程师(J10668),武汉,13000.0,25000.0,工作职责: 1.接受和处理顾客的各类疑问、投诉，并按规定程序及时传递到相关部门及人员，跟踪整改进度和实施效果，并实施内部信息的传递和沟通。 2.收集与统计客户的质量数据和信息，及时通报质量信息和质量报警。 3.代表客户推动内部建立符合客户要求的质量管控标准以及持续改善计划。 4.负责建立良好的客户关系，开展顾客培训、信息沟通，及时加强顾客与公司间的信息交流等。 5.组织和安排客户审核相关事宜，以及审核后改善措施的追踪结案。 任职资格: 1.本科及以上学历，理工科相关专业。 2.3年以上半导体质量工作经验，熟悉半导体工艺。 3.掌握QC五大工具，七大手法，熟练掌握8D等工具。 4.熟悉office操作；熟悉与客户沟通技巧；熟悉fab工艺流程知识；熟悉项目管理；熟悉QC七大手法运用；熟悉8D运用；熟悉APQP工具运用；熟悉DFMEA、PFMEA运用；熟悉SPC运用；熟悉MSA运用；熟悉PPAP运用；熟悉CP运用；熟悉DOE实验设计；六西格玛知识以及运用；熟悉ISO 9001基础知识以及标准要求运用；熟悉IATF 16949基础知识、标准条款运用；熟悉VDA6.3过程审核运用；熟悉量测&amp;生产设备、工艺相关知识；熟悉实验室测试相关知识；熟悉原材料相关知识。 5.具备较强的分析问题、独立解决问题的能力。抗压性强，沟通能力佳，能够适应短期出差。 6.优秀的品行和职业素质，强烈的敬业精神与责任感。英文读写流利者优先。 7. 熟悉有害物质管理基础知识、法律法规及客户标准及客户标准条款应用。。,本科,3年及以上,电子技术/半导体/集成电路,2026-02-27,2026-04-27
4030,大众交通（集团）股份有限公司,大众交通,道路运输业,行政司机,重庆,6000.0,7000.0,"【工作内容】 - 负责公司领导及员工的日常出行安排，确保安全、准时接送； - 保持车辆整洁，定期检查车辆状况，及时保养和维护； - 遵守交通法规，文明驾驶，树立公司良好形象； - 协助处理与车辆相关的行政事务，如加油、年检等。 【任职要求】 - 持有有效驾驶证，驾龄5年以上，无重大交通事故记录；要求有英语基础。 - 为人诚实可靠，责任心强，具备良好的服务意识和沟通能力； - 具备基本的车辆维护常识，能独立处理简单故障； - 无不良驾驶记录，能适应灵活的工作时间安排。 待遇： 每月综合薪资税前6000+（加班另算），入职购买五险一金 工作时间： 每周一至周五8时至18时（含驾驶员1小时吃饭休息时间），每周共5天,超出时间外都算加班. 平时超9小时加班费：35元/小时 周末加班费：40元/小时 节假日加班费：45元/小时 平时产生的停车路桥费实报实销 入职后收取5000元资产保管金，离职退，介意者***",高中,5年及以上,交通/运输/物流,2026-03-02,2026-05-02
1152,武汉华康世纪洁净科技股份有限公司,华康洁净,建筑安装业,投标造价专员,武汉,8000.0,11000.0,岗位职责： 1、根据招标文件和招标清单独进行投标报价编制，确保满足投标文件需求； 2、负责内部成本价格库建立，不断优化报价工具，提高工作效率； 3、与招标方、招标代理、公证机构等保持良好沟通，处理投标相关事宜。 任职要求： 1、统招大专以上学历，工程造价专业，两年以上造价工作经验（熟练使用广联达等主流清单计价软件）； 2、抗压能力强，能接受一定程度加班； 3、思路清晰，学习能力强。,大专,2年及以上,建筑/建材/工程,2026-02-02,2026-04-02
1273,重庆志特新材料科技有限公司,志特新材,金属制品业,铝模爬架销售经理,重庆,6000.0,12000.0,一、岗位职责： 1、开拓并维护各业务关系，完成销售目标并提高销售业绩； 2、负责客户开发、跟进、维护等更项任务； 3、巩固大客户和合作伙伴长期战略合作关系，不断提升客户的忠诚度和满意度，梳理公司品牌形象。 二、任职要求： 1、大专及以上学历，性别不限，专业不限，有驾驶证及自带车者优先； 2、具有强烈的进取心，责任感和使命感，能吃苦耐劳，抗压能力强，执行力强；有强烈的事业心和团队协作精神。有较强的商务谈判、公关及拓展能力。 3、熟悉建筑行业，具有2年以上装配式建筑行业相关经验，有敏锐的市场意识、应变能力。有同行业工作管理经验者优先考虑。 工作区域：成都,大专,3年及以上,建材,2026-02-27,2026-04-27
314,五矿证券,五矿资本,其他金融业,未来产业分析师、高级分析师或首席分析师(006515),北京,18000.0,25000.0,岗位职责: 1、负责高端制造、人工智能、低空经济、可控核聚变等相关行业及公司的研究； 2、熟悉产业竞争格局，前瞻、深度掌握产业发展趋势，为集团实业、一二级投资部门和战略客户提供研究支持，提示风险和机会； 3、调研、撰写产业发展报告、竞争格局报告、投资策略报告； 4、建立和更新行业和公司数据库； 5、组织与投资部门的会议、路演、沙龙等定期交流活动。 任职要求: 1、硕士研究生及以上学历，高端制造、人工智能等未来产业相关专业优先； 2、具有3年以上未来产业相关研究经验，产业和金融复合背景优先； 3、具有较强投研框架、投研策略及数据库构建能力； 4、逻辑清晰，善于沟通，表达能力强； 5、靠谱积极主动，热爱研究且接受研究所工作强度。,硕士,5年及以上,证券/期货,2026-01-30,2026-03-30
3454,上海瑾亭化妆品有限公司,翔港科技,印刷和记录媒介复制业,研发总监,上海,30000.0,50000.0,。【工作内容】 - 负责公司整体技术研发方向的制定与实施，推动产品创新与技术升级； - 领导研发团队，管理项目进度，确保技术方案高效落地； - 与产品、市场等部门协同，推动技术成果转化为实际应用； - 关注行业技术动态，持续优化技术架构和开发流程。 【任职要求】 - 具备扎实的化妆品配方开发专业背景，拥有良好的技术素养； - 具备优秀的沟通协调能力与执行力，能带领团队完成复杂项目； - 对技术有热情，具备高度的责任心和抗压能力。,本科,5年及以上,快速消费品(食品、饮料、化妆品),2026-01-05,2026-03-05
2439,禾丰食品股份有限公司,禾丰股份,农副食品加工业,猪料营养师助理,北京,15000.0,25000.0,辅助营养师开展猪料产品的技术研发，产品实证，饲喂模式推广，数据管理以及提供 合作规模化猪场的营养方面问题的系统性解决方案。,博士,3年及以上,农副产品加工制造,2026-02-11,2026-04-11
3316,吉林板庙子矿业有限公司,山金国际,有色金属矿采选业,审计法务部副经理,白山,15000.0,20000.0,岗位职责 1.负责根据本公司的战略、年度经营计划及风险状况，制定本公司的内部审计规划与年度审计计划，明确审计工作的重点和方向。 2.持续关注国家法律法规、审计准则的变化，结合本公司实际情况，完善内部审计制度和流程，确保审计工作的规范性和有效性。 3.负责并组织实施各类审计项目，包括但不限于常规财务收支审计、工程审计等，确保审计工作按照计划和质量标准顺利进行，对发现的问题持续追踪整改，提升公司业务运营的合规。 4.负责本公司的风险评估工作，按总部要求，定期识别、评估公司面临的各类风险，编制风险管理报告，为公司风险管理提供专业意见和建议。 5.负责对公司内部控制体系的有效性进行评价，发现内部控制的缺陷和漏洞，提出改进措施和建议，促进公司内部控制的不断完善。指导本公司内部控制体系的自查与评估，确保符合上级要求。 6.负责公司内外各部门及合作机构、监管部门保持良好的沟通与协作，做好业务支持，保证业务顺畅运营。 7.负责与外部审计机构、监管部门等进行沟通协调，配合外部审计工作，及时反馈审计结果和整改情况，维护公司与外部机构的良好关系。 8.组织公司的法务合规管理工作。 9.完成领导安排的其他工作。 任职要求 1.教育背景：全日制本科及以上学历，财务、审计、会计等相关专业。 2.工作经验：具有 5 年以上会计师事务所或中大型生产企业内部审计相关工作经验。 3.专业技能： * 熟练掌握会计准则、审计准则等相关的审计法律法规； * 具备扎实的审计和财务专业知识，熟悉财经法律法规，熟练掌握审计的方法和流程，能够独立完成审计工作；具备较强的发现和解决问题的能力。 * 具备较强的逻辑思维能力、分析与解决问题的能力。 * 具有较强的文字编写能力，能够清晰、准确地传达审计发现和建议，能够起草审计方案、设计审计程序、编制审计报告、管理建议书等审计文书。 * 熟练操作用友、SAP等财务软件，精通office及其它办公软件。 4.能力素质： *具有良好的职业道德和责任心，能够保持客观公正的审计态度，工作认真、细致，能够承受一定的工作压力。 *具有较强的沟通能力和组织协调能力，能够处理好与关键利益相关方的关系。 *具有较强的应变能力和风险控制能力，能够及时准确地处理审计工作中的问题和困难。 5.证书要求：持有会计或审计中级及以上职称、注册会计师（CPA）、注册内部审计师（CIA）、注册造价师、ACCA、USCPA等证书之一者优先。 6.能接受出差。,本科,5年及以上,石油/化工/矿产/地质,2026-03-09,2026-05-09
4082,大众交通（集团）股份有限公司,大众交通,道路运输业,餐厅服务员,上海,6500.0,7500.0,【工作内容】 - 在各类商务接待活动前的餐厅布置、结束后的清洁整理； - 负责餐厅卫生间、茶水间各类物料的摆放、清点、管理； - 各类商务宴请中做好宾客接待和现场服务； - 其它餐厅相关的临时任务。 【任职要求】 - 年龄18-35岁； - 具备良好的沟通能力，能用普通话清晰表达服务需求； - 形象端正，具备良好的职业素养与服务意识； - 服从现场管理的调度安排，接受高峰期加班安排； - 具备健康证者，无不良从业记录； - 学习能力强，可快速掌握餐厅的运营规范及设备使用方法。,中技/中专,经验不限,交通/运输/物流,2026-02-25,2026-04-25
3871,比音勒芬服饰股份有限公司,比音勒芬,纺织服装、服饰业,电商会计,广州,8000.0,12000.0,工作职责： 1、负责公司电商平台费用报销审核以及账务处理工作。 2、第三方支付工具的资金流审核、平台退货、退款、推广费用支出等。 3、负责电商各平台销售数据的核对、跟踪及分析。 4、根据绩效考核内容对电商部进行考核。 5、逐步完善电商各平台操作流程。 任职资格： 1、本科及以上学历，会计、财务相关专业。 2、了解电子商务行业的业务和账务处理流程，具有淘宝、京东、抖音、唯品等平台行业经验。 3、熟练操作财务软件、办公软件。 4、具良好的协调、沟通能力。 5、有快消品或服装行业会计从业经验或连锁门店销售会计经验优先。,本科,5年及以上,服装/纺织/皮革,2026-02-28,2026-04-28
2586,均瑶润盈生物科技（上海）有限公司,均瑶健康,酒、饮料和精制茶制造业,产品经理,上海,16667.0,25000.0,岗位职责： 1、市场洞察：结合市场趋势及消费者洞察，进行品类规划，完成新品开发及老品优化方案； 2、产品生命周期管理：关注所负责产品的销售趋势，并结合市场情况，行业趋势作出判断，制定产品策略并落地执行，包括市场调研、产品定位、产品策略、产品包装、新品上市、产品推广等； 3、客户提案及销售支持：根据销售目标，客户需求，提供符合客户的产品解决方案； 4、产品培训，根据客户需求进行产品培训，辅助客户上量； 5、产品卖点提炼：输出产品概念、卖点等标准化资料； 6、能熟练阅读中英文文献，并对文献进行解读及提炼与产品直接相关的信息； 7、其他：日常的产品线维护。 任职要求： 1、食品工程、微生物、医学、药学本科以上学历，有3年以上（prefer 5年）2、功能性营养食品/食品行业开发或项目跟进经验，熟悉功能性营养食品原料行业，有益生菌原料端产品开发经验者优先考虑；,本科,5年及以上,快速消费品(食品、饮料、化妆品),2026-03-02,2026-05-02
1171,中国电子系统工程第二建设有限公司,深桑达A,建筑安装业,智能化弱电项目经理,无锡,12000.0,20000.0,岗位内容： 1. 负责半导体、面板或其他行业厂房弱电系统的设计、调试、维护和运营管理； 2. 制定项目计划和进度，负责项目技术沟通和协调； 3. 完成项目验收、结算和交接，并协助客户解决技术问题； 4.负责整体项目管控和客户营销工作。 任职要求： 1. 熟练掌握各种弱电产品的原理和参数，对弱电产品的选型、采购、调试有一定的经验； 2. 熟悉弱电系统的规划、设计、施工及工程验收流程和标准； 3. 具备良好的沟通表达能力，能够有效解决项目中出现的突发问题； 4. 认真细致、责任心强、能够承受工作压力； 5. 可以适应一定的出差。,本科,5年及以上,建筑/建材/工程,2026-01-04,2026-03-04
3347,福建紫金矿冶测试技术有限公司,紫金矿业,有色金属矿采选业,分析检测技术员（驻海南三亚化验室）,三亚,6000.0,10000.0,1. 本科及以上学历，化学、应用化学等相关专业，具有技师以上相关职业资格可适当放宽条件； 2.具有较强的实践操作能力和学习能力，有分析检测或相关行业从业经历者优先； 3.身体健康，思想品德端正，吃苦耐劳，认同紫金文化及理念； 4.具有良好的沟通能力及团队意识； 5.能适应加班、出差及外派工作； 6.外语能力较好的优先（英语）。 7.工作地：海南三亚。海南省籍或居住海南省优先。 职位福利：五险一金、绩效奖金、交通补助、餐补、房补、带薪年假、节日福利、周末双休、年度体检、旅游，集中休假报销路费等等 。 职位亮点：紫金矿业，国际矿业型大企业，世界500强，平台广阔，福利待遇优越。,本科,经验不限,检测/认证,2026-01-09,2026-03-09
2046,招商证券股份有限公司,招商证券,资本市场服务,产品设计岗,深圳,7500.0,15000.0,工作部门：招商资管—理财产品部 工作岗位：产品设计岗 工作地点：深圳 岗位职责： 1. 公募及私募产品研究开发与设计工作。 2. 产品法律文件的撰写、整理、复核、申报及后续修改工作。 3. 对国内外行业动态以及公私募产品进行跟踪和研究，为产品设计提供研究支持。 4. 协助完成公司短、中、长期的产品战略规划，为公司业务发展提供方向建议。 5. 协助推动公司各部门进行产品的落地布局。 6. 完成部门交办的其他研究或产品相关工作。 任职要求: 1.国内外院校硕士研究生及以上学历，金融相关专业（金融、经济、管理等专业）优先。 2.一年以上基金公司、券商资管或其他金融机构产品开发或实习经验。 3.能够熟练运用Wind等金融数据终端，精通Excel、PPT等办公软件，具备良好的报告撰写能力与逻辑分析能力。 4.具备较强的学习能力与抗压能力，工作严谨细致、责任心强，具备良好的团队协作精神与沟通表达能力。 5.德才兼备，以德为先；5A优秀青年志愿者优先,硕士,1年及以上,金融/投资/证券,2026-01-28,2026-03-28
725,深圳市三鑫科技发展有限公司,海南发展,建筑装饰、装修和其他建筑业,商务经理,珠海,20000.0,40000.0,一、核心职责 1、市场开发与客户维护：负责建筑幕墙领域的市场调研与分析，制定市场拓展策略；积极开发新客户（如地产开发商、建筑总包单位、政府基建部门等），建立并维护优质客户关系，提升公司品牌在幕墙行业的影响力。 项目招投标管理：牵头组织幕墙工程项目的投标工作，包括招标文件解读、投标2、方案编制、成本测算、报价制定、标书制作与审核等全流程工作；确保投标文件合规、准确、完整，提高中标率。 3、商务谈判与合同管理：负责与客户进行商务谈判，包括合同条款协商、价格洽谈、付款方式确定等；起草、审核商务合同，规避合同风险，确保合同的合法性、严谨性；跟进合同履行进度，协调解决合同执行过程中的商务问题。 4、项目商务管控：对已中标项目进行商务全过程管控，负责工程价款的结算、变更签证的商务审核与跟进、进度款回收等工作；配合项目部做好成本控制，分析项目商务利润情况，确保项目商务目标的实现。 二、岗位要求 1、语言要求：中文及英语熟练，国籍不限。 2、学历与专业：本科及以上学历，土木工程、建筑环境与设备工程、工程管理、商务管理等相关专业；条件优秀者可放宽至大专学历。 3、工作经验：10年以上建筑幕墙行业商务相关工作经验，至少5年以上商务主管或同等岗位管理经验；熟悉幕墙工程项目的招投标流程、商务谈判技巧及合同管理规范；有成功的幕墙项目投标及商务拓展案例者优先。 4、专业技能：具备扎实的建筑幕墙专业知识，了解幕墙材料性能、施工工艺及成本构成；熟练使用招投标相关软件、Office办公软件；具备较强的成本测算能力和商务分析能力。 5、综合素质：具备优秀的沟通表达能力、谈判能力及团队领导能力；有强烈的市场开拓意识和抗压能力，目标感强；具备良好的职业素养和道德品质，诚实守信，责任心强。,大专,10年及以上,房地产开发,2026-02-28,2026-04-28
309,香溢融通控股集团股份有限公司,香溢融通,其他金融业,融合发展部 （客户经理）,杭州,5500.0,11000.0,岗位要求： (一)学历要求：本科及以上； （二）专业需求：工学门类、文学门类、法学门类、管理学门类、理学门类、经济学门类、哲学门类、历史学门类、教育学门类 （三）其他要求： 1.男性年龄为45周岁及以下，女性年龄为40周岁及以下； 2.具有3年及以上的酒水或大宗等贸易业务实际工作经验。 （四）薪资待遇：为月度薪资加提成方式，其中提成按照实际业绩完成情况兑现。 (五) 招聘公告详见宁波人才网。,本科,3年及以上,金融/投资/证券,2026-03-05,2026-05-05
3127,深圳瑞捷技术股份有限公司,深圳瑞捷,专业技术服务业,工程造价师（QS）,深圳,9000.0,13000.0,岗位职责： 1. 负责国内外工程项目全周期造价管理工作，涵盖投资估算、概算、预算、结算及竣工决算的编制与审核，确保造价精准可控； 2. 参与项目招投标环节，编制工程量清单、招标控制价，分析投标报价合理性，提供专业造价意见，支撑招投标决策； 3. 跟踪国内外建材价格波动、造价政策及行业标准变化，建立造价数据库，优化项目成本控制方案，规避造价风险； 4. 对接设计、施工、监理及客户等多方，协调解决项目实施过程中的造价争议、变更签证及索赔事宜，保障项目顺利推进； 5. 负责造价成果文件的整理归档，撰写造价分析报告，为项目成本优化、业务拓展提供数据支持与专业建议； 6. 配合公司国内业务深耕与海外业务拓展，适配不同区域项目造价管理需求，确保符合当地法规及行业规范。 任职要求： 1. 本科及以上学历，工程造价、土木工程、建筑经济管理等相关专业，持有注册造价工程师证书者优先； 2. 5年以上工程造价工作经验，同时具备国内房建、市政、工业等项目及海外工程项目造价管理经验，熟悉海外主流造价体系（如FIDIC条款、英美系造价标准等）； 3. 精通工程造价专业软件（广联达、鲁班等国内软件及Primavera P6、CostX等国际常用软件），具备较强的工程量计算、成本分析及报告编制能力，能独立完成全流程造价工作； 4. 熟悉国内外工程造价相关法律法规、行业标准、定额体系及税收政策，能快速适配不同区域项目造价管理要求； 5. 具备良好的英语听说读写能力，可熟练处理海外项目英文造价文件、进行跨文化沟通协调； 6. 具备较强的问题解决能力、抗压能力，拥有良好的团队合作精神，能适应国内外短期出差及项目驻场需求； 7. 有工程咨询、EPC总承包项目造价经验，或服务过东南亚、中东、欧美等海外区域项目者优先。 我们提供： 1. 具有行业竞争力的薪酬待遇、绩效奖金及海外项目补贴，薪资与能力、业绩直接挂钩； 2. 广阔的职业发展平台，助力参与国内外重大项目，提供专业技能提升及管理岗位晋升通道； 3. 完善的福利体系，包括五险一金、补充商业保险、海外补贴、带薪年假、节日福利、年度体检、团队建设活动等； 4. 多元化的工作氛围，配备专业团队支持，提供海外工作交流机会，接触行业前沿技术与管理模式；,本科,8年及以上,专业技术服务,2026-01-16,2026-03-16
3394,立华彩印（昆山）有限公司,中文传媒,新闻和出版业,线长（包装印刷行业）,苏州,5500.0,7500.0,"【岗位必备要素】 1.初中以上文化程度。 2.能服从主管工作的调度与安排，并能准时、有效完成。 3.有1年及以上工作经验。 【具备技能】 1.具备较强之责任心及细心度。 2.具备团队凝聚力和向心力。 3.善于沟通,具备较强的判断力与抗压力。 4.能以端正的态度完成自己本职工作。 【工作内容】 1.负麦机台的日常生产和ERP反馈工作。 2.负麦机台日常保养工作。 3.负麦机台原、辅料的使用和管控工作。 4.负麦机台作业指导书、安全操作规范的规范操作。 5.做好首末件确认工作。 6.生产过程中，按公司按求的频率做好产品的自检，或抽检工作。 7.做好生产过程中，重要参数，或品质数据的记录工作。 8.负麦机台及工作区域“6S”的整理。 9.负麦产品生产的实现和质量控制工作。 10,负青对生产系统数据的反情和报表的规范填写, 11.做好化学品的标识，管理工作;落实好防护用品的使用。 12.负责积极参与公司管理体系(1S09001&amp;IS014001&amp;IS045001&amp;QC080000&amp;RBA)有关培训教育、日常管理及体系实施工作。 13.做好主管交办的基它工作。",中技/中专,1年及以上,印刷/包装/造纸,2026-01-22,2026-03-22
3392,心喜阅信息咨询（深圳）有限公司,长江传媒,新闻和出版业,视频剪辑拍摄,深圳,7000.0,11000.0,岗位职责： 1、负责现场产品的拍摄工作，涵盖拍摄计划制定、场景布置、灯光调整、镜头捕捉等环节，确保画面质量符合标准。 2、承担后期剪辑工作，熟练使用 Premiere、Final Cut Pro、剪映等专业视频剪辑软件，完成视频剪辑、调色、配乐、特效添加等操作，提升视频整体呈现效果。 3、参与短视频内容的创意策划，结合产品营销需求与受众喜好，输出新颖的拍摄方案及剪辑思路。 4、依据数据反馈与行业动态，持续优化视频内容，提升视频的观看量、点赞量、分享量等核心指标。 5、与公司各个部门紧密协作，深入理解公司产品线，保障项目按时、按质完成。 任职资格： 1、抖音 / 小红书等社媒平台重度用户，网感好，思维活跃，善于追踪热点，熟悉平台特性和用户喜好；同时需具备良好的沟通能力、团队精神与抗压能力。 2、熟练操作各类拍摄相关设备（单反、手机、灯光设备等），熟悉童书、母婴、玩教具行业常见带货视频的拍摄方式（如产品的不同镜头展现形式），能根据脚本构思拍摄对应画面。 3、具备良好的沟通能力和团队协作能力，能够与团队成员有效沟通，及时修改调整内容，按时交付成品，确保剪辑的质量和效率。 （更多数据，详见）,大专,1年及以上,文字媒体/出版,2026-01-07,2026-03-07
3255,牧原食品股份有限公司,牧原股份,畜牧业,春招提前批/储备制冷主管+8k起薪+住宿（黑龙江省）,郑州,8000.0,15000.0,岗位职责 1、安全管理: ①负责重点区域巡检、隐患排查，预防事故发生; ②负责处理设备故障、意外事故等，保障人与设备安全，降低损失; 2、温度控制: ①负责制冷工艺的改善与提升，精准控制库房温度，保证产品的品质; ②负责蒸发器冲霜、冷凝器清洗等工作，保证降温效率; ③负责设备运行数据报表记录; 3、能耗管理: ①负责制冷设备能耗数据核算; ②根据能耗数据，优化控温逻辑; 4、设备保养: ①负责设备点检维护，保证设备运行状态; ②定期更新优化维保基准书; 主要工作内容： 制冷设备操作冷库降温、锅炉房供暖和蒸汽供应 1、设备点检 2、设备操作 3、设备定期维保和临时检修 4、中控上位机数据监测 任职要求: 1、素质:善于学习、动手能力强、有责任心，接受夜班（半个月一倒班） 2、专业:不限专业，制冷与冷藏、能源与动力工程等相关专业优先; 3、学历:本科及以上学历; 职位福利:五险一金、绩效奖金、包住、员工食堂，节日福利、带薪休假、岗前培训、晋升机制等。 薪酬待遇：薪资8k起步，上不封顶 工作时间：早八晚六一天工作8-10小时，月休四天随意调休 工作地点：河南：南阳、周口、驻马店、商丘、山东曹县、安徽阜阳、辽宁铁岭、吉林白城、黑龙江大庆、内蒙古通辽,本科,经验不限,农/林/牧/渔,2026-02-10,2026-04-10
532,华天科技（昆山）电子有限公司,华天科技,计算机、通信和其他电子设备制造业,物控专员,南京,6000.0,8000.0,"工作职责： 1.制定物料需求计划,物料分析计算,对影响物料交期及异常物料异常处理,保证物料满足生产需求. 2.物料请购,PR开立,跟催订单进度. 3.存量的控制,定期对库存物料进行分析,同时对安全库存量设定,保证库存合理性. 4.呆滞物料预防,控制及处理. 5.能及时完成领导交待工作相关事务. 岗位要求： 1.本科及以上学历，具备3年以上物控相关工作经验. 2.熟练操作ERP系统及办公office软件，精通EXCEL软件. 3.对数据敏感,思维逻辑性强及账务处理能力. 4.具有较强抗压能力.高度责任心，具有较强的沟通协调能力 5.熟悉ERP操作及化工类材料人员优先.",本科,3年及以上,电子技术/半导体/集成电路,2026-02-28,2026-04-28
711,苏州金螳螂建筑装饰股份有限公司,金螳螂,建筑装饰、装修和其他建筑业,工程销售经理/主管（杭州）,杭州,6000.0,10000.0,1、负责政府、央企和大型企业的关系开发、对接与维护； 2、开拓新市场，发展新客户，提升市场占有率； 3、负责辖区市场信息的收集及同行的信息分析； 4、负责建筑装饰工程信息收集、跟踪和洽谈； 5、维护客户关系以及客户间的长期战略合作。,大专,3年及以上,家居/室内设计/装潢,2026-03-04,2026-05-04
3730,中国外运股份有限公司,中国外运,多式联运和运输代理业,仓库经理,唐山,7000.0,14000.0,岗位职责： 1.负责项目安全工作，制定安全作业指导书，对员工进行安全培训，对库内进行安全隐患排查，保障安全生产； 2.负责制定项目的工作流程，包括项目内各类管理制度、操作流程等； 3.协调资源，组织仓库各岗位做好各类货物的出入库管理； 4.用科学的仓储管理方法，提高仓库各项资源的利用率，降低运作成本，保障项目经营情况； 5.负责监督各岗位人员遵守公司规定、作业标准及质量要求的执行； 6.处理好内外部客户关系，达到内外部客户满意度。 任职要求： 1.大专及以上学历，5年以上仓库管理相关工作经验； 2.有较强的沟通能力和协调能力； 3.熟练使用办公软件，有较强的数据分析能力； 4.具有一定的仓库管理能力，能够独立完成项目启动及仓库管理的能力。,大专,8年及以上,客运服务,2026-02-26,2026-04-26
2124,百济神州（北京）生物科技有限公司,百济神州,医药制造业,销售实习生（可转正） - 贵州（MJ012510）,贵阳,3480.0,3480.0,【岗位职责】 （1）学习产品与疾病知识，了解合规规范，熟练掌握学术沟通交流技能，准确传递产品信息 （2）协助经理开展日常学术拜访及自办学术会议准备、后勤支持等工作 （3）支持一线业务洞察，参与团队会议，协助团队完成其他产品推广相关工作 （4）积极投入并完成阶段性实习成果的评估与考核 【投递要求】 （1）2027届毕业生，专业不限 （2）一周到岗不少于3天，连续实习不少于3个月 （3）有志于在医药行业长期发展 （4）较强的学习能力、自我驱动力 （5）良好的沟通能力、团队协作能力 【加入我们，你的收获】 （1）快人一步的转正机会：表现优异者将于次年1月陆续获得转正Offer （2）专业完善的培养机制：线上学习平台夯实基础，销售经营1v1带教 （3）精彩多元的职业舞台，发展途径多元 （4）充实有爱的团队氛围,本科,经验不限,制药/生物工程,2026-03-05,2026-05-05
378,中铁建工集团有限公司,中国中铁,土木工程建筑业,商务经理,上海,8000.0,16000.0,职位描述 工作内容： 主要负责组织、推动项目成本管理、经营结算等相关工作。 1、参与项目重大事项的决策；对分管部门和人员进行业务指导和技能培训。 2、负责制定项目成本计划和成本管理措施，分解责任成本目标，组织项目开展成本核算、成本分析和成本考核等工作。 3、负责组织或参与项目劳务、专业、物资、机械等资源招标采购工作。 4、负责组织或参与项目总包、分包、采购合同的签订、交底、履约分析及其他合同管理工作。 5、负责组织、审查项目劳务、专业、物资、机械等方面的结算和付款工作。 6、负责组织指导项目预算编制、验工计价日常经营预算工作，组织工程结算的编制和核对工作。 7、参与项目“过程经营”策划，参与、指导对业主签证、洽商、变更、索赔等经济工作 8、负责项目计划、统计工作 9、负责或参与和主要职责相关的“六位一体”管理体系、项目管理软件运行工作。 10、参与和主要职责相关的其他工作，如市场价格调研、经济技术评价等。 11、参与区域经营活动、组织或参加区域投标工作。 12、完成上级或领导交办的其他工作。 任职资格： 1、具备大学专科及以上学历 2、建筑工程技术、工程管理、工程造价等相关专业 3、参加工作5年及以上 4、参加过3个及以上施工项目建设，任项目经营预算部长2年及以上 5、熟练掌握项目成本管理、预算管理、合同管理和国家有关政策法规，熟悉项目施工生产管理和施工技术管理情况；具备一级造价师或一级建造师资格优先。 6、爱岗敬业、具有较强的信息收集、整理和分析能力；沟通协调能力强 工作地点：上海 录用形式：劳务派遣 注：具体薪资待遇面议 职位福利：包吃、包住、带薪年假、高温补贴,大专,3年及以上,建筑/建材/工程,2026-02-27,2026-04-27
4012,欧派家居集团股份有限公司,欧派家居,家具制造业,定制设计师-（广州就近安排）,广州,10000.0,15000.0,欧派直营体系，薪酬、培训、晋升体系完善，发展平台广阔！ 另有标杆奖、老带新奖、年终奖、工龄奖等各项奖金等你来拿！ 年收入：年均15W+，***可达40w以上 工作地点：广州各区可选择 上班时间：10:00-18:00，月休4天。工作日调休。五险一金齐全。 岗位职责: 1、根据客户需求结合公司工艺标准绘制设计方案及效果图，并与客户解说方案，进行报价； 2、与客户确认方案及报价并最终下单生产； 3、提供专业定制的设计服务，为客户满意度负责； 4、与销售通过良好配合，完成店面业绩目标； 任职资格: 1、20-35岁，室内、建筑、环境设计等相关专业大专及以上学历； 2、半年以上定制家居设计经验，有定制橱柜、衣柜、木门、卫浴等产品设计工作经验者优先； 3、熟练使用效果图软件(AUTO 、CAD、3DMAX、圆方、三维家、CAXA等)，具备较强的沟通理解表达能力及抗压能力。 岗位福利： 1、节假日购物卡（华润、永旺等购物卡）； 2、年终奖、工龄奖，年底15天假期； 3、享受带薪婚假、丧假、病假等； 4、缴纳购买社保，五险一金齐全外加欧派平安基金； 5、年度免费体检。,中技/中专,3年及以上,家具/家电/玩具/礼品,2026-01-07,2026-03-07
3374,江苏凤凰新云网络科技有限公司,凤凰传媒,新闻和出版业,商务拓展经理,南京,12000.0,20000.0,任职要求： 1、本科及以上学历，年龄35岁以下，市场营销、计算机、通信工程等相关专业，有数据中心/IDC/云计算/算力机房商务拓展经验者优先； 2、熟悉数据中心IDC业务全流程，懂机柜租赁、带宽资源、托管服务、算力出租等核心产品，了解行业政策及竞品动态； 3、手握政企、互联网企业、金融机构、高校科研、AI算力需求客户等优质资源者优先； 4、精通商务谈判、招投标流程，能独立对接客户需求，输出解决方案，跟进全流程直至回款，达成业绩目标； 5、具备优秀的沟通表达能力以及市场分析、商机挖掘能力，抗压能力强，能接受出差。 岗位职责 1、负责数据中心IDC、机柜托管、带宽、算力租赁等业务市场拓展，制定拓客策略，完成年度业绩指标； 2、挖掘政企、互联网、金融、高校、AI企业等目标客户需求，精准对接，输出定制化解决方案，推进商务谈判与合同签订； 3、维护核心客户关系，深挖客户复租及转介绍商机，搭建长期稳定合作体系； 4、调研行业市场、政策及竞品动态，反馈市场信息，优化公司业务及定价策略； 5、对接公司运维团队，保障项目交付落地，跟进回款全流程，把控商务风险； 6、拓展渠道合作伙伴，搭建渠道体系，赋能渠道拓客，提升渠道业绩贡献。,本科,3年及以上,互联网/电子商务,2026-02-26,2026-04-26
757,九州通医药集团股份有限公司,九州通,批发业,高级地区经理(临床）,杭州,13000.0,16000.0,岗位职责 1.根据事业部的营销策略，负责辖区内产品销售策略和销售计划的制定； 2.制定有效客户跟进计划，开发及维护辖区内目标客户，宣传公司产品，提高客户转化率和满意度，确保完成区域内销售指标； 3.根据营销计划，组织并执行区域内医学信息传递活动，市场活动，定期组织开展学术推广活动/会议等； 4.负责辖区内KOL专家管理，目标终端的开发； 4.定期收集，整理分析本区域内销售，市场数据，分析市场情况并形成分析报告，并根据市场情况进行调整； 5.负责辖区内团队建设工作，包括培训，招聘，评估以及激励团队成员等。 任职要求： 1. 学历专业：临床医学、药学、护理等相关专业统招大专或以上学历； 2. 至少5年以上临床推广工作经验，1年以上团队管理经验，有广阔市场推广经验者优先，优秀外企高代/专员可考虑； 3. 具有较强的沟通表达能力、商务谈判能力、抗压能力，敏锐的市场洞察和数据分析能力及管理能力。,大专,5年及以上,制药/生物工程,2026-02-26,2026-04-26
1131,宁波喆瑞模具有限公司,爱柯迪,汽车制造业,外贸业务经理,宁波,10000.0,15000.0,"1.负麦海外业务团队建设和管理，制定绩效和绩效实施路径和方法。 2.负麦海外市场客户开发，个人目标需要达标100W美金 岗位要求: 1，有模具或压铸产品销售经验，熟悉海外市场开发工作。 2，外语熟练(不限于英语)，能够跟客户开电话会议就相关商务问题进行沟通。(小语种熟练优先) 3，有责任心和职业操守。为人诚信，服从公司安排。 4.能够看懂简单的机械图纸。办公软件熟练。 5.良好的谈判能力、沟通能力、团队协作能力和较强的抗压能力,。",大专,5年及以上,原材料和加工,2026-02-26,2026-04-26
4101,广东东粤化学科技有限公司,惠城环保,废弃资源综合利用业,会计,揭阳,6000.0,8000.0,岗位职责： 1、负责全盘账务处理，包括凭证审核、账簿登记、往来核算、成本费用归集与分摊。 2、编制月度、季度财务报表。 3、协助主办会计开展工作，做好会计业务，搞好会计核算和分析。 4、配合年度审计、税务稽查，提供所需资料及说明。 5、税务处理维护税企关系。 6、及领导交办的其他财务相关工作。 任职要求： 1、本科及以上学历，财务、会计、审计等相关专业。 2、持有初级会计及以上者。 3、2年以上企业会计实务经验，熟悉企业会计准则及最新财税政策。 4、有制造业、化工业企业做账经验优先。 5、熟练使用用友、Excel及主流财务软件等。 6、具备较强的逻辑分析能力、跨部门沟通能力及抗压能力。,本科,3年及以上,化工,2026-03-05,2026-05-05
2539,广东天普生化医药股份有限公司,上实医药,综合,（高级）医学信息沟通代表-泉州 (MJ006014),泉州,8000.0,13000.0,岗位职责： 1.学术推广：负责在指定的治疗领域和区域内开展公司产品的学术推广活动，向客户传递正确的产品使用信息； 2.技术咨询：协助医务人员合理用药，确保产品在医院内合理应用； 3.收集、反馈药品临床使用情况和药品不良反应信息，及时反馈客户使用公司产品的相关信息； 4.严格遵守公司的道德行为规范政策，执行公司的市场计划。 任职要求： 1.大专及以上学历，医药、生物、市场营销等相关专业优先； 2.具有2年以上医药行业学术推广工作经验，有急诊科、ICU、消化科等领域经验优先。,大专,2年及以上,制药/生物工程,2026-01-05,2026-03-05
836,南通中远海运川崎船舶工程有限公司,中远海发,水上运输业,日语翻译（北京）,北京,6000.0,8000.0,负责公司日常日语翻译工作。,本科,经验不限,交通/运输/物流,2026-03-03,2026-05-03
1877,上海至纯系统集成有限公司,至纯科技,专用设备制造业,项目工程师（成都）,成都,8000.0,10000.0,岗位职责： 1、提出保证进度、安全、质量的措施并组织实施，合理调配生产要素，严密组织施工确保项目进度和质量。 2、督促项目材料、设备按时进场，并处于合格状态，确保项目顺利进行。 3、按时准确记录施工日志，参加项目竣工交验，负责工程完好保护，组织隐蔽工程验收，参加分部分项工程的质量评定。 任职资格： 1、2年以上半导体行业工作经验 2、了解项目现场工作情况，熟悉项目竣工及验收工作，精通项目进度管控 3、具有较强的判断、组织、沟通和协调能力，具有较强的语言表达能力，具有较强的应变能力,本科,1年及以上,电子技术/半导体/集成电路,2026-02-27,2026-04-27
1623,海南航空,海航控股,航空运输业,驾驶员—海航航空食品（海口）有限公司,海口,5000.0,8000.0,一.岗位职责： （1）负责驾驶车辆保障航班及完成其他行政任务。 （2）服从指挥，与航机员密切配合，保证送机任务顺利完成。 （3）负责每日检查车辆运行情况，配合维修人员工作，确保车辆正常运行。 （4）熟练设备操作、使用与保养，按各设备操作说明规范使用。 （5）负责每日清洁车辆，随时保持干净，做到每周对车辆彻底清洗一次。 二.应聘条件： （1）学历与专业：不限。 （2）经验要求：5年以上驾龄，持有B2及以上驾照，A1、A2驾照优先。 （3）能力素质：驾驶技术精湛，熟悉车辆日常检查及基础保养。 （4）行业认知：熟悉机场控制区行驶路线及航空配餐保障流程者优先。 （5）职业素养：诚实可靠，责任心强，无重大交通事故记录，具备安全服务意识。,学历不限,8年及以上,客运服务,2026-02-25,2026-04-25
3329,山金期货有限公司,山东黄金,有色金属矿采选业,客户经理,临沂,3500.0,7000.0,1.负责完成个人年度业务销售目标； 2.负责客户开发和维护工作； 3.负责向客户传递公司研究成果，收集客户反馈信息或个性化服务要求； 4.负责分析市场动向，进行行情研判，满足客户需求； 5.协助公司、部门开展各类营销活动； 6.公司或领导交办的其他工作。 任职要求： 1.本科及以上学历，专业不限； 2.具有在证券公司、银行、保险等金融行业工作经验优先； 3.具有一定的证券、股票和基金相关的金融基础知识； 4.具有广泛的客户资源和金融营销经验者优先考虑； 5.具有较强的沟通能力和客户开发能力； 6.具有很强的工作责任心和良好的人际关系； 7.具有较强的团队合作精神，能承受一定的工作压力。。,本科,2年及以上,金融/投资/证券,2026-03-02,2026-05-02
1081,比亚迪股份有限公司,比亚迪,汽车制造业,项目工程师-物料,深圳,15000.0,30000.0,岗位职责： 1、负责项目的整体物料管理，确保项目物料的准确性和及时性； 2、制定并优化物料采购计划和库存管理策略，降低物料成本； 3、协调与供应商的关系，确保物料供应的质量和时效； 4、监督项目物料的使用情况，保证物料合理分配和有效利用； 5、处理项目过程中出现的物料相关问题，提供解决方案；还有相关CTB报告. 6、参与项目风险管理，确保物料供应链的安全稳定。 任职要求： 1、大专及以上学历； 2、有过电子产品项目物料跟进经验优先。 比亚迪坚持以人为本的人力资源方针， 尊重人， 培养人， 善待人， 为员工建立一个公平、 公正、 公开的工作和发展环境，期待您的加入！,大专,5年及以上,汽车研发/制造,2026-03-04,2026-05-04
