编号,企业名称,职位描述
27902,苏州苏试试验集团股份有限公司,工作/职责/：/1/./标书/的/制作/。/2/./负责/销售/订单/的/跟踪/，/跟进/，/负责/销售/合同/及/其他/文件/资料/的/管理/和/归纳/；/3/./协助/销售/人员/做好/客户/的/接待/和/来访/；/4/./负责/售前/资料/的/收集/，/整理/等/。/5/./负责/完成/其他/内务/工作/。/任职/要求/：/1/./做事/认真/，/细心/，/负责/；/2/./熟练/使用/基本/办公/软件/；/3/./具有/服务/意识/，/能/适应/较大/的/工作/压力/；/4/./学习/能力/强/，/积极进取/。/沟通/协调/能力/强/，/有/团队/合作/意识/。
20014,江苏中设集团股份有限公司,岗位职责/：/1/、/牵头/开展/低空/空域/规划/、/空域/资源/优化/配置/、/低空飞行/路径/规划/等/核心/研究/，/构建/适配/低空/经济/场景/的/规划/理论/与/技术/体系/；/2/、/负责/低空/空域/相关/算法/研发/，/包括/空域/划分算法/、/飞行/冲突检测/与/规避/算法/、/流量/调度/优化/算法/等/，/结合/大/数据模型/实现/算法/迭代/升级/；/3/、/整合/低空飞行/数据/、/地理/空间数据/、/气象/数据/等/多源/数据/，/搭建/低空/空域/大/数据分析/模型/，/为/空域/规划/决策/、/低空/经济/产业布局/提供/技术/支撑/；/4/、/参与/相关/科研项目/申报/与/实施/，/撰写/高质量/学术论文/、/技术/报告/及/专利申请/文件/；/5/、/协同/跨/领域/团队/开展/技术/攻关/，/推动/科研成果/转化/与/落地/应用/，/参与/行业/技术标准/研讨/制定/。/任职/要求/：/1/、/具有/博士学位/，/交通运输/工程/、/交通运输/、/航空运输/等/相关/专业/，/应届/博士/或/有/相关/科研///工作/经历者/均/可/；/2/、/熟悉/低空/空域/管理/政策/、/飞行/管制/规则/或/空域/规划/理论/，/有/低空/经济/、/无人机/路径/规划/、/空管/算法/相关/研究/经验者/优先/；/3/、/具备/扎实/的/算法/研发/能力/，/熟练掌握/至少/1/种/编程语言/（/Python/、/C++/、/Java/等/）/，/精通/机器/学习/、/深度/学习/、/强化/学习/等/算法/原理/及/应用/；/4/、/具备/大/数据模型/构建/与/应用/能力/，/熟悉/大/数据处理/技术/（/Hadoop/、/Spark/等/）/、/数据挖掘/方法/及/可视化/工具/，/能/独立/完成/多源/数据/整合/、/建模/与/分析/；/5/、/具有/较强/的/自主/科研/能力/、/创新/思维/与/学术/素养/，/已/在/相关/领域/发表/过/高水平/学术论文/（/SCI///EI检索/）/或/拥有/核心/专利者/优先/；/（/来自/马克/数据网/）
36967,富乐德科技发展（大连）有限公司,【/工作/内容/】/-/负责/半导体/设备/部件/的/清洗/，/对/生产/现场/提供/技术支持/；/-/协助/完成/客户/现场/的/安装/、/维护/及/故障/排查/；/-/记录/并/反馈/现场/问题/，/协助/优化/产品/性能/。/【/任职/要求/】/-/具备/良好/的/沟通/能力/和/责任心/；/-/有/较/强/的/学习/能力/，/能/快速/掌握/相关/技术/知识/。
35820,深圳市湾区智联技术服务有限公司,"岗位职责/：/1/./负责/主持/部门/全面/工作/；/2/./负责/制定/部门/年度/工作/计划/，/并/监督/实施/；/3/./统筹/消费级/无人机/、/工业级/无人机/、/直升机/、/飞行/汽车/、/Evtol/等/0/-/600m/范围/内/的/低空飞行/测试/及/滑翔伞/飞行/训练/、/飞手/培训/工作/；/4/./负责/与/整机/飞行/测试/、/核心/零部件/等/第三方/低空/测试/测验/单位/对接/协调/，/保障/提供/更好/的/低空/测试/服务/；/5/./掌握/低空/物理/基础设施/及/信息/基础设施/的/工作/状况/，/出现/状况/及时/报修/。/6/./负责/统筹/管理/公司/低空/及/数据/等/方面/的/工作/；/7/./完成/上级领导/交办/的/其他/工作/。/任职/要求/：/1/./具有/10/年/以上/交通/或/相关/行业/工作/经验/优先/；/2/./拥有/高级职称/或/以上/优先/；/3/./具备/良好/的/沟通/和/学习/能力/,/能够/理解/客户/需求/；/4/./掌握/低空飞行/测试/的/基本/需求/；/5/./了解/低空/起降/场/、/通导监/等/基础设施/的/功能/及/重要性/；/6/./有/一定/的/团队/管理/能力/,/负责/团队/的/方向/把握/。/搜索/马/克/数/据/网"
34502,华中信测标准技术服务（湖北）有限公司,岗位职责/：/1/、/负责/按照/标准/要求/，/完成/检测/实验/工作/。/包括/制定/测试/技术/方案/，/解决/技术难题/，/按/要求/填写/相关/技术/记录/，/测试/过程/、/原始记录/复核/；/2/、/部分/人员/涉及/工装/夹具/设计/、/图纸/的/审核/确认/，/对/不/符合/的/要求/提出/整改/方案/，/并/进行/验收/工作/；/3/、/协助/上级/主管/对/仪器/、/设备/或/工具/进行/管理/。/包括/点检/、/维护/保养/、/期间/核查/、/内部/检查/、/计量/参数/和/校准/结果/确认/等/工作/；/4/、/按/样品/管理制度/协助/样品/管理员/完成/样品/及/工装/夹具/的/接收/、/入库/出库/、/还库/、/退样/、/报废/等/工作/；/5/、/完成/内外部/质量/控制/活动/和/质量/监督/活动/，/并/提交/相关/记录/。/任职/条件/：/1/、/大专/及/以上学历/，/机械制造///机电///自动化/等/理工科/专业/优先/；/2/、/具有/汽车/整车/企业/、/汽车/零部件/生产/企业/检测/实验室/工作/经验者/优先/考虑/；/3/、/了解/汽车/构造/及/汽车/第三方/检测/流程者/优先/考虑/；/4/、/接触/过/汽车/零部件/检测/设备/、/软件/或/熟悉/对应/的/检测/标准/方法/优先者/优先/考虑/；/5/、/可/使用/SolidWorks/或/CATIA者/优先/考虑/。/6/、/可/接受/优秀/应届/毕业生/。/福利待遇/：/周一/至/周五/：/8/:/30/-/12/:/00/13/:/00/-/17/:/30/，/周末/双休/。/入职/即/缴纳/五险/一金/，/享受/餐补/，/本/公司/不/包吃/住/。
24688,上海建中医疗器械包装股份有限公司,【/工作/内容/】/-/负责/公司/各类/广告/项目/的/创意/策划/与/执行/方案/制定/；/-/协同/设计/、/市场/团队/完成/广告/内容/的/创意/构思/与/优化/；/-/分析/市场趋势/及/用户/需求/，/提出/有/竞争力/的/广告/策略/；/-/跟进/广告投放/效果/，/进行/数据分析/与/总结/，/持续/优化/策划/方案/。/【/任职/要求/】/-/本科/及/以上学历/，/广告/、/市场营销/、/传播/等/相关/专业/优先/；/-/1/-/3/年/广告/策划/或/相关/工作/经验/，/具备/良好/的/创意/能力/和/执行力/；/-/熟悉/广告/策划/流程/，/了解/市场动态/及/消费者/心理/；/-/具备/较强/的/文字/表达能力/与/沟通/协调/能力/，/能/独立/完成/策划/方案/。
20830,科瑞自动化技术（苏州）有限公司,1/./配合/市场/及/计划/按时/完成/加工/零件/检测/，/并/填写/出货/报告/。/2/./反馈/生产/不/合格/情况/，/追踪/纠正/措施/实施/状况/。/3/./对于/工程/判定/可/接受/零件/进行/持续/追踪/，/确认/零件/符合/客户/要求/。/岗位/要求/：/1/，/1/年/以上/机械行业/零件/检验/工作/经验/，/熟读/机械/图纸/，/熟练/使用/常规/量具/，/会/使用/蔡司/三/坐标/优先/考虑/。/2/，/熟练掌握/机械制图/基础/，/会/使用/各种/尺寸/测量/工具/和/仪器/。/3/，/中专/以上学历/，/机械/专业/优先
85595,厦门思泰克智能科技股份有限公司,"岗位职责/：/./检测/设备/主流程/控制/；/./检测/程序/可视化/，/使用/GDI绘制/检测/程序/；/./配合/开发/团队/完成/整个/产品/的/开发/，/测试/算法/流控制/、/检测/数据/输出/；/./检测/光源/、/外设/通讯/，/进行/错误处理/、/运动/控制/协调/处理/；/./对/测试数据/进行/整合/。/任职/要求/1/、/计算机相关/专业本科/，/从事/Qt/开发/4/年/以上/，/能/深入/理解/Qt/内部/机制/，/有/Qt6/的/开发/经验/；/2/、/熟练掌握/C///C++/编程语言/及/常见/编程/模型/，/熟悉/面向对象/的/编程/思想/，/有/良好/的/编码/风格/；/3/、/熟练/使用/Windows/,/Linux///Unix/平台/的/C///C++/开发/与/调试/工具/；/4/、/精通/Qt/应用/程序开发/，/熟练掌握/Qt/库/各/控件/使用/及/架构/；/5/、/有/较/强/的/解决问题/能力/、/学习/能力/、/逻辑思维/能力/及/创新能力/，/有/良好/的/团队/协作/意识/。"
18650,浙江中坚科技股份有限公司,【/工作/内容/】/-/负责/产品/制造/工艺/的/设计/、/开发/与/优化/，/确保/生产流程/高效/运行/。/-/分析/生产/数据/，/识别/并/解决/生产/过程/中/的/工艺/问题/，/提升/产品质量/和/生产/效率/。/-/参与/新/产品/的/研发/工作/，/从/工艺/角度/提出/改进/建议/，/确保/新/产品/顺利/投产/。/-/编制/及/维护/工艺/文件/，/包括/但/不/限于/作业/指导书/、/工艺流程/图/等/，/确保操作/人员/能够/准确/执行/。/-/与/跨部门/团队/紧密/合作/，/如/质量/控制/、/生产/计划/等/部门/，/共同/推动/项目/进展/。/-/定期/进行/工艺/评估/，/识别/潜在/风险/并/提出/预防措施/，/保障/生产/安全/。/【/任职/要求/】/-/具备/3/年/及/以上/相关/行业/工艺/工程/或/制造/工程/领域/的/工作/经验/。/-/大专/及/以上学历/，/机械工程/、/工业/工程/或/相关/专业/背景/优先/。/-/熟练掌握/CAD/或/其他/制图/软件/，/能够/独立/完成/工艺/图纸/绘制/。/-/良好/的/数据分析/能力/，/能/有效/利用/数据/支持/决策/。/-/具备/良好/的/沟通/协调/能力/和/团队/合作/精神/，/能够/适应/快节奏/的/工作/环境/。/-/对/生产工艺/有/深入/理解/，/熟悉/常用/材料/特性/及/加工/方法/。/-/具备/较强/的/学习/能力/和/创新/意识/，/愿意/接受/新/技术/、/新理念/。
93384,山东盈科杰数码科技有限公司,岗位职责/:/1/./主要/负责/北京/及/周边/区域/数码/喷墨/印刷/设备/的/安装/、/调试/和/售后/技术支持/服务/等/工作/；/2/./定期/参加/公司/组织/的/技术培训/，/不断/提高/个人/的/技术/、/技能/；/3/./完成/领导/交于/的/其它/工作/任务/。/任职/资格/：/1/./大专/及/以上学历/；/2/./可/接受/全国性/高频/次/出差/；/3/./3/年/以上/相关/售后/机械/、/机电/安装/、/维修/经验/；/4/./印刷/工程/、/机械制造/、/自动化/等/相关/专业/优先/考虑/；/5/./工作/认真/、/有/责任心/，/有/良好/的/沟通/能力/和/服务/精神/，/热爱/学习/。
77688,焦点科技,岗位/描述/：/在/这里/有/能力/就/可以/任性/，/有/才华/就/可以/挥洒/体验/上市/互联网/公司/的/工作/氛围/与/各路/大神/切磋/学习/获取/最佳雇主/企业/的/工作/体验/比/别人/更/快/一步/锁定/面试/机会/来/吧/，/你/就是/焦点/！/岗位职责/：/1/、/多渠道/整理/、/挖掘/企业/客户/信息/，/为/客户/提供/专业/行业/信息/咨询服务/；/2/、/发掘/客户/需求/，/为/客户/提供/适配/的/产品/推广/服务/，/弘扬/中国/制造/；/3/、/通过/主动/积极/的/售后服务/，/关注/客户/成效/和/客户/满意度/，/提供/续约/或/升级/方案/。/工作/时间/：/8/:/30/-/17/:/30/;/周末/双休/；/不/强制/加班/，/节假日/跟着/国家/走/；/薪资/福利/：/底薪/5500/+/提成/+/工龄/奖/+/高温/补贴/+/年终奖/等/工作/内容/：/1/、/推广/中国/制造/网/这个/网站/平台/，/邀请/做/外贸/的/企业/进驻/平台/，/在/平台/上/推广/产品/。/2/、/推广/搭建/企业/官网/，/并/在/谷歌/上/进行/SEO/，/SEM推广/。/3/、/推广/客户/管理软件/CRM系统/。/岗位/要求/：/1/、/本科/及/以上学历/，/优秀/的/本科/应届生/亦可/考虑/；/2/、/有/良好/的/沟通/表达能力/、/分析/能力/、/学习/能力/和/销售/技能/；/3/、/对/销售/工作/有/强烈/的/兴趣/和/自信心/，/希望/通过/销售/实现/自我/价值/。/4/、/有过/B2B/或者/外贸/销售/经验/的/，/优先/考虑/全方位/保障/：/1/、/【/六险/一金/】/按/国家/规定/比率/及/实际收入/为/你/缴纳/养老保险/、/医疗保险/、/工伤保险/、/失业/保险/和/生育/保险/及/住房/公积金/，/并/每年/额外/购买/商业保险/；/2/、/【/员工/活动/】/丰富多彩/的/员工/活动/和/运动/俱乐部/、/国内外/旅游/、/团队/Party/等/；/3/、/【/培训/成长/】/入职/培训/—/—/进阶/培训/—/—/职场/加油站/—/—/储备/管理/培养/4/、/【/晋升/发展/】/管理/路线/：/客户经理/—/高级/客户经理/—/销售主管/—/区域经理/—/销售部/经理/专业/路线/：/客户经理/—/高级/客户经理/—/顾问级/客户经理/—/专家级/客户经理/5/、/每天/都/会/有/定时/的/下午茶
13768,上海映蝶影视文化有限公司,一/、/岗位/核心/目标/负责/公司/的/日常/财务/核算/、/账务/处理/、/税务/申报/及/财务报表/编制/等/工作/，/确保/财务数据/的/准确性/与/合规性/，/为/公司/的/经营/管理/提供/可靠/的/财务/支持/。/二/、/岗位职责/1/、/会计核算/与/报表/编制/：/负责/审核/原始凭证/，/编制/记账/凭证/，/登记/各类/明细账/及/总账/。/定期/编制/财务报表/（/如/资产/负债表/、/利润表/、/现金流量/表等/）/，/并/进行/基本/的/财务/分析/。/2/、/税务/管理/：/严格执行/税法/规定/，/准确/计算/增值税/、/企业/所得税/等/各项/税费/，/按时/完成/纳税/申报/。/负责/发票/的/认证/、/申购/和/保管/工作/。/3/、/资产/与/成本/管理/：/参与/固定资产/的/核算/与/管理/，/计提/折旧/，/协助/进行/财产清查/。/负责/或/参与/成本核算/，/编制/成本/报表/，/并/进行/基础/分析/。/4/、/档案管理/与/审计/配合/：/负责/会计凭证/、/账簿/、/报表/等/会计/资料/的/整理/、/归档/和/保管/工作/。/协助/完成/年度/内外部/审计工作/，/提供/所/需/资料/。/5/、/负责/部门/安排/的/其他/工作/。/三/、/任职/要求/1/、/财务/、/会计/、/审计/或/相关/专业本科/及/以上学历/。/2/、/持有/初级/会计职称/证书/；/持有/中级/会计职称/或/注册/会计师/（/CPA/）/资格者/优先/考虑/。/3/、/具备/3/年/以上/财务会计/相关/工作/经验/，/熟悉/财务/核算/全/流程/。/4/、/熟练掌握/国家/财务/、/税务/法规/政策/。/熟练/使用/金蝶/、/用友/等/财务软件/及/Office/办公/软件/（/尤其/Excel/）/。/5/、/工作/细致/严谨/，/责任心/强/，/具备/良好/的/沟通/能力/、/团队/合作/精神/和/职业道德/。
13648,云南中钛科技有限公司,岗位职责/：/1/、/了解/选矿/工艺流程/，/了解/各种/选矿/设备/。/2/、/协助/机械/工程师/制定/相关/制度/和/流程/；/3/、/协助/日常/技术指标/的/管理工作/，/学习/解决/生产/过程/中/的/设备/技术/问题/，/为/生产/提供/合理化/建议/；/5/、/协助/选矿/工艺设备/的/调试/，/相关/报告/的/编制/；/6/、/协助/各/岗位/选矿/专业/技术培训/和/操作规程/培训/，/提升/员工/操作技能/，/确保/设备/安全/平稳/运行/。/7/、/完成/公司/领导/交办/的/其它/工作/任务/。/任职/条件/：/1/、/20/-/28/岁/，/统招/本科/及/以上学历/；/2/、/机械工程/相关/专业/；/3/、/具备/良好/的/心理素质/，/团队/工作/能力/强/；/4/、/能/适应/矿山/工作/环境/。
15296,武汉世纪华通汽车部件有限公司,【/工作/内容/】/1/、/员工/招聘/：/负责/一线/员工/招聘/、/面试/、/入职/培训/与/录用/工作/。/2/、/新/员工/工作/跟进/：/负责/员工/入职/、/进入/用人/部门/工作/动态/跟踪/，/以及/技能/提升/和/转正/工作/的/跟进/。/3/、/考勤/管理/：/根据/公司/《/考勤/管理制度/》/，/负责/各/部门/考勤/管理/、/协调/工作/。/4/、/工资/计算/：/负责/核算/员工/计件工资/和/计时工资/。/5/、/行政/固定资产/管理/：/负责/公司/办公设备/（/桌椅/）/、/电脑/及/打印机/、/传真机/、/复印机/、/扫描仪/以及/公司/网络/等/软硬件/的/购置/。/6/、/保洁/：/负责/保洁工/的/管理/，/做好/清洁卫生/工作/。/7/、/工服/管理/：/负责/员工/的/季节性/工服/采购/、/发放/、/回收/工作/。/8/、/员工/离职/办理/：/负责/公司员工/离职/手续/办理/，/了解/并/分析/员工/离职/原因/。/9/、/体系/资料/维护/：/负责/部门/涉及/IATF16949/，/安环/审核/资料/的/整理/和/更新/工作/。/10/、/Ehr/系统/操作/：/日常/操作/检查/公司/Ehr/系统/，/更新/员工/名册/。/11/、/门禁系统/录入/管理/：/定期/更新/门禁/权限/及/员工/厂牌/录入/管理/。/12/、/协助/部门/其他/人员/工作/，/完成/临时/交办/工作/。/【/任职/要求/】/1/、/专科/及/以上学历/，/人力/资源管理/或/相关/专业/优先/；/2/、/二年/以上/制造业/人事行政/相关/工作/经历/。/3/、/工作/有/激情/、/热情/，/有/较/强/的/吃苦/能力/和/奉献精神/；/4/、/责任心/强/，/敢于/承担责任/；/5/、/有/人力/资源管理师/初级/证书/优先/。
29050,浙江东海新材料科技股份有限公司,【/工作/内容/】/-/负责/公司/全盘/账务/处理/，/包括/凭证/录入/、/账簿/登记/及/月度/结账/；/-/编制/财务报表/，/确保/数据/准确性/和/合规性/；/-/协助/完成/税务/申报/及/发票/管理/相关/工作/；/-/配合/审计/、/税务/检查/等/外部/事务/，/提供/相关/财务/资料/；/-/参与/公司/财务制度/的/优化/与/流程/改进/。/【/任职/要求/】/-/财务/、/会计/等/相关/专业本科/及/以上学历/；/-/持有/中级/会计师/职称/优先/；/-/3/年/以上/大型/制造型/企业/总账会计/或/相关/岗位/工作/经验/，/熟悉/财务软件/操作/；/-/具备/良好/的/职业/操守/和/责任心/，/工作/细致/严谨/；/-/熟悉/国家/财税/法规/，/具备/较强/的/数据分析/和/沟通/能力/。
25983,深圳市华奥通通信技术有限公司,岗位/要求/：/1/、/年龄/20/-/40/之间/，/有/1/年/以上/焊接/、/质量检验/工作/经验/，/或者/焊接/熟练/焊接/质量/好/；/要求/可以/不/借助/其他/工具/，/只用/烙铁/焊接/0402/电容/电阻/的/熟练程度/。/2/、/具备/一定/的/电子/物料/基本知识/，/对/PCB/板有/一定/了解/；/能够/识别/各类/电子/元器件者/优先/；/3/、/电脑/基本操作/；/会/使用/电烙铁/，/热风枪/4/、/遵守/公司/劳动纪律/、/服从/工作/安排/、/稳定性/好/。/岗位职责/：/1/、/使用/电烙铁/焊接/0402/电子/元器件/，/样板/焊接/，/后/焊/修改/；/2/、/出厂/检验/，/测试/。/请/注意/：/此/岗位/不/包吃/住/。/PS/:/此/岗位/为/公司/质检/部门/一线/岗位/，/正常/缴纳/五险/一金/，/转正/月薪/4500/底薪/+/30/元/每/小时/加班费/，/加班/餐费/20/元/每餐/补贴/，/年底/双薪/和/5/天/带薪/年/假/，/底薪/逐年/递增/，/有/意向/请/直接/到/公司/进行/岗位/焊接/试/操作/，/以/熟练程度/为/录用/标准/。/关注/公众/号/马克/数据网
37748,深圳市恒拓高工业技术股份有限公司,岗位职责/：/1/、/负责/公司/西南地区/3c/行业/大/客户/业务/拓展/，/建立/和/维护/与/客户/的/良好/关系/，/完成/销售/目标/。/2/、/根据/公司/产品/、/价格/及/市场策略/，/独立/处置/询盘/、/报价/、/合同条款/的/协商/及/合同/签订/等/事宜/；/3/、/督促/合同/和/订单/正常/如期/履行/，/并/催收/应收/销售/款项/。/在/执行/合同/过程/中/，/协调/并/监督/公司/各/职能部门/操作/。/4/、/维护/和/开拓/新/的/销售/渠道/和/新/客户/，/自主/开发/及/拓展/上下游/用户/。/5/、/对/客户/在/销售/和/使用/过程/中/出现/的/问题/及/需要/办理/的/手续/及时/联系/有关/部门/协助/解决/。/任职/要求/：/1/、/大专/及/以上学历/，/市场营销/、/机电类/等/专业/优先/；/2/、/3/年/以上/自动化/设备/或/自动化/配件/等/面向/3c/行业/客户/销售/经验/优先/；/3/、/热爱/销售类/工作/，/具有/良好/的/交际/技巧/，/沟通/表达能力/强/；/4/、/有/较/强/的/学习/能力/，/心理/承受能力/强/，/工作/认真负责/，/态度/积极/。/工作/地点/：/视/西南地区/客户/分布/而定/www/./macrodatas/./cn
59945,宁波永新光学股份有限公司,1/、/参与/公司/核心/业务/系统/的/需求/分析/、/架构设计/及/代码/开发/，/确保/系统/高性能/、/高可用性/。/2/、/负责/Java/后端/服务/模块/的/设计/与/开发/，/独立/完成/关键/功能/实现/；/3/、/与/团队/成员/协作/，/共同/解决/项目/中/的/技术难题/；/4/、/参与/项目/的/测试/、/部署/和/上线/工作/；/5/、/优化/现有/系统/代码/，/解决/性能/瓶颈/，/提升/系统/稳定性/和/可扩展性/。/6/、/计算机/或/相关/专业本科/及/以上学历/，/3/~/5/年/以上/java/开发/经验/；/7/、/熟练掌握/java/语言/，/熟悉/JVM原理/、/多线程/、/并发/等/基础知识/；/8/、/熟悉/掌握/SpringBoot/、/SpringCloud/等/主流/Java/框架/；/9/、/熟练/使用/mysql/等/数据库/，/具有/复杂/数据库/设计/和/优化/能力/；/10/、/熟悉/设计模式/、/有/良好/的/编程/习惯/，/注重/代码/质量/和/可维护性/；/11/、/具备/大/数据/相关/组件/使用/经验/优先/，/有/数据/中/台/开发/经验者/优先/；
7830,深圳市科陆电子科技股份有限公司,岗位职责/：/1/./负责/对/供应商/的/来料/异常/进行/处理/；/2/./负责/对/供应商/进行/审核/，/过程/管控/；/3/./负责/性能/实验室/测试/标准/的/建立/。/任职/要求/：/1/./26/届/毕业生/，/本科/及/以上学历/，/机械/及其/自动化/、/电子/信息工程/或者/通信工程/专业/；/2/./责任心/强/，/踏实/肯干/，/认真/细心/，/有/较/好/的/沟通/能力/。
40387,凤凰光学股份有限公司,一/、/岗位/描述/1/、/负责/制订/医疗/新/产品开发/计划/中/涉及/技术/相关/的/资料/2/、/负责/新/产品/试作/问题/点/改善/对策/等/推进/，/确保/新/产品/符合/客户/需求/（/除/光学/硬镜/类外/）/3/、/负责/新/产品/各/阶段/的/试作/良率/验证/工作/，/及/不良/项目/的/原因/分析/改善/工作/（/除/光学/硬镜/类外/）/4/、/负责/新/产品/物料/品质/的/改善/推动/（/除/光学/硬镜/类外/）/5/、/负责/新/产品/加工/条件/的/风险/评估/与/DOE验证/6/、/负责/医疗/机种/导入/按/13485/体系/要求/7/、/负责/推进/新/产品/各/阶段/的/性能/评测/、/及/阶段性/总结报告/8/、/完成/上级/交办/的/其他/任务/二/、/任职/要求/1/、/大专/及/以上学历/；/机械/、/光学/相关/专业/2/、/医疗类/镜头/等/相关/行业/3/年/以上/工作/经验/3/、/熟悉/医疗/镜头/类产品/的/结构/、/工艺流程/，/熟悉/医疗/镜头/产品/常见/品质/、/性能/、/工艺/问题/的/分析方法/及/对策/4/、/良好/的/组织协调/与/沟通/能力/、/人际关系/处理/能力/；/工作/主动/积极/，/有/较/强/的/责任意识/、/团队/协作/意识/，/严谨/细心/，/原则性/强/，/且/能够/承受/较强/的/工作/压力/5/、/熟悉/Office///cad/等/软件
50024,杭州肯德基有限公司,主要/工作/职责/你/将/从事/：/-/对客/服务类/工作/：/满足/顾客/需要/，/给/顾客/带来/完美/用餐/体验/；/-/产品/制作类/工作/：/参与/食品/、/饮料/等/多种产品/的/制作/工作/，/学习/国际/连锁/西餐厅/的/高标准/制作/工艺/。/你/将/得到/：/-/系统/正规/的/培训/，/广阔/的/发展/空间/；/-/“/关爱/成员/的/大家庭/”/企业/文化/-/与/年轻/的/伙伴/快乐/共事/，/感受/充满/激情/的/团队/氛围/-/弹性/安排/工作/时间/-/丰富多彩/的/团队/活动/你/的/发展/空间/服务员/→/楼面/经理/→/餐厅/副/经理/→/餐厅/资深/副/经理/→/餐厅/经理/→/更高/管理/职位/…/…/职位/任职/资格/1/./年龄/满/18/周岁/以上/，/高中/或/同等/以上学历/2/./热情/开朗/，/正直/诚信/，/善于/与/人/沟通/，/有/团队精神/3/./适应/快节奏/、/高效/的/工作/环境/4/./不/限/经验/，/乐于/从事/连锁/餐饮/零售业
86630,海南南山文化旅游开发有限公司,1/、/年龄/40/岁/以内/，/中专/及/以上学历/，/具有/三年/以上/相关/工作/经验/。/2/、/熟练掌握/广告/物料/的/制作/工艺/和/安装/流程/。/3/、/能/独立/完成/制作/到/成品/安装/的/全/流程/或/特定/环节/。/4/、/有/良好/的/沟通/能力/和/较/强/的/动手/能力/，/身体健康/，/且/不/恐高/。/5/、/有/美术专业/或/Photoshop/、/CorelDRAW/等/平面设计/软件/基础者/优先/。
86631,北京市京伦饭店有限责任公司,岗位/内容/：/1/./开拓/新/客户/，/维护/现有/客户/并/与/客户/建立/良好/的/工作/关系/。/2/./了解/客户/需求/，/提供/合适/的/方案/，/并/跟进/项目/实施/，/确保/客户/满意度/和/项目/盈利/。/3/./定期/进行/市场竞争/分析/和/行业/趋势/研究/，/提出/改善/销售策略/的/建议/。/4/./与/内部/协作/团队/合作/，/设计/和/执行/针对/客户/需求/的/会展/方案/。/任职/要求/：/1/./具有/较强/的/沟通/、/谈判/及/销售/能力/，/有/成功/的/商务洽谈/经验/。/2/./具备/相关/领域/的/本科/及/以上学历/，/至少/3/年/相关/工作/经验/。/3/./对/会展/行业/有/深入/的/了解/，/了解/主流/展会/及/市场营销/策略/。/4/./具有/创新/思维/，/注重/团队/协作/，/在/高/压力/环境/下/仍/能/保持/积极/的/行动/力/。
50055,无锡肯德基有限公司,"【/工作/职责/】/1/./执行/外场/服务/、/内/场/产品/制作/;/2/./维持/餐厅/环境卫生/、/整洁/;/3/./工作/认真负责/，/为人正直/诚信/;/4/./积极参与/培训/，/不断/学习/提升/技能/。/【/任职/要求/】/1/./身体健康/,/能/适应/餐饮行业/的/工作/节奏/；/2/./品行端正/，/有/良好/的/沟通/表达/;/3/./无/不良/记录/和/嗜好/;/4/./符合国家/餐饮行业/工作/从业/资格/。/【/加入/我们/，/您/可以/享受/到/】/1/./就近/分配/有/招募/需求/的/门店/;/2/./根据/您/的/供班/与/餐厅/需求/灵活/调整/;/3/./舒适/的/工作/环境/，/免费/提供/工作服/，/休息室/内/设备齐全/；/人性化/氛围/，/可以/学习/多种/技能/。"
88118,七天四季酒店(广州)有限公司,岗位职责/1/./负责/河北省/区/管辖/范围/内/所有/酒店/的/定期/巡查/与/突击检查/（/含/暗访/）/，/使用/《/综合/运营/质量/检查表/》/、/《/门店/经营/诊断/质检/表/》/等/标准/检查表/，/建立/多/层级/、/多维度/的/管理/闭环/，/辅助/门店/提前/规避/品质/及/财务/风险/；/2/./客观/记录/检查/结果/，/精准/反馈/亮点/与/问题/，/撰写/条理清晰/的/质检/报告/，/同步/至/区域/管理层/与/门店/负责人/；/3/./负责/评估/门店/整改/计划/及/督导/门店/完成/整改/；/负责/验收/门店/重大/品质/安全隐患/整改/结果/，/要求/验收/复核率/100%/；/保障/质检/巡查/-/门店/整改/-/结果/验收/的/闭环/管理/落实/到位/；/4/./分析/质检/数据/，/提炼/共性/问题/，/为/区域/服务/标准/优化/、/运营/效率/提升/提供/专业/建议/。/任职/要求/1/./大专/及/以上学历/，/酒店/管理/、/旅游/管理/等/相关/专业/或/1/年/以上/酒店/运营///质检/相关/经验者/优先/；/2/./原则性/极强/，/廉洁/诚信/，/坚守/职业/操守/，/精准/把/控/质检/公平性/；/过往/无/违纪行为/；/3/./能/适应/河北省/内/频繁/出差/巡店/，/抗压/能力/强/，/沟通/表达清晰/，/可/高效/推进/问题/整改/；/4/./熟练/使用/办公/软件/，/能/独立/完成/质检/报告/与/数据/整理/。
43040,中体城（宁波）运营管理有限公司,【/工作/内容/】/1/）/负责/场馆/的/客户服务/，/接待/、/录入/会员/、/维系/会员/关系/、/场地/管理/、/投诉/应诉/等/系列/工作/，/执行/部门/预算/制度/；/2/）/负责/建立/和/健全/场馆/客户/管理体系/、/流程/和/标准/，/以/标准化/组织部门/人员/进行/训练/或/培训/，/从而/形成/对/客户/的/标准化/服务/；/3/）/负责/客户/投诉/管理/，/与/相关/部门/商议/具体/改进/措施/，/并/及时/反馈/客户/；/4/）/负责/维系/好/新/老客户/的/关系/，/与/新/客户/有效/充分/的/沟通/，/促成/销售/。/老客户/进行/有效/维系/，/促成/复购/；/5/）/负责/定期/不定期/进行/顾客/满意度/调查/，/将/相关/数据/进行/汇总/、/分析/，/提出/改进/方案/，/不断/提升/服务/；/6/）/负责/自营/及/合作/俱乐部/、/商户/日常/开放/的/场地/的/安全/、/卫生/、/运营/状态/、/风险/等/进行/管控/；/7/）/负责/与/各/部门/进行/有关/会员/的/录入/、/消课/、/反馈/等/工作/的/衔接/；/8/）/完成/上级领导/交办/的/其他/临时性/任务/，/配合/完成/公司/其他/部门/的/相关/工作/。/【/任职/要求/】/-/需/具备/良好/的/沟通/能力/和/团队/管理/意识/；/-/有/较/强/的/责任心/和/抗压/能力/，/能/适应/快节奏/工作/环境/；/-/对/客户服务/工作/有/热情/，/愿意/在/该/领域/长期/发展/；/-/三年/以上/服务业/管理/相关/工作/经验者/优先/；/-/要求/全日制/本科学历/及/以上/，/年龄/25/-/35/周岁/之间
43039,中体城（宁波）运营管理有限公司,"www/./macrodatas/./cn/【/工作/要求/】/1/)/党建/工作/：/贯彻/党的方针/政策/，/落实/上级/党委/部署/，/推进/党员干部/政治/理论/学习/与/思想/教育/，/统筹/党建/及/党务/全流/程/工作/；/2/)/战略/与/目标/管理/：/结合/集团/战略规划/，/拟定/公司/年度/经营/目标/与/阶段性/工作/计划/；/跟踪/督办/会议/决策/及/重点/工作/的/执行/情况/；/3/)/内控/与/授权/管理/：/负责/搭建/并/完善/内部/控制/体系/，/制定/实施/内控/方案/；/宣贯/上级/集团/授权/放权/清单/，/对/授权/放权/清单/指导/落地/；/4/)/法律/合规/事务/：/负责/法律/合规/事务管理/，/包括/合同/的/拟定/、/审核/，/案件/诉讼/资料/准备/等/；/协助/办理/股权/转让/、/清算/和/注销/等/方面/的/法律/手续/；/5/)/内部/审计工作/：/负责/内部/审计工作/计划/，/组织/实施/内部/审计/，/督促/审计/问题/的/整改/落实/；/6/)/会议/组织/保障/：/负责/公司/股东会/、/董事会/、/总经理/办公会/的/组织/及/安排/，/包括/会议纪要/撰写/及/审批/；/7/)/人力资源/全/流程/管理/：/制定/人力资源/规划/及/体系/制度/，/优化/组织/架构/与/岗位/编制/；/搭建/人才/发展/机制/，/建立/核心/人/才库/，/制定/干部/培养/与/流动/方案/；/统筹/人员/招聘/、/绩效考核/、/薪酬/福利/管理/及/劳动/关系/、/离退/人员/服务/工作/；/8/)/行政/综合/保障/：/负责/后勤保障/、/客户/接待/、/会务/服务/、/公文/印章/、/档案资料/、/公务/管理/；/保障/OA系统/与/内部/网络/运行/维护/，/统筹法/人/治理/、/工商/变更/及/执照/证件/管理/；/承担/固定资产/管理工作/；/9/)/采购/与/安全/管理/：/完善/采购/管理制度/流程/，/管控/重大/采购/事项/，/开展/采购/工作/抽查/与/审计/；/负责/场馆/赛事/日常/安全/监督/与/巡查/及/空间/集团/办公/区域/安全/管理/。/10/）/绩效/管理/：/负责/公司/年度/绩效/目标/责任书/签订/、/季度/绩效/提交/及/结果/下达/；/负责/公司/经营/班子成员/年度/绩效/目标/责任书/核定/备份/及/季度/绩效/；/11/）/经营/分析/：/完成/月度///季度/场馆/运营/数据分析/及/汇报/材/料/制作/；/12/）/信息化/管理/：/场馆/运营/信息化/体系/的/规划/、/建设/与/维护/；/13/）/对本/部门/人员/进行/绩效考核/；/14/）/负责/公司/领导/安排/的/其他/工作/，/配合/完成/公司/其他/部门/的/相关/工作/。/【/任职/要求/】/1/、/了解/现代/企业/人力/资源管理/模式/和/实践经验/积累/，/在/人力资源/战略规划/、/人才/的/引进/、/绩效/激励/考核/、/培训/、/职业生涯/设计/等/方面/具有/丰富/的/实践经验/；/2/、/优秀/的/语言表达/及/沟通/能力/，/协调/能力/、/亲和力/和/敏锐/的/洞察/能力/,/分析/判断力/；/3/、/具有/良好/的/职业道德/和/职业/操守/,/良好/的/团队/合作/意识/，/工作/独立性/强/，/能够/承受/较大/的/工作/压力/，/善于/自我管理/。/4/、/要求/:/全日制/本科/以上学历/，/有/正规/企业/人事行政/管理/5/年/以上/工作/经验/。"
86429,中国航空服务有限公司,岗位职责/：/1/、/倒班/制/，/分/早班/、/下午/班/和/夜班/，/夜班/每月/2/次/，/每周/40h/工时/，/上五休/二/；/2/、/机票/网站/电话/客服/，/接听/客户/来电/，/能够/及时发现/客户/问题/并/给/到/正确/和/满意/的/回复/，/为/客户/提供/快速/、/准确/与/专业/的/查询/服务/；/3/、/解决/网站/售前/售后/问题/，/受理/旅客/投诉/；/4/、/有/责任心/和/积极/的/工作/态度/，/能/承受/一定/的/工作/压力/；/5/、/具备/较强/的/学习/能力/和/优秀/的/沟通/能力/；/6/、/能/熟练/使用/OFFICE/：/WORD/、/EXCEL软件/，/中英文/打字速度/快/；/7/、/完成/公司/部门/主管/分配/的/相应/工作/，/并/积极主动/的/跟进/工作/。/8/、/工作/地点/：/北京市/【/朝阳区/东坝/曹/各庄/】/。/任职/要求/：/1/、/30/周岁/以下/，/男女/不/限/；/2/、/大专/以上学历/优先/；/有/呼叫/中心/客服/人员/工作/经验者/优先/；/3/、/具备/较/好/的/沟通/及/协调/能力/，/责任心/强/，/服务/意识/强/；/4/、/口齿清晰/，/普通话/标准/，/音质/佳/，/表达能力/强/；/5/、/身体健康/，/无/不良嗜好/。/（/macrodatas/./cn/）/（/来/自/马/克/数/据/网/）
86430,华益新桥(北京)科技发展有限公司,【/岗位职责/】/一/、/党务工作/党建/基础/管理/1/./贯彻落实/上级/党组织/决策/部署/，/制定/公司/年度/党建/工作/计划/并/组织/实施/。/2/./负责/“/三会/一课/”/、/组织生活/会/、/民主评议/党员/等/党内/组织生活/的/落实/，/做好/会议记录/及/材料/归档/。/3/./负责/党员/教育/和/管理工作/，/包括/入党/积极分子/培养/、/党员/档案管理/、/党费/收缴/及/组织关系/转接/等/。/党建/活动/与/宣传/1/./策划/并/组织/主题/党日/、/青年/理论/学习/活动/等/党建/活动/，/做好/活动/方案/、/执行/及/总结/工作/。/2/./撰写/党建/工作/总结/、/报告/、/新闻稿/等/材料/，/维护/党建/宣传/阵地/。/党风廉政/建设/1/./协助/开展/党风廉政/教育/、/警示/教育/及/廉洁/文化/建设/相关/工作/。/2/./参与/党建/责任制/考核/，/督促/各/党支部/落实/整改/要求/。/二/、/工会工作/1/./负责/制定/公司/工会/年度/、/季度/工作/计划/与/预算/，/并/组织/实施/；/定期/进行/工作/总结/与/汇报/，/确保/工会工作/有序/开展/。/2/./负责/策划/、/组织/并/实施/各类/员工/文体活动/（/如/运动会/、/兴趣小组/、/节日/庆典/等/）/、/技能/竞赛/、/团队/建设/活动/等/，/营造/积极/健康/的/企业/文化氛围/。/3/./准确/理解/并/贯彻落实/上级/工会组织/的/工作/部署/和/要求/；/保持/与/上级/工会/的/日常/沟通/与/汇报/，/积极争取/资源/与/支持/。/4/./负责/工会/员工/关怀/与/服务/、/宣传/推广/、/经费/管理/等/相关/工作/。/【/任职/要求/】/1/./政治素质/过硬/：/中共党员/，/熟悉/国有企业/党建/和/行政/管理/流程/。/2/./文字/能力/强/：/具备/优秀/的/公文/写作能力/，/能/独立/完成/党建/工作/报告/、/年度/总结报告/、/会议纪要/等/材料/。/3/./组织协调/能力/：/擅长/会议/管理/、/活动/策划/，/具备/较强/的/执行力/和/沟通/能力/。/4/./具有/2/年/及/以上/工会/、/党群/、/行政/或/相关/工作/经验者/优先/，/熟悉/工会/法律法规/及/工作/流程者/尤佳/。/5/./本科/以上学历/，/985///211/优先/。/（/来自/马克/数据网/）
54229,通联支付网络服务股份有限公司,"岗位/隶属/通联/支付/全资/子公司/华智/资本/，/招聘/对象/为/2026/年/应届/毕业生/，/一周/需/实习/4/天及/以上/，/为/转正/实习/岗/。/岗位职责/：/1/、/负责/已/投/项目/日常/投后/管理/、/跟踪/尽/调和/投后/检查/等/工作/；/2/、/参与/私募/基金/季度/、/年度/等/定期/报告/的/披露/工作/，/负责/私募/基金/各项/数据/统计/和/基金/信息/披露/、/变更/和/维护/工作/；/3/、/参与/公司/管理/基金/的/运营/管理工作/，/包括/工商/注册/、/基金/备案/、/银行/开户/、/文本/撰写/、/流程/管理/、/项目/退出/、/基金/清算/和/档案管理/等/；/4/、/协助/参与/人工智能/、/半导体/、/智能/制造/等/行业/项目/的/投研/尽调/等/工作/；/5/、/协助/参与/监管部门/、/托管/行及/合作/渠道/等/各方/的/对接/和/沟通/工作/；/6/、/完成/领导/交办/的/其他/任务/。/任职/要求/：/1/、/本科/及/以上学历/，/限/财会/、/法律类/专业/，/持/CPA/、/法律/职业资格/优先/；/2/、/具备/基金/从业/资格/，/具有/私募/基金/运营/管理/或/投后/管理/相关/实习///工作/经验/优先/；/3/、/熟悉/私募/基金/管理/相关/政策法规/，/了解/私募/基金/产品设计/，/并/具有/良好/的/逻辑思维/；/4/、/熟练掌握/office/办公/软件/，/熟练/运用/AI大/模型/工具/；/5/、/品行端正/、/严谨/负责/、/勤奋/踏实/，/专业/功底/扎实/，/主动/学习/能力/强/，/沟通/能力/和/执行力/突出/，/具有/较强/的/团队/合作/意识/。/杭州/华智融科/投资/管理/有限公司/（/以下/称/“/华智/资本/”/）/，/成立/于/2018/年/4/月/，/注册资本/5/,/488/万元/，/于/2018/年/11/月/完成/私募/股权/基金/管理/人/注册/登记/。/华智/资本/是/专注/于/数字/金融/、/人工智能/和/大/数据/等/领域/的/专业/私募/股权/投资/机构/，/凝聚/了/国内/一流/的/专业/管理/团队/，/团队/成员/均/来自/于/国内外/知名/投行/机资管/机构/，/围绕/人工智能/、/数字/技术/、/大/数据/等/前沿/科技领域/，/深入/洞悉/相关/行业/的/发展趋势/，/准确/把握/各/细分/赛道/的/投资/机会/。"
54551,上海静安太保家园养老服务有限公司,岗位职责/1/./熟练掌握/民政/九十/项/，/统筹/迎检/筹备/、/陪同/对接/，/记录/反馈/检查/问题/。/2/./跨部门/收集/合规/材料/，/核查/完整性/与/准确性/，/及时/归档/。/3/./开展/内部/自查/，/出具/问题/清单/与/整改/建议/。/4/./跟踪/整改/进度/，/同步/政策/更新/，/推动/流程/优化/与/合规/培训/。/任职/要求/1/./大专/及/以上学历/，/老年/服务/管理/等/相关/专业/优先/。/2/./一年/以上/有/上海/养老/机构/质检/、/合规/或/民政/检查/对接/经验者/优先/。/3/./具备/跨部门/沟通/协调/能力/，/严谨/细致/，/抗压性/强/。/4/./熟练/使用/Office/办公/软件/，/掌握/基础/档案管理/技能/。
78099,中粮期货,工作/职责/：/1/、/负责/机构/、/产业/及/个人/客户/的/开发/，/完成/公司/下达/的/各项/绩效考核/指标/；/2/、/负责/客户/的/服务/和/维护/，/有效/解决/客户/相关/业务/需求/，/为/客户/提供/专业/咨询/、/答疑/等/，/做好/客户/相关/指导/服务/工作/；/3/、/负责/组织/并/策划/相关/产业/会议/、/客户/沙龙/等/市场/活动/；/4/、/完成/领导/交办/的/其他/工作/。/任职/要求/：/1/、/本科/及/以上学历/，/市场营销/、/经济/、/金融/专业/优先/;/2/、/有/原油/、/咖啡/等/品种/生产/及/贸易/相关/企业/从业/经验/或/开发/经验/优先/；/3/、/具备/较/好/团队/配合/能力/和/执行/能力/，/敏锐/的/市场/观察力/和/客户/开发/能力/，/良好/的/沟通/能力/和/学习/能力/;/4/、/工作/细致/、/严谨/有/责任心/，/抗压/能力/强/，/具有/团队/合作/精神/及/敬业精神/；/5/、/具有/期货/从业/资格证者/优先/。
54501,中国太平洋财产保险股份有限公司,课题/名称/：/AI伴生/风险/业务/发展/及风控/的/课题/研究/课题/简介/：/科技/保险/是/落实/金融/“/五篇/大/文章/”/中/科技/金融/的/重要/领域/，/也/是/公司/服务/国家/战略/、/支持/实体/经济/、/助力/突破/“/卡脖子/”/技术/的/关键/。/为/增强/科技/保险/经营/的/专业性/，/提升/对/科技/企业/赋能/与/服务/的/精准度/，/需/聚焦/人工智能/等/前沿/科技领域/，/系统/开展/对/AI伴生/风险/业务/发展/及风控/的/专题研究/，/以/强化/风险/识别/与/保障/能力/。/通过/本/课题/研究/，/我们/将/能/精准/识别/、/量化/并/管理/这些/新兴/风险/，/从而/将/风险/挑战/转化/为/服务/机遇/，/为/AI企业/提供/坚实/的/风险/保障/，/巩固/公司/在/科技/保险/领域/的/专业/引领者/地位/。/招聘/要求/：/1.2023/年/1/月/至/2026/年/6/月/期间/毕业/的/博士/研究生/；/2/./专业/背景/：/人工智能/、/算力/等/相关/专业/；/3/./研究/技能/：/能够/在/相关/产业链/流程/和/运营/风险/中/，/识别/可保/风险/，/能够/将/生产/风险/与/保险/风险/匹配/与/划分/，/能够/建立/对/可保/风险/的/评估/方法/，/能够/支持/科技/保险产品/创新/与/发展/。/关注/微信/公众/号/马克/数据网
90035,中国人寿保险股份有限公司,我们/正在/寻找/一位/专业/的/保险/顾问/，/负责/为/客户/提供/全面/的/保险/咨询/和/规划/服务/。/工作/内容/：/1/./分析/客户/的/保险/需求/，/并/提供/合适/的/保险/解决方案/；/2/./与/客户/沟通/，/解释/保险条款/和/计划/；/3/./为/客户/提供/续保/、/理赔/等/售后服务/；/4/./参与/保险产品/的/推广/和/营销/活动/。/岗位/要求/：/1/./具备/良好/的/保险/知识/和/产品/了解/；/2/./优秀/的/沟通/能力/和/客户服务/技巧/；/3/./有/责任心/，/能够/处理/客户/的/咨询/和/投诉/；/4/./具备/团队/合作/精神/和/良好/的/职业道德/。
3797,昆明滇清生物科技发展有限公司,【/工作/内容/】/-/负责/公司/车辆/的/日常/驾驶/及/收运/任务/，/确保安全/、/准时/完成/各项/出车/任务/；/-/保持/车辆/整洁/，/定期检查/车辆/状况/，/确保/行车/安全/；/-/配合/公司/安排/，/完成/货物/或/人员/的/接送/及/运输/工作/；/-/遵守/交通法规/和/公司/相关/管理制度/，/维护/企业/良好形象/。/【/任职/要求/】/-/持有/B2/及/以上/驾驶证/，/具备/良好/的/驾驶/技术/；/-/无/重大/交通事故/记录/，/熟悉/交通法规/；/-/工作/认真负责/，/具备/良好/的/沟通/能力/和/团队/协作/精神/；/-/不/限/工作/经验/，/欢迎/有/相关/经验者/优先/考虑/；/-/身体健康/，/能/适应/长期/驾驶/工作/。
21231,广州侨绿固废循环利用科技有限公司,岗位职责/：/1/./负责/及时/、/准确/地/完成/电气设备/的/日常/维修/与/保养/工作/，/快速/响应/并/处理/突发/故障/，/为/生产/运行/提供/可靠/保障/。/2/./定期/执行/电气设备/的/巡检/、/保养/及/相关/记录/工作/，/确保/设备/始终/处于/良好/状态/。/3/./负责/电气设备/的/安装/、/改造/、/调试/及/试运行/工作/，/保障/设备/及时/、/顺利/投入/生产/使用/。/4/./开展/配电/箱柜/的/定期/巡检/与/记录/，/确保/配电/系统/稳定/，/保障/生产/正常/运行/。/5/./推动/并/落实/现场/设备/相关/不/符合/项/的/整改/工作/，/提升/设备/运行/合规性/与/安全性/。/6/./负责/厂区/空调设备/的/检修/与/维护/工作/，/保障/空调/系统/稳定/运行/。/7/./高效/完成/上级/交办/的/其它/临时性/工作/任务/。/岗位/要求/：/1/、/50/岁/以下/，/持/个人/有效/高/、/低压/电工证/，/机电/一体化/中专/以上学历/，/具备/3/年/以上/机电/维修/工作/经验/，/能/看得懂/基本/的/图纸/，/具备/PLC/、/电气/检修/专业知识/；/2/、/动手/能力/强/，/能/独立/处理/电气设备/故障/，/较强/的/事故/判断/和/处理/能力/；/3/、/强烈/的/敬业精神/和/责任感/，/良好/的/团队/合作/意识/，/工作/认真负责/，/责任心/强/，/能/吃苦耐劳/，/服从/上级/安排/；/4/、/要/能/适应/根据/公司/需要/进行/加班/或者/倒班/、/动手/能力/强/、/能/吃苦耐劳/5/、/有/空调/维修/经验/优先/考虑/。
73100,重庆汇贤优策科技有限公司,国企/上市公司/，/福利待遇/完善/，/工作/稳定/，/福利/多多/！/工作/内容/：/1/、/热水/项目/的/成本/控制/，/提升/项目/收益/2/、/水控/设备/等/相关/设备/及时/巡查/，/发现/问题/及时处理/3/、/项目/内部/所有/设备/的/维护/及/保养/4/、/设备/系统/相关/参数设置/及/调整/5/、/相关/水电/数据/收集/分析/任职/要求/：/1/、/中专/及/以上学历/，/50/岁/以下/2/、/水电/维护/相关/经验/1/年/以上/，/具备/较强/的/电工/专业知识/，/有/电工证/3/、/有/较/强/的/管理/思维/和/运营/思维/4/、/主动性/和/责任心/较强/5/、/主要/负责/南京/理工大学/项目/相关/设备/运营/维护/维保/工作/来自/马克/数据网
50427,上海东方明珠广播电视塔有限公司,1/、/确保/电视塔/内/所有/暖通/设备/、/厨房设备/、/给排水/系统/，/电视塔/设备/正常/运行/。/2/、/落实/塔内/所/管辖/设备/设施/的/维修保养/工作/。/3/、/及时/了解/、/记录/相关/设备/运行/状态/、/维修/计划/、/技术参数/状况/，/排除故障/过程/。/4/、/严格遵守/相关/设备/各项/安全/操作规程/。/5/、/立争/做到/迅速/排除/设备/故障/，/配合/领班/及时/修订/完善/安全/防范措施/。/6/、/积极/参加/班组/活动/，/努力/用/一流/技术/、/一流/态度/、/为/电视塔/内/各/部门/提供/一流/的/服务/。/（/1/）/20/-/45/岁/，/工作/经验/5/年/以上/，/有/企业/、/商场/或/商务楼/工作/经验/；/（/2/）/中专/以上/暖通/专业/学历/，/有/中央空调/、/VRV空调/和/家用空调/的/相关/专业/理论/基础/和/维护/能力/；/（/3/）/持有/电工证/、/制冷/中级/以上/证书/。
47289,雅安祥源碧峰峡旅游有限公司,【/工作/内容/】/-/负责/公司/或/项目/现场/的/水电/设备/安装/、/维护/及/检修/工作/；/-/定期检查/水电/系统/运行/情况/，/确保/设备/正常/运作/；/-/根据/安排/完成/临时性/水电/施工/任务/；/-/配合/其他/工程/人员/完成/相关/工作/，/保障/项目/顺利进行/。/【/任职/要求/】/-/无需/相关/工作/经验/，/有/责任心/和/良好/的/团队/协作/精神/；/-/具备/基本/的/水电/知识/和/动手/能力/，/能/独立/完成/简单/维修/任务/；/-/身体健康/，/能/适应/现场/工作/环境/，/吃苦耐劳/；/-/持有/电工证者/优先/，/但/非必须/条件/。/（/来自/马克/数据网/）
7683,东莞市浔兴拉链科技有限公司,生产/计划/岗位/描述/：/1/./T100系统/订单/抛单/与/审核/等/2/./主/计划表/接单/导入/与/完工/订单/消单/工作/、/交期/协调/更新/、/排查/欠料/，/3/./制定/日/计划表/4/./异常/信息处理/、/回复/5/./汇总/各/车间/日/计划/的/达成/情况/6/./完成/上级领导/临时/安排/的/各项/工作/岗位/要求/：/1/./有/pmc/相关/工作/经验/，/会/操作/erp/系统/；/2/./工作/强度/比较/大/。/需要/工作/时/积极主动/、/责任心/强/、/能/抗压/、/具备/沟通/协调/和/数据分析/能力/、/高效/独立/完成/工作/任务/；/3/./接受/加班/，/懂/电脑/基本/运用/；/工作/时间/：/周一/-/周五/：/08/:/30/-/12/:/00/13/:/30/-/18/:/00/周六/：/8/:/30/-/12/:/30/5.5/天制/，/不/提供/食宿/，/给予/食宿/补贴/850/购买/社保/，/食宿/补贴/，/工龄/奖/，/年/假/，/节假日/礼品/./来源/：/马/克/团/队
7686,上海浔兴拉链制造有限公司,【/工作/内容/】/1/、/负责/压铸/生产线/的/日常/管理/与/调度/，/确保/生产/任务/按时/完成/；/2/、/监督/压铸/工艺流程/，/保证/产品质量/和/生产/效率/；/3/、/协调/团队/成员/，/提升/团队/协作/能力/和/工作效率/；/4/、/参与/设备/维护/与/异常/处理/，/保障/生产/设备/正常/运行/。/【/任职/要求/】/1/、/拉链/行业/压铸/相关/工作/经验/5/年/以上/，/其中/两年/领班/管理/经验/；/2/、/具备/良好/的/学习/能力/和/责任心/；/3/、/具备/一定/的/沟通/协调/能力/，/能/带领/团队/完成/生产/任务/；/4/、/工作/态度/积极/，/能/适应/倒班/工作/安排/；/5/、/有/较/强/的/责任心/和/抗压/能力/，/能够/适应/生产/现场/的/工作/环境/。/。/来自/：/www/./macrodatas/./cn
57175,虹湾家居科技有限公司,工作/内容/：/负责/公司/的/保洁/工作/，/包括/定期/清洁/办公室/、/维护/公共/区域/清洁/等/。/主要职责/：/-/负责/公司/办公室/、/公共/区域/等/的/日常/清洁/和/维护/；/-/定期检查/并/清洁/公司/的/设备/和/设施/；/-/与/其他/部门/配合/，/如/定期/举办/公司/活动/，/协助/其/进行/清洁/工作/；/-/保持/对/清洁/工作/的/积极态度/，/具有/较强/的/责任心/；/-/遵守/公司/的/清洁/工作/规定/，/并/执行/相关/的/清洁/程序/。/职位/要求/：/-/有/一定/的/保洁/工作/经验者/优先/；/-/具备/良好/的/沟通/能力/；/-/具有/较强/的/责任心/。/。/关注/公众/号/马/克/数/据/网
7679,福建浔兴拉链科技股份有限公司,岗位职责/：/1/、/参与/产品质量/提升/、/成本/下降/、/效率/提升/和/损耗/下降/方面/的/设备/改进/立项/工作/；/2/、/做好/设备/设施/改进/和/开发/中/的/设备/及其/部件/加工/跟踪/，/设备/工艺/记录/和/技术/积累/，/；/3/、/评估/样机/或/样品/的/评估/和/试验/检测/、/参数/收集/分析/及/正式/生产/和/相关/支持/；/4/、/参与/设备/设施/改进/过程/技术/方案/的/策划/、/技术/措施/的/评估/、/技术/图纸/的/绘制/、/设备/工艺/技术参数/的/收集/；/5/、/完成/上级/下达/的/各项/临时/任务/。/任职/要求/：/1/、/大专/以上学历/，/5/年/以上/非标/机械/开发/相关/经验/；/2/、/具备/旧/设备/改造/或/新/设备/开发/的/工作/经验/；
68226,上海瑞华晟新材料有限公司,任职/要求/1/./中专///技校/以上学历/，/数控/、/模具/、/机械/相关/专业/，/35/岁/以下/；/2/./能/熟练/操作/CNC机床/（/三轴///四轴///五轴/）/，/两年/以上/CNC操机/经验/；/3/./具备/设备/调试/经验/优先/，/具备/编程/经验/优先/，/4/./能够/能/根据/工艺/要求/完成/零件/的/装夹/、/对刀/、/加工/，/能够/识别/和/解决/加工过程/中/常见问题/（/如/刀具/磨损/、/尺寸/偏差/、/设备/异常/报警/等/）/优先/；/5/./熟悉/法兰克/FANUC系统/的/编程/指令/和/操作/面板/。/6/./能/适应/加班/和/倒班/。/薪资/待遇/：/底薪/（/7K/左右/）/+/加班费/+/餐补/（/25/元///餐及/加班/餐补/）/+/13/薪/+/五险/一金/工作/地址/：/上海市/宝山区/北蕴川路/777/号数/智/宝地/·/罗泾园/A6栋
45577,安信基金管理有限责任公司,岗位职责/：/1/、/负责/内容/投放/、/编辑/、/文案/校对/等/工作/，/协助/做好/用户/陪伴/工作/；/2/、/负责/线上/活动/策划/、/品牌/宣传/，/协助/做好/用户服务/工作/。/任职/要求/：/1/、/学习/能力/强/，/优先/考虑/市场营销/、/金融/、/经济/、/数据/治理/等/专业/；/2/、/责任心/强/，/具备/较/好/的/文字/创作/能力/和/互联网/思维/，/在/内容/策划/上/具有/创新/思维/、/能/对/数据/结果/分析/优化/；/3/、/对公/募/基金/行业/感兴趣/，/未来/考虑/在/互联网/金融/领域/就业/。/马/克/数/据/网
127,芜湖赢诺液压科技有限公司,岗位职责/：/1/、/负责/公司/产品/的/海外/销售/，/开发/并/维护/客户关系/；/2/、/收集/市场/信息/，/分析/市场需求/，/制定/销售策略/；/3/、/处理/客户/询盘/、/报价/、/订单/确认/等/日常/业务/操作/；/4/、/跟踪/订单/进度/，/协调/解决/销售/过程/中/出现/的/问题/；/5/、/定期/进行/市场调研/，/反馈/市场动态/。/岗位/要求/：/1/、/大专/及/以上学历/，/机械加工/及/制造/相关/专业/优先/；/2/、/具有/1/-/3/年/外贸/业务/工作/经验者/优先/；/3/、/良好/的/英语/听说读写/能力/，/能够/流利/沟通/；/4/、/具备/较强/的/市场/敏感度/和/开拓/能力/，/能够/独立/完成/销售/任务/；/5/、/有/良好/的/团队/协作/精神/和/客户服务/意识/；/6/、/能够/适应/出差/，/具备/较强/的/学习/能力/和/抗压/能力/。/（/来源/马克/数据网/）
45561,五矿证券有限公司,岗位职责/:/1/./根据/公司/业务/发展/战略/，/挖掘/金属/矿业/领域/的/投资/机会/；/2/./负责/矿权/资产/的/挖掘/、/评估/、/并购/及/开发/投资/，/重点/布局/新能源/矿产/（/锂///镍///钴/）/、/钾/磷/铜/等/矿种/；/3/./参与/矿权/交易/结构设计/，/协调/法律/团队/完成/矿权/合规性/审查/及/交割/；/4/./参与/矿业/基金/的/募/、/投/、/管/、/退全/流程/管理/，/包括/基金/策略/设计/、/标的/筛选/、/地质/尽调/、/估值/建模/、/投决/执行/和/投后/管理/等/；/5/./完成/领导/安排/的/其他/工作/。/任职/要求/:/1/./硕士/研究生/及/以上学历/，/金融/、/经济/与/金属/矿业/等/相关/理工科/专业/复合/背景/优先/；/2/./具有/5/年/以上/矿业/领域/投资/相关/经验/，/有/3/年/以上/地质/勘察/单位/资源/评估/和/现场/作业/工作/经验/，/熟悉/矿业/权证/获取/流程/及/关键/风险/点/；/3/./熟悉/矿业/基金/特有/条款/，/如矿权/抵押/、/资源量/对/赌/、/承购/协议/绑定/等/；/4/./具有/良好/的/自驱力/、/组织协调/能力/和/沟通/能力/，/具备/较强/的/产业/资源/优先/。
83491,北京指南针科技发展股份有限公司,1/./帮助/客户/安装/、/讲解/软件/，/介绍/软件/各项/功能/使用/，/解决/客户/使用/软件/过程/中/的/问题/2/./引导/、/陪伴/客户/听/服务/课程/，/完成/免费/客户/向付/费/客户/的/转换/3/./负责/存量/客户/的/维护/工作/，/完成/客户服务/升级/4/./负责/向/客户/提供/与/证券/经纪/业务/相关/的/服务/工作/数据/由马/克/数/据/整理
110,贝特瑞（四川）新材料科技有限公司,1/./制定/与/优化/石墨化/工艺/规程/、/作业/指导书/及/工艺/参数/，/监督/现场/执行/情况/；/2/./负责/石墨化/生产/过程/中/的/工艺/调试/、/问题/分析/与/解决/；/3/./跟进/石墨/化炉/运行/状态/，/参与/设备/选型/与/改造/建议/；/4/./开展/工艺/试验/与/数据分析/，/推动/石墨化/效率/提升/、/能耗/降低/与/成本/优化/；/5/./协助/新品/试制/，/完成/石墨化/工序/的/工艺/设计/与/量产/转化/；/6/./培训/操作/人员/，/提升/团队/工艺/执行/规范性/；/7/./配合/质量/部门/进行/产品/异常/分析/、/改进/方案/制定/与/效果/跟踪/。/职位/要求/：/1/./本科/及/以上学历/，/材料科学/与/工程/、/无机/非金属材料/、/冶金/工程/、/化学工程/等/相关/专业/；/2.1/年/以上/石墨化/工艺/相关/经验/（/负极/材料/、/特种/石墨/、/碳素/制品/等/行业/）/；/3/./熟悉/石墨化/原理/、/工艺/路线/及/关键/质量/控制点/；/4/./具备/良好/的/数据分析/能力/，/能/使用/Minitable/、/Excel/等/工具/进行/工艺/统计/。
80980,山高荃银供应链管理有限公司,岗位职责/：/1/./负责/资金/结算/与/账户/管理/，/审核/各类/合同/付款/申请/，/办理/内外部/资金/往来/、/备用金/及/借款/业务/；/保管/现金/、/票据/、/发票/等/有价证券/，/办理/银行/结算/。/保管/银行/账户/资料/，/办理/账户/开立/，/变更/，/销户/手续/。/2/./每周/编制/资金/周报/，/按/业务/发生/顺序/逐笔/记录/收支/金额/，/凭证/号/，/摘要/，/结出/当周/余额/，/提交/财务主管/3/./每季/初/核对/银行/对/账单/与/日记账/，/编制/《/银行存款/余额/调节/表/》/，/排查/未达/账项/并/跟进/处理/。/4/./每月/初/及时/编制/粮食/收储/费用/结算/单/、/实时/编制/红旗手/业务/结算/单/。/5/./做好/会计/原始凭证/、/账册/、/报表/等/会计/档案/的/整理/、/归档/工作/，/协助/完成/公司/其他/相关/工作/。
23612,安徽荃银高科农业产业有限公司,安卓/开发/岗位职责/：/1/./基于/Flutter/进行/iOS///Android/移动/端/App/开发/，/实现/完整/的/界面/交互/效果/，/实现/功能/需求/，/独立/完成/Android/、/iOS/应用/的/开发/工作/；/2/./熟练/使用/安卓/UI组件/、/自定义/UI/，/界面/布局/，/对/Android/程序/性能/优化/，/内存/优化/，/机型/适配/有/一定/经验/；/3/./热爱/前端/，/精通/htmI5/、/css3/、/javascript/(/ES6///ES7/)/、/nodejs/、/vue3/等/前端开发/技术/，/熟悉/常用/前端/框架/;/4/./熟悉/Flutter/、/Dart/语言/，/熟练/使用/各种/UI组件/并/进行/UI开发/；/5/./熟练/Flutter/相关/API/及/第三方/框架/，/对/现有/Flutter/应用/进行/性能/分析/和/优化/；/任职/要求/：/1/./2/年/以上/android/实际/开发/经验/；/2/./能够/使用/Fluter/进行/跨平台/的/移动/端/开发/，/参与/过/实际/Flutter/项目/开发/；/3/./熟悉/vue/框架/，/能够/使用/常用/的/框架/进行/前端/页面/开发/和/交互/；/4/./熟悉/FlutterApp/上线/到/Google/Play/和/Apple/Store/的/流程/；/5/./熟悉/git/版本控制/，/善于/发现/和/解决问题/；/6/./责任心/强/，/具备/良好/的/沟通/与/表达能力/；/。/（/来源/马克/数据网/）
80979,安徽省皖农种业有限公司,岗位职责/：/1/、/执行/公司/的/要求/，/负责/种子/从/田间/生产/到/加工/成/成品/，/协助/所有/与/种子/生产/和/加工/有关/的/工作/。/2/、/检/査/、/监督/种子/质量/，/确保/种子/质量/。/3/、/制定/种子/生产/技术/方案/，/实施/种植/计划/并/进行/种植/跟踪/、/记录/。/4/、/制作/整理/与/基地/生产/相关/的/技术/文档/。/5/、/生产/关键期/驻点/指导/，/及时发现/问题/并/监督/协助/除杂/、/病虫害/防治/等/田间管理/工作/。/6/、/协助/销售/部门/解答/客户/问题/，/宣讲/产品/知识/。/7/、/完成/上级领导/安排/的/其它/任务/。/任职/资格/：/1/、/本科/及/以上学历/，/农学/等/相关/专业/。/2/、/有/团队/合作/精神/，/能/吃苦耐劳/，/工作/积极主动/，/责任心/强/。/3/、/需要/驻外/工作/，/介意者/勿/投/。
5045,云南宣晟种业有限公司,1/./高效/完成/销售/单据/的/出库/及/结算/全/流程/操作/，/保障/业务/流转/顺畅/；/2/、/保障/生产/-/销售/-/库存/-/财务数据/链路/准确/，/定期/盘点/核查/，/确保/账实/一致/；/3/、/积极响应/总部/数据/需求/，/精准/收集/、/系统/整理/经营/分析/的/所/需/底稿/数据/，/为/公司/战略决策/提供/有力/数据/支撑/；/4/、/具有/优秀/的/沟通/协调/能力/，/能够/高效/对接/跨部门/工作/;/拥有/强烈/的/自我/驱动/与/责任心/，/可/适应/公司/快速/发展/节奏/，/积极/迎接挑战/；/5/、/熟练/操作/财务软件/及/名类/办公/软件/，/熟悉/NCC系统/功能模块/及/操作/流程/，/具备/较强/的/数据处理/、/逻辑/分析/与/问题/解决/能力/，/可/独立/完成/信息/维护/与/系统管理/工作/。/财会类/专业/大专/以上学历/，/持有/会计/初级职称者/优先/；/因/工作/性质/特殊/，/本/岗位/涉及/大宗/商品/盘点/需/攀爬/作业/，/根据/《/劳动法/》/和/《/女职工/劳动保护/特别/规定/》/，/基于/以上/录用/条件/的/实操/要求/，/以下/情况/人员/不/符合/岗位/录用/条件/：/妊娠期/或/哺乳期/内/；/患有/高血压/、/心脏病/、/眩晕/症/等/可能/影响/高空作业/安全/的/慢性/疾病者/；/存在/肢体/功能障碍/或/平衡/能力/异常者/；/其他/经/医疗机构/认定/不/适宜/从事/高空/、/高强度/作业/的/身体状况/。
5049,湖南运达实业集团有限公司,岗位/类别/：/行政///人力/、/财务///投融资/、/法务/、/工程/管理///计划/成控/、/设计/（/建筑///室内///景观/）/、/招采/、/信息技术/、/运营///策划/、/销售/等/招聘/要求/：/1/、/2026/届/应届/毕业生/，/本科/及/以上学历/；/2/、/中文///新闻///行政/文秘///人力资源///财务///金融///法律///土木工程///建筑学///艺术设计///计算机/与/信息技术///工商管理///市场营销///酒店/管理/等/专业/；/3/、/*/*/*/，/综合/潜力/强/，/有/良好/的/沟通/表达能力/，/在校/有/学生会/、/社团/等/经验者/优先/；/4/、/高度/认同/运达/企业/文化/，/愿意/长期/发展/。/薪酬/福利/：/年薪/8/-/30/万/，/均/可/享有/五险/一金/、/带薪/年/假/、/节日/礼金/、/交通/和/通讯/补贴/、/免费/工作餐/、/免费/健身房/、/助学金/、/助困/金等/基本/福利/。/加入/公司/“/三/核心/”/团队/，/另/可/享受/车补/、/房补/等/一系列/特别/福利/。
29513,上海雪榕生物科技股份有限公司,1/)/核心/职责/1/、/团队/搭建/与/运营/：/负责/从/0/-/1/搭建/抖音/等/平台/的/直播/运营/团队/，/包括/主播/、/助播/、/场控/、/内容/策划/等/岗位/的/培训/与/日常/管理/。/2/、/资源/与/经验/：/需/自带/经过/验证/的/、/有效/的/达/人/资源/网络/，/特别/是/有/成功/推动/过高客/单价/大/健康///滋补品/带货/的/案例/。/3/、/策略/制定/与/执行/：/深度/研究/目标/人群/与/竞品/（/冬虫夏草/、/大/健康/食品/、/保健品/）/，/制定/差异化/的/直播/运营/策略/、/月度///季度/排期/及/预算/规划/，/并/确保/高效/落地/。/能/基于/不同/产品/特性/，/构思/差异化/的/渠道/策略/。/4/、/全/流程/操盘/：/统筹/短/视频/内容/引流/、/直播/策划/与/执行/、/数据/复盘/及/优化/全过程/。/能/策划/科普化/、/沉浸式/直播/内容/，/以/专业/内容/建立/高端/健康/产品/的/用户/信任/。/5/、/私域/流量/沉淀/与/转化/：/设计/并/执行/将/公域/流量/（/直播间/、/短/视频/）/沉淀/至/私域/（/企业/微信/、/社群/）/的/路径/，/实现/精细化/用户/运营/与/复购/提升/。/6/、/合规/与/风控/：/确保/所有/直播/话术/、/短/视频/及/宣传/物料/严格遵守/《/广告法/》/及/平台/规定/，/严禁/对/普通/食品/进行/疾病/治疗/或/保健/功效/的/虚假/宣传/，/规避/类似/行业/内/的/合规/风险/。/2/)/任职/要求/1/、/3/-/5/年/以上/电商/直播/运营/经验/，/其中/至少/2/年/以上/团队/管理/经验/。/必须/拥有/已/验证/的/大/健康///滋补品/垂类/达/人/资源/网络/及/成功/合作/案例/。/2/、/精通/抖音/平台/运营/与/流量/机制/，/具备/出色/的/数据分析/、/内容/策划/和/用户/增长/能力/。/有/高客/单价/（/非标/品/）/操盘/经验者/优先/。/3/、/具备/成熟/的/私域/流量/搭建/与/变/现实/操/经验/，/能/设计/完整/的/“/公域/引流/-/私域/沉淀/-/复购/转化/”/闭环/。/4/、/具备/出色/的/内容/策划/能力/，/能/将/复杂/的/健康/知识/（/如/菌株/、/成分/）/转化/为/易懂/、/可信/的/直播/和/短/视频/内容/。/5/、/对/健康/滋补/行业/有/热情/，/坚守/合规/底线/，/深刻理解/冬虫夏草/等/高端/产品/的/信任/建立/模式/。/3/)/备注/1/、/有/成功/操盘/过/从/0/到/1/孵化/品牌/直播间/，/并/将/其/发展/为/稳定/销售/渠道/经验者/优先/。/2/、/对/冬虫夏草/或/其/所在/的/高端/滋补品/行业/有/深入/了解者/优先/。/公司/提供/午餐/、/晚餐/补贴/、/话费/补贴/、/下午茶/、/公司/宿舍/、/节假日/红包/、/生日礼品/等/福利/。
83825,重庆市南川华绿生物科技有限公司,1/、/具备/良好/的/计划/、/组织/、/统筹/、/协调/能力/，/文字/功底/深厚/。/2/、/办公/软件/操作/：/熟练/使用/WORD/、/EXCEL/、/PPT/等/办公/软件/。/3/、/沟通/能力/：/原则性/强/、/执行力/强/、/沟通/能力/强/。/4/、/法律/知识/：/熟悉/国家/人事/劳动/法规/、/人力资源/政策/、/人才/市场动态/。/5/、/其他/要求/：/处理/突发事件/能力/，/在/规避/企业/风险/方面/有/专长/，/能/独立/处理/突发事件/及/劳动/争议/。/6/、/其他/技能/：/熟悉/行政/人资/工作/的/各大/模块/，/包括/招聘/、/培训/、/绩效/管理/、/薪酬/福利/管理/等/。/福利待遇/：/五险/、/包吃包住/、/月/休/4/天/、/专业培训/、/绩效/工资/、/工龄/工资/、/带薪/年/假/，/每月/15/日/准时/发放/工资/。/工作/地址/：/重庆市/南川/区/大观/镇/中医药/产业园/区/神农/路/16/号/（/高德/、/百度/地图/可/搜索/导航/）/搜索/马/克/数/据/网
73657,未米生物科技（青岛）有限公司,岗位职责/：/1/./负责/植物/基因/编辑/相关/技术/的/应用/与/改良/，/利用/CRISPR///Cas/等/系统/进行/靶向/基因/编辑/，/并/在/原生质/体/水平/或/稳定/转化/植株/水平/进行/功能/验证/。/2/./利用/蛋白质/研究/技术/（/如/蛋白质/表达/、/纯化/及/功能分析/等/）/，/在/蛋白/水平/验证/基因/编辑/效果/及/目标/基因功能/。/3/./熟练/运用/基础/生物/分子/实验/技术/，/完成/载体/构建/、/突变体/的/分子/鉴定/及/表型/分析/。/4/./熟练/阅读/英文/文献/，/跟踪/领域/前沿技术/。/岗位/要求/：/1/./硕士/及/以上学历/，/植物学/、/分子生物学/、/生物/技术/、/遗传学/、/农学/等/相关/专业/；/2/./熟练/运用/包括/但/不/限于/原核///真/*/*/*/白/表达/与/纯化/、/Western/Blot/、/核酸/提取/、/PCR/、/电泳/、/分子/克隆/、/载体/构建/等/基础/生物/分子/实验/技术/；/3/./熟练掌握/植物/原生质/体/分离/、/转化/、/瞬时/表达/及/功能分析/等/全套/实验/技术/；/4/./具备/设计/实验/、/分析/数据/及/解决/技术难题/的/能力/；/5/./良好/的/学习/能力/和/沟通/能力/，/团队/协作/能力/。
79820,天水众兴菌业科技股份有限公司,职位/描述/1/./统筹/公司财务/体系/，/包括/核算/、/税务/、/资金/、/预算/及/财务报告/；/2/./制定/年度/财务计划/，/监控/月度/经营/目标/达成/情况/，/预警/风险/；/3/./优化/资本/结构/，/管理/融资/渠道/及/现金流/安全/；/4/./对接/审计/、/券商/、/银行/、/税务/及/监管/机构/，/确保/各项/业务/合规/；/5/./参与/重大/投资决策/，/提供/财务/模型/与/收益/分析/支持/等/。/岗位/要求/：/1/./学历/要求/-/大专/及/以上学历/，/财务/、/会计/、/审计/或/经济类/相关/专业/；/会计工作/经验丰富者/可/适当/放宽/至/大专/学历/。/2/./资质证书/-/必须/持有/会计/从业/资格证/（/或/已/融入/职称/体系/：/初级职称/）/；/-/中级/会计职称/优先/。/3/./工作/经验/-/1/年/以上/会计类/岗位/工作/经验/；/-/具备/制造业/会计核算/经验/，/参与/过/成本/分配/与/结转/。
42443,甘肃大有农业科技有限公司,【/工作/内容/】/-/负责/植物/组织培养/的/接种/、/分苗及/日常/管理/；/-/按照/操作规程/进行/无菌/操作/，/确保/实验/环境/洁净/；/-/协助/完成/种苗/的/观察/记录/与/数据/整理/；/-/配合/团队/完成/实验室/的/日常/维护/与/设备/管理/。/【/任职/要求/】/-/工作/认真细致/，/责任心/强/，/能/适应/重复性/劳动/；/-/有/组培/相关/工作/经验者/优先/考虑/。
75472,西王食品(北京)有限公司,岗位职责/：/1/、/负责/公司/前台/接待/及/电话/接转/；/2/、/收发/传真/，/复印/文档/，/收发/信件/、/报刊/、/文件/等/；/3/、/及时/更新/和/管理/员工/通讯地址/和/电话号码/等/联系/信息/；/4/、/受理/会议室/预约/，/协调会议/时间/，/下发/会议/通知/，/布置/会议室/；/5/、/负责/订水/、/订报/，/信件/、/包裹/的/安排/及/与/快递/公司/的/联系/；/6/、/负责/各级/主管/交办/出差/安排/等/各项/工作/；/7/、/完成/上级/交给/的/其它/事务性/工作/。/任职/资格/1/、/形象/气质佳/；/2/、/熟悉/前台/工作/流程/，/熟练/使用/各种/办公自动化/设备/；/3/、/工作/热情/积极/、/细致/耐心/，/具有/良好/的/沟通/能力/、/协调/能力/，/性格开朗/，/待人/热诚/；/4/、/熟练/使用/相关/办公/软件/。
19351,正大食品（襄阳）有限公司,一/、/岗位职责/：/1/、/开发/区域/内/的/市场/；/2/、/维护/与/客户/的/关系/；/3/、/提升/正大/品牌形象/。/二/、/任职/要求/：/1/、/专科/及/以上学历/、/年龄/28/岁/以内/；/2/、/乐观/开朗/、/积极向上/、/*/*/*/；/3/、/逻辑/思考/与/语言表达/能力/强/；/4/、/能/吃苦/、/有/团队/意识/。/三/、/薪资/待遇/：/1/、/薪资/：/6K/-/15K/（/基本工资/+/绩效/工资/+/差旅/补助/）/2/、/福利/：/五险/一金/+/年度/调薪/+/年终奖金/+/带薪/学习/+/健康/体检/四/、/工作/地点/：/湖北省/内/各/地级市/（/鄂州/、/黄冈/、/黄石/、/咸宁/等/）
79933,正大饲料(衡水)有限公司,岗位/内容/：/1/./组织/管理/生产/车间/日常/生产/活动/，/实现/高质量/、/高效率/的/生产/目标/。/2/./对/生产/过程/进行/监控/，/确保/符合/公司/的/产品/标准/和/工艺流程/。/3/./控制/生产成本/，/降低/废品率/，/并/在/管理/方面/推进/业务流程/优化/。/4/./制作/并/完善/生产/报告/和/KPI报表/，/对/生产/进展/进行/分析/评估/。/5/./积极参与/改善/计划/，/为/公司/的/持续/发展/提供/更/多/的/想法/和/建议/。/任职/要求/：/1/./机械/、/自动化/等/相关/专业/，/本科/及/以上学历/。/2/./至少/3/年/以上/的/生产/管理/经验/，/对/生产/管理/流程/和/方法/有/清晰/认识/。/3/./具备/良好/的/沟通/和/团队/协作/能力/，/能够/领导/成功/启动/和/管理/项目/。/4/./熟悉/生产/应用/系统/，/掌握/基本/的/数据分析/和/报表/制作/技能/。/5/./执行/结果/导向/，/重视/团队/协作/和/企业/文化/，/能/适应/快节奏/和/高压/的/工作/环境/。/。/马/克/数/据/网
3984,河南双汇投资发展股份有限公司,【/工作/内容/】/负责/主要/负责/公司/货物/的/运输/及/配送/工作/，/确保/货物/准时/、/安全/地/送达/指定/地点/;/根据/订单/情况/规划/合理/的/行车/路线/，/提高/送货/效率/;/4.2/米/货运/需要/自己/装卸/；/定期/对/车辆/进行/保养/和/维护/，/保证/车况/良好/，/确保/行车/安全/;/及时/反馈/运输/过程/中/出现/的/问题/，/并/提出/改进/建议/;/保持良好/的/服务态度/，/与/客户/建立/良好/的/合作/关系/，/【/任职/要求/】/持有/有效/的/C/证及/以上/驾照/，/具备/2/年/以上/长途/驾驶/经验/，/45/岁/以下/熟悉/交通规则/及/路况/信息/，/具有/一定/的/地图/使用/能力/;/具备/良好/的/身体素质/和/心理素质/，/适应/长时间/驾驶/及/户外工作/;/工作/认真/负麦/，/吃苦耐劳/，/能够/适应/弹性/工作/时间/;/诚实/守信/，/有/较/强/的/安全意识/和/服务/意识/:/具备/良好/的/沟通/协调/能力/和/团队/合作/精神/。
3866,新希望六和股份有限公司,"全面/负责/成本/相关/工作/的/管理/及/核算/,/包括/但/不/限于/1/、/生产/单据/、/其他/出入库/单据/检查/、/废旧物资/及/销售/原料/的/核价/、/对账/及开/票/并/督促/回款/。/2/、/水电/气/等/能耗/核销/,/生产/人员/工资/审核/及/计提/,/联产品/成本/分摊/,/新/品系数/维护/、/报表/产量/与/统计/产量/复核/等/月/结/准备/工作/,/协助/共享/总账/完成/成本/结/账/工作/。/3/、/日常/成本/测算/及/过程/成本/管理/:/3.1/深入/车间/,/参与/新/产品/试生产/成本/控制/,/包括/小试/、/中试/、/中试/、/批量生产/过程/成本/数据/收集/对比/,/以及/后续/新品/定价/管理/及/持续/盈亏/分析/,/并/及时/反馈/。/3.2/关注/生产/耗用/情况/;/开展/理论/与/实际成本/分析/。/3.3/经营/日报/、/成本/报表/编制/,/以及/总部/安排/的/指标/、/报表/提供/。/。/来自/马克/数据网"
78075,广西宁福新能源科技有限公司,一/、/岗位职责/1/、/根据/产品/入库/计划编制/订单/发货/计划/，/并/依据/客户/交付/要求/合理/调度/物流/车辆/；/2/、/依据/销售/订单/办理/订单/交货单/，/做好/订单/发货/的/合规/手续/办理/及/签收/单/回执/管控/；/3/、/建立/规范/的/物流/发运/台账/，/做好/阶段性/物流/发运/信息/及/成本/分析/；/4/、/月度/物流/运费/核对/与/结算/，/回执单/据/审核/与/归档/；/5/、/建立/规范化/的/订单/出货/台账/，/能够/开展/各/阶段/数据/的/多维分析/；/6/、/物流/发运/往返/在/途/情况/的/全程/跟进/，/服务/市场/及/客户/需求/信息/的/联动/，/并/做好/产品/包装物/往返/的/专项/管控/。/二/、/任职/资格/1/、/本科/及/以上学历/，/物流/管理/、/工商/管等/相关/专业/；/2/、/2/年/以上/物流/工程师/、/物流/专员/、/经营/岗位/等/相关/岗位/实际/工作/经验/；/3/、/熟悉/产品/出货/流程/及/ERP/等/信息系统/操作/；/4/、/具有/良好/的/规划/执行/能力/、/沟通/协调/能力/、/较强/的/分析/、/抗/压力/能力/；/5/、/能够/熟练/使用/各种/相关/办公/软件/。/更/多/数据/：/搜索/马克/数据网/来源/：/www/./macrodatas/./cn
24881,武汉华森塑胶有限公司,岗位职责/：/1/、/主导/项目/定点/后/开发计划/的/制定/和/实施/；/2/、/组织/评审/活动/：/项目/启动/、/产品设计/评审/、/模具设计/评审/、/小批量/试/做/、/包装/方案/评审/；/3/、/输出/BOM/、/产品/分析/表/；/4/、/制定/产品/及/材料/试验/计划/，/并/推进/试验/认可/；/5/、/主导/客户/PPAP认可/、/包装/认可/；/6/、/新/项目/设计/的/变更/的/下发/及/跟踪/；/7/、/主导/新/项目/按计划/完成/内部/转产/；/8/、/项目/开发/问题/点/的/记录/及/跟踪/；/9/、/参与/出货/评审/等/；/10/、/项目/成本/管理/；/11/、/技术/资料/输出/：/分析/表/、/开发计划/、/项目/小组/成员/清单/、/DFMEA/、/特殊/特性/清单/、/过程/流程图/、/PFMEA/、/控制/计划/、/客户/包装/方案/、/试验/计划/&/amp/;/报告/、/项目/转产/移交/清单/相关/资料/等/。/任职/资格/：/（/1/）/学历/：/大学本科/及/以上学历/，/材料/、/机械工程/等/相关/工科/专业/。/（/2/）/专业知识/技能/：/熟悉/电池/包/隔热/绝缘材料/工艺/、/对/其/相关/产品/的/生产/、/设备/、/检测/有/实际/工作/经验/；/能/结合/电池/包/客户/要求/提出/合理/的/保温/隔热/绝缘/解决方案/。/（/3/）/工作/经验/：/汽车行业/OEM主机厂/、/电池/包厂/或/电池/包/配套/隔热/绝缘材料/供应商/2/年/以上/的/项目///产品开发/工作/经验/，/熟悉/新/产品开发/流程/，/有/新/产品/可行性/分析/、/技术/交流/、/问题/解决/经验/，/有/动力电池/相关/产品开发/经验/优先/。/（/4/）/素质/能力/：/具备/TR交流/PPT资料/写作能力/，/逻辑思维/能力/，/独立思考/能力/，/沟通/能力/，/抗压/能力/，/组织协调/能力/等/，/性格外向/，/善于/交流/，/形象气质/谈吐/佳/，/适应/随时/出差/需求/。
30922,江苏正丹化学工业股份有限公司,岗位职责/：/1/、/负责/公司/生产/所/需/原料/的/采购/；/2/、/负责/收集/新/材料/的/应用/信息/，/做好/市场/分析/，/随时/掌握/国家/相关/产品/的/标准/和/政策/变化/，/做好/政策/分析/，/为/公司/决策/提供/有/价值/信息/；/3/、/负责/加强/与/供应商/的/沟通/与/联络/，/确保/货源充足/，/供货/质量/稳定/，/交货/时间/准确/；/4/、/负责/根据/生产/计划/、/资金/情况/、/实际/需要/情况/，/编制/采购计划/。/5/、/服从分配/，/听从指挥/，/并/严格遵守/公司/的/各项/规章制度/和/有关/规定/；/任职/要求/：/1/、/男女/不/限/，/本科/及/以上学历/，/化学工程/与/工艺/、/化学材料类/相关/专业/；/2/、/具有/化工类/进出口/相关/操作/经验者/优先/；/3/、/具有/高/的/个人/素质/修养/，/一切/以/公司/大局/为重/；/4/、/沟通/能力/强/，/性格开朗/、/阳光/。/职位/福利/：/五险/一金/、/免费/班车/、/绩效奖金/、/周末/双休/来自/马/-/克/-/数/-/据
10606,上海浓辉化工有限公司,【/工作/内容/】/-/负责/公司/整体/国内/与/海外/人才/招聘/工作/的/规划/与/执行/，/确保/人才/引进/的/及时性/与/质量/；/-/与/各/部门/沟通/协作/，/明确/岗位/需求/，/制定/招聘/计划/并/组织/实施/；/-/拓展/和/维护/招聘/渠道/，/优化/招聘/流程/，/提升/招聘/效率/；/-/参与/面试/流程/设计/及/人员/评估/，/协助/完成/入职/相关/工作/。/【/任职/要求/】/-/本科/及/以上学历/，/人力/资源管理/、/心理学/或/相关/专业/优先/；/-/具备/良好/的/沟通/协调/能力/和/团队/合作/精神/；/-/对/招聘/流程/熟悉/，/有/较/强/的/责任心/和/执行力/；/-/英语/可/做/为/工作/语言
26279,山东国瓷功能材料股份有限公司,（/更/多/数据/，/详见/马克/数据网/）/工作/职责/:/1/./负责/IATF/16949/质量/管理体系/的/建立/、/实施/、/维护/与/持续/改进/，/组织/内部/审核/及/管理/评审/工作/；/2/./统筹/体系/文件/的/编制/、/修订/与/有效性/管控/，/确保/符合/IATF/16949/标准/及/汽车行业/客户/特定/要求/；/3/./应用/APQP/、/PPAP/、/FMEA/、/MSA/、/SPC/等/核心/工具/，/支持/产品开发/、/生产/过程/监控/及/风险/预防/；/4/./协同/各/部门/开展/体系/运行/数据分析/、/不/符合/项/整改/及/纠正/预防措施/落实/；/5/./组织/IATF/16949/专项/培训/，/提升/团队/质量/意识/与/合规/执行/能力/；/6/./对接/第三方/认证/机构/及/客户/审核/，/配合/完成/外部/审核/问题/整改/与/证书/维持/。/任职/资格/:/1/./本科/及/以上学历/，/机械工程/、/车辆/工程/或/相关/专业/，/具备/3/年/以上/汽车行业/质量/管理体系/工作/经验/；/2/./精通/IATF/16949/标准/，/持有/IATF/16949/内审员/资格证书/，/熟悉/五大/核心/工具/应用/；/3/./具备/良好/的/流程/优化/、/文件/编写/及/跨部门/协作/能力/，/熟练/使用/办公/软件/及/质量/管理工具/；/4/./熟悉/主流/汽车/客户/质量/要求/（/如/大众/Formel/Q/、/通用/BIQS/等/）/，/能/有效/处理/客户/审核/问题/；/5/./具有/较强/的/责任心/、/逻辑思维/能力/和/持续/改进/意识/，/能/独立/推动/体系/落地/与/优化/；/6/./遵守/国家/法律法规/，/无/违法违纪/记录/，/认同/企业/合规/文化/。
68358,中复神鹰（上海）科技有限公司,岗位职责/：/1/、/参与/完善/和/维护/质量/管理体系/及/标准化/流程/落地/，/并/开展/二/、/三方/审核/工作/。/2/、/负责/对/过程/监控/情况/进行/收集/、/整理/及/初步/分析/，/提出/改进/要求/；/协助/开展/内审/、/管评/等/评价/工作/。/3/、/负责/监督/、/检查/制造/体系/过程/中/的/执行/情况/，/出具/符合性/判定/，/管理/检查/问题/项/的/整改/及/关闭/验证/。/4/、/参与/产品/生产/控制/环节/的/质量/控制/过程/，/负责/相关/文件/及/标准/的/编审/及/完善/，/并/在/后期/量产/中/落实/且/具有/时效性/。/5/、/负责/内外部/问题/的/衔接/和/推动/，/协助/质量/事件/和/不合格品/的/管理/及/措施/改善/工作/。/6/、/负责/对/各项/制造/体系/数据/进行/梳理/分析/，/完成/相关/质量/数据/的/分析/报告/，/对/风险/进行/预警/。/任职/要求/：/1/）/本科/及/以上学历/，/3/-/5/年/质量/管理/、/制造类/相关/工作/经验/。/2/）/掌握/SPC/\/FMEA/\/MSA/，/较强/的/数据/统计分析/能力/3/）/熟悉/GJB/-/9001///AS9100体系/标准/，/熟悉/二/、/三方/审核/流程/4/）/能/服从/跟产/加班
4244,常州纵慧芯光半导体科技有限公司,职位/描述/：/1/./协助/组织/销售/部门/工作/每周/例会/，/完成/并/跟踪/落实/每次/例会/的/会议纪要/；/2/./配合/完成/部门/报价/、/样品/申请/、/接受/处理/订单/等/工作/；/3/./与/公司/其他/部门/协作/负责/国内外/客户/订单/、/FCST/及/交付/工作/，/包括/但/不/限于/回签/确认/订单/，/销售/出货/，/开票/，/售后服务/跟踪服务/；/4/./配合/部门/完成/体系/资料/以及/相关/审核/工作/；/5/./配合/部门/完成/每月/的/销售/报表/、/数据/汇总/工作/；/6/./配合/客户经理/管理/客户/需求/，/维护/稳定/的/客户关系/；/7/./配合/客户经理/做好/客户/需求/的/管理/和/跟踪/，/跟踪/市场/环境/和/竞争对手/情况/职位/要求/：/1/、/英语/四级/及/以上/2/、/1/-/3/年/以上/销售/或/市场/助理/工作/经验/；/3/、/认可/创业/公司/的/实干/文化/，/踏实/肯干/。/自我/职业/发展/方向/明确/，/思路清晰/。/4/、/具备/一定/自我/学习/能力/，/熟悉/MS/OFFICE/的/使用/和/电脑操作/能力/5/．/善于/组织协调/沟通/、/有/较/强/的/工作/责任心/、/上进心/和/承担性/。/马/克/数/据/网
9806,泰和新材集团股份有限公司,工作/职责/:/（/一/）/市场/战略/与/规划/1/、/基于/国家/消防/法规/、/应急/管理/政策/及/市场需求/，/制定/防火/安全/屋/项目/年度///季度/市场/销售/战略/、/业绩/目标/与/行动计划/，/明确/市场/细分/（/政府/端/、/企业/端/、/家庭/端/等/）/、/目标/客户/定位/（/政府/应急/部门/、/房地产/开发商/、/工业园区/、/学校/医院/、/高端/社区/家庭/等/）/、/销售/预测/及/预算/方案/。/2/、/结合/行业/特性/设计/并/优化/销售/模式/（/直销/、/消防工程/渠道/合作/、/应急/管理/部门/联盟/、/安防/代理商/合作/等/）/与/销售/政策/，/适配/防火/安全/屋/B2B/与/B2C双赛/道/业务/拓展/需求/。/3/、/跟踪/消防/行业/政策/更新/、/市场竞争/动态/（/同类/安全/屋/产品/、/替代/解决方案/）/，/及时/调整/市场策略/，/确保/项目/市场/竞争力/。/（/二/）/团队/建设/与/管理/1/、/招募/、/培训/、/激励/和/管理/高绩效/市场/销售/团队/（/含大/客户经理/、/渠道/经理/、/区域/销售/代表/、/家庭/端/推广/专员/等/）/，/打造/兼具/消防安全/专业知识/与/销售/能力/的/复合型/团队/。/2/、/设定/清晰/的/团队/与/个人/业绩/指标/（/OKR///KPI/）/，/聚焦/防火/安全/屋/项目/特性/，/涵盖/大/客户/签约/、/渠道/拓展/、/家庭用户/转化/等/维度/，/开展/日常/辅导/、/绩效/管理/与/人才/发展/计划/。/3/、/塑造/“/合规/为先/、/专业/赋能/、/协作/共赢/”/的/团队/文化/，/强化/成员/对/防火/安全/标准/、/产品/核心/优势/（/防火/材料/、/逃生/设计/、/合规/认证/）/的/认知/与/推广/能力/。/（/三/）/业务/开拓/与/过程/管控/1/、/领导/团队/开拓/新/市场/、/新/渠道/、/新/客户/，/重点/攻坚/政府/应急/采购/项目/、/房地产/配套/安全/屋/工程/、/工业园区/应急/改造/、/老旧/小区/防火/升级/等/核心/场景/，/维护/并/深化/重点/战略/客户/（/政府部门/、/大型/房企/、/园区/管委会/等/）/关系/。/2/、/建立/并/完善/适配/防火/安全/屋/的/销售/流程/（/含/线索/挖掘/、/需求/对接/、/合规/审核/、/方案/定制/、/招投标/跟进/、/签约/交付/、/回款/闭环/）/，/通过/CRM系统管理/销售/漏斗/，/监控/政策/对接/、/认证/审核/、/项目/验收/等/关键/节点/，/开展/精准/业务/预测/与/风险/管控/。/3/、/亲自/参与/重大/政府/项目/、/标杆/企业/客户/的/谈判/与/签约/，/协调/解决/项目/推进/中/的/合规性/问题/、/技术/适配/需求/等/核心/障碍/。/（/四/）/跨部门/协同/与/市场/反馈/1/、/与/营销/部门/紧密/协同/，/围绕/消防/宣传日/、/应急/演练/活动/等/场景/策划/推广/活动/，/确保/销售/线索/有效/转化/，/同时/反馈/市场/对/宣传/内容/、/推广/形式/的/需求/。/2/、/与/产品/研发/团队/深度/合作/，/传递/一线/客户/对/防火/安全/屋/的/功能/诉求/（/如/容纳/人数/、/逃生/通道/优化/、/智能化/监控/适配/、/便携性/设计/等/）/、/消防/法规/更新/要求/，/推动/产品/迭代/升级/与/合规/认证/优化/。/3/、/协同/交付/安装/、/技术支持/、/财务/等/部门/，/确保/防火/安全/屋/合同/合规/交付/、/安装/验收/通过/、/回款/及时/，/提升/客户/满意度/与/复购///推荐/意愿/。/（/五/）/体系化/建设/1/、/建立/和/完善/防火/安全/屋/项目/销售/管理制度/、/渠道/激励/方案/、/专业培训/体系/（/含/消防/法规/、/产品/知识/、/招投标/流程/、/应急/场景/解决方案/）/、/销售/工具/库/（/合规/文件/、/案例/手册/、/招投标/资料/模板/）/与/知识库/。/2/、/分析/销售/数据/（/如/不同/客户/类型/转化率/、/区域/政策/适配/度/、/产品/功能/需求/热度/）/，/持续/优化/销售策略/、/流程/效率/与/团队/专业/能力/，/适配/行业/政策/与/市场需求/变化/。/任职/资格/:/（/一/）/基本/要求/1/、/本科/及/以上学历/，/消防安全/工程/、/市场营销/、/公共安全/管理/、/商业/管理/等/相关/专业/优先/。/2/、/8/年/以上/市场/销售/工作/经验/，/5/年/以上/销售/团队/管理/经验/，/具备/防火/安全/、/消防设备/、/安防/工程/、/应急/救援/装备/等/相关/行业/B2B大/客户/销售/及/团队/管理/成功经验者/优先/，/熟悉/消防/行业/政策法规/与/市场/生态/。/3/、/持有/消防/行业/相关/认证/（/如/消防/工程师/证书/、/招投标/从业/资格证书/）/者/优先/。/（/二/）/核心/能力/1/、/具备/敏锐/的/行业/洞察力/与/战略规划/能力/，/能/精准/把握/消防/政策/导向/、/市场需求/痛点/，/制定/适配/防火/安全/屋/项目/的/差异化/市场策略/，/有/从/0/到/1/搭建/或/规模化/拓展/行业/销售/团队/的/成功经验/。/2/、/卓越/的/领导力/与/团队/激励/能力/，/能/带领/团队/应对/政策/变动/、/项目/招投标/竞争/等/高压/场景/，/完成/挑战性/业绩/目标/。/3/、/出色/的/大/客户/谈判/技巧/、/复杂/项目管理/能力/，/熟悉/政府///企业/招投标/流程/，/能/有效/协调/资源/推动/重大项目/落地/。/4/、/精通/销售/方法论/与/CRM工具/，/具备/强大/的/数据分析/与/决策/能力/，/能/通过/数据/优化/销售/漏斗/、/控制/销售/周期/、/提升/回款/效率/。/5/、/具备/深厚/的/客户关系/维护/能力/，/能/快速/建立/并/深化/与/政府部门/、/大型/企业/、/渠道/伙伴/的/长期/合作/关系/。/6/、/了解/防火/安全/屋/核心/产品/知识/（/防火/材料/、/合规/标准/、/功能设计/）/，/能/快速/理解/客户/应急/安全/需求/并/匹配/解决方案/。/（/三/）/素质/要求/1/、/强烈/的/结果/导向/与/责任意识/，/坚守/合规/底线/，/重视/产品安全/与/客户/权益/。/2/、/具备/良好/的/跨部门/沟通/协作/能力/，/能/推动/技术/、/交付/、/营销/等/多/团队/高效/配合/。/3/、/适应/行业/特性/，/能/接受/必要/的/出差/与/项目/现场/对接/工作/。
7235,华峰集团上海工程有限公司,岗位职责/：/1/、/负责/给排水/专业/设计/工作/；/2/、/负责/向/相关/专业/提交/设计/条件/，/协调/与/其他/专业/的/配合/，/确保/设计/符合规范/和/实际/需求/；/3/、/负责/编制/给排水/专业/设计/文件/，/负责/完成/给排水/专业/设计/相关/工作/，/参与/图纸/审核/及/现场/施工/问题/的/解决/。/任职/资格/：/1/、/本科/以上学历/，/给排水/科学/与/工程/或/相关/专业/；/2/、/3/年/以上/给排水/设计/工作/经验/；/3/、/良好/的/英文/读写能力/、/基本/的/英语/沟通/能力/（/专业/能力/较/强者/可/放宽/）/；/4/、/熟悉/本/专业/国家/相关/设计规范/及/标准/，/熟练/运用/AutoCAD/等/设计/软件/；/5/、/具备/良好/的/沟通/能力/及/团队/合作/精神/，/责任心/强/；/6/、/有/大中型/化工/项目/的/设计/及/化工/、/石化/设计院/工作/经验者/优先/考虑/；/7/、/有/注册/证书者/优先/考虑/。/（/来自/马克/数据网/）
33274,中简科技股份有限公司,【/工作/内容/】/-/负责/收集/、/整理/和/分析/政府/及/行业/相关/项目/申报/信息/，/确保/公司/及时/了解/并/参与/各类/申报/机会/。/-/撰写/高质量/的/项目/申请报告/，/包括/但/不/限于/资金/申请/、/研发/资助/、/创新/奖励/等/，/以/满足/不同/项目/申报/的/具体/要求/。/-/协调/内部/资源/，/与/各/部门/紧密/合作/，/准备/项目/申报/所/需/的/所有/文档/材料/，/保证/资料/的/准确性/和/完整性/。/-/跟踪/项目/申报/进度/，/定期/向/管理层/汇报/项目/进展/，/以及/任何/可能/影响/申报/结果/的/重要/信息/或/变更/。/-/保持/对/最新/政策法规/的/关注/，/确保/所有/申报/活动/都/符合/现行/法律法规/的/要求/。/-/知识产权/、/商标/管理/。/-/高新技术/企业/相关/工作/跟踪/和/处理/。/【/任职/要求/】/-/本科/及/以上学历/，/专业/不/限/，/但/优先/考虑/理工科/背景/或/化工/、/材料/、/医疗/等/相关/专业/的/候选人/。/-/具备/良好/的/文字/功底/和/较/强/的/沟通/协调/能力/，/能够/独立/完成/项目/申报/文件/的/撰写/与/修改/。/-/工作/态度/认真负责/，/具备/较强/的/学习/能力/和/团队/协作/精神/，/能够/在/快节奏/的/工作/环境/中/高效/工作/。/-/对/项目/申报/流程/有/一定/了解/，/有/相关/工作/经验者/优先/，/但本/岗位/不/设限/工作/经验/，/欢迎/应届/毕业生/加入/。/关注/公众/号/马克/数据网
66965,上海赛伦生物技术股份有限公司,岗位职责/：/1/、/负责/车间/生产/、/技术/、/质量/、/设备/、/安全/等/各项/工作/；/2/、/负责/车间/各项/管理制度/、/程序/文件/和/标准/的/制定/、/培训/的/实施/；/3/、/制定/车间/生产/计划/，/落实/车间/生产/，/掌握/生产/进度/，/保证/车间/生产/任务/保质保量/按时/完成/；/4/、/组织/车间/人员/研究/解决/生产/过程/中/存在/的/工艺技术/和/质量/问题/，/保证/产品质量/，/优化/资源配置/；/5/、/负责/相关/生产/设备/验证/、/工艺/验证/、/清洁/验证/的/实施/工作/；/6/、/参与/偏差/调查/，/对/偏差/进行/分析/，/监督/纠偏/预防措施/的/执行/；/7/、/按/生产工艺/规程/、/岗位/SOP/，/检查/各/工艺/生产/人员/是否/违反/工艺/纪律/；/8/、/完成/生产部/月度/报表/、/月度/小结/、/生产/设施/月/报/等/文件/制定/。/任职/要求/：/1/、/医学/、/生物学/、/药学/等/相关/专业本科/及/以上学历/，/中级/及/以上/专业/技术职称/；/2/、/有/血液制品/、/抗血清/（/抗毒素/）/类产品/5/年/以上/的/实际/生产/管理/经验者/优先/。/来自/马克/数据网
29918,贝达药业股份有限公司,关注/公众/号/马/克/数/据/网/负责/产品/：/曲妥/珠/单抗/、/帕妥/珠/单抗/（/2026/年/2/月/重磅/登场/）/、/泰瑞/西利/（/CDK4///6/抑制剂/）/、/奥福民/（/植物/源/白蛋白/）/等/负责/科室/：/乳腺/外科/、/感染/科/、/肝胆/外科/等/任职/要求/：/1/、/性别/：/不/限/2/、/学历/及/专业/：/大专/及/以上/，/医学/、/药学/相关/专业/优先/3/、/工作/经验/：/3/年/以上/学术/推广/经验/，/肿瘤/药品/推广/经验/优先/4/、/沟通/技巧/与/人际/协调/能力/、/团队/协作/能力/、/执行力/、/学习/与/创新能力/、/应变能力/5/、/其他/：/遇事/稳重/，/进取心/强/，/能/适应/快节奏/与/高强度/的/工作
67158,苏州君实生物医药科技有限公司,1/、/整合/资源/，/挖掘/并/维护/行业/内/高标准/高/规范/的/专业/组织/及/相关/供应商/，/促进/彼此之间/的/合作/交流/和/资源/对接/；/2/、/协助/部门/负责人/完善/、/优化/运营/管理/流程/、/方法/、/工具/等/，/做好/项目/涉及/及/过程/管理/，/为/项目/的/高效/运转/和/结果/产出/提供/制度/保障/。/3/、/和/各/相关/部门/充分/沟通/和/高效/协作/，/对/各/项目/进行/推进/、/监察/，/保障/项目/落地/和/实施/进度/。/4/、/协助/部门/负责人/发现/解决/业务/卡点/，/使/业务/不断/向前/推进/；/同时/，/通过/问题/解决/，/及时/总结经验/、/沉淀/方法/、/优化/流程/，/最终/能/以点带面/、/完善/整体/运营/管理体系/的/建设/。/5/、/对/所/负责/的/业务/包括/项目/、/区域/等/进行/相关/业务/洞察/和/数据分析/，/通过/数据/洞察/与/分析/，/提出/相关/管理/改进/建议/和/意见/，/并/推动/落实/，/确保/相关/业务/版块/进行/持续/的/运营/质量/和/效率/的/改进/和/提升/。/6/、/上级领导/交办/的/其它/相关/工作/。/任职/要求/：/1/、/本科/及/以上学历/，/3/年/以上/医药企业/市场/或/运营/管理/经验/;/2/、/熟悉/了解/行业/规范/，/对/国家/政策/、/法规/条款/有/一定/的/敏感度/；/3/、/有/较/强/的/文字编辑/、/数据分析/及/学习/能力/，/具有/良好/的/执行力/和/沟通/协调/能力/；/4/、/对/工作/充满热情/，/认真细致/，/有/责任心/和/较/强/的/抗压/能力/；/5/、/有/行业/学/协会/基金会/或/相关/配套/资源者/优先/。
64943,国邦医药集团股份有限公司,岗位/描述/常规/工作/：/1/、/网络/维护/：/负责/公司/内部/局域网络/的/维护/和/运行/监控/，/确保/网络平台/的/稳定性/和/安全性/。/这/包括/网络设备/的/配置/、/故障/排查/以及/性能/优化/等/。/2/、/硬件/管理/：/日常/办公设备/、/网络/、/计算机/及/电话/的/日常/维护/和/管理/，/确保/这些/设备/的/正常/运行/。/同时/，/还/需要/处理/与/硬件/相关/的/各种/问题/，/如/设备/选型/、/安装/和/调试/等/。/3/、/系统/支持/：/负责/内部/信息系统/的/建设/、/维护/和/管理/，/包括/域名/、/后台/数据管理/等/。/此外/，/还/需要/提供/员工/IT知识/培训/，/提升/员工/的/技能/水平/。/4/、/安全/管理/：/负责/安全/系统维护/，/了解/和/监督/网络/备份/、/防毒/、/防黑/等/工作/，/确保/公司/信息/的/安全性/。/5/./制度/建设/：/参与/公司/信息化/相关/的/各类/制度/建设/。/信息化/工作/：/1/、/集团/信息化/：/参与/集团/信息化/建设/，/具体/落实/批准/后/的/信息/规划/方案/。/管理/和/维护/集团/的/信息化/设施/，/检查/设施/的/运行状况/。/2/、/信息化/项目/：/参与/集团/信息化/项目/建设/，/具备/良好/的/沟通/协作/能力/和/服务/意识/，/能够/与/其他/部门/有效/合作/，/共同/推动/项目/的/进展/。/3/、/低/代码/开发/：/参与/公司/信息化/低/代码/的/开发/工作/，/根据/业务/需求/进行/系统/设计/和/开发/。/任职/要求/1/./本科/及/以上学历/2/./计算机相关/专业/，/熟练掌握/计算机专业/本/专业知识/3/./熟悉/低/代码/开发/专业知识/4/./了解/计算机化/系统软件/验证/知识
43359,上海复宏汉霖生物技术股份有限公司,工作/职责/1/./负责/指定/临床试验/中心/的/筛选/、/启动/、/日常/监查/和/关闭/等/工作/。/2/./执行/常规/的/现场/监查/访视/、/中心/启动/访视/和/关闭/访视/，/确保/数据/的/准确性/、/完整性/和/合规性/。/3/通过/源/数据/核查/（/SDV/）/确保/病例/报告/表/（/CRF/）/中/的/数据/与/原始/医疗/记录/一致/且/准确/。/4/./确保/所有/临床试验/活动/遵守/研究/方案/、/GCP/、/ICH指南/以及/适用/的/当地/法律法规/。/5/./维护/试验/主/文件/（/ISF/）/和/研究者/文件夹/，/确保/所有/必需/文件/都/已/收集/、/归档/并/符合要求/。/6/./作为/公司/与/临床试验/中心/（/研究者/、/研究/协调员/）/之间/的/主要/联络人/，/及时/沟通/并/解决/试验/过程/中/出现/的/问题/。/7/./定期/向/项目经理/汇报/试验/进展/、/中心/状态/、/发现/的/问题/及/解决方案/。/8/./执行/上级/安排/的/其他/工作/任务/任职/资格/1/./从事/CRA工作/2/年/以上/；/2/./具有/肿瘤/注册/II/，/III期/临床试验/经验/；/3/./良好/的/英文/读写能力/，/能/独立/撰写/英文/监查/报告/；/4/./具备/优秀/的/人际交往/能力/、/团队/合作/精神/和/解决问题/的/能力/。
36783,华厦眼科医院集团股份有限公司,1/./战略规划/与/执行/制定/年度///季度/屈光/项目/运营/计划/，/分解/KPI至/各/分院/并/监督/执行/牵头/开发/数字化/运营/工具/（/如/患者/管理系统/、/医生/协作/平台/）/2/./市场/与/品牌/运营/统筹/屈光/项目/市场/定位/、/活动/策划/及/新/媒体/推广/（/含抖音///小红书/等/平台/）/协调/高校/、/企业/等/渠道/开发/及/客户/二次/转化/3/./医疗/资源管理/优化/专家/会诊/排期/、/设备/调配/及/耗材/供应链/流程/建立/标准化/屈光/服务/SOP/（/含术/前/评估/、/术后/随访/）/4/./数据分析/与/改进/建立/日报///周报///月/报/数据/监控/体系/，/定期/输出/运营/分析/报告/处理/患者/投诉/，/提升/就诊/满意度/（/目标/≥/95%/）/三/、/任职/要求/1/、/学历/专业/：/本科/及/以上/，/眼科学/、/临床医学/或/市场营销/相关/专业/优先/。
13839,上海光正新视界眼科医院投资有限公司,岗位职责/:/1/./能够/熟练/使用/各类/眼视光/设备/进行/验光/、/配镜/；/2/./可/独立/进行/角膜/塑形/镜/的/验配/、/佩戴者/教育/及/回访/等/相关/工作/；/3/./负责/验光/仪器/的/清洁/、/保养/、/调校/及/维护/工作/。/任职/要求/：/1/、/眼视光/技术/相关/专业/，/大专/及/以上学历/，/需/取得/验光/技师/相关/职业/资格证书/或/眼视光/技术/（/师/）/专业/职称/考试者/；/2/、/具备/2/年/及/以上/独立/角膜/塑形/镜验配/经验/。/。/关注/微信/公众/号/马克/数据网
25752,武汉迪安医学检验实验室有限公司,岗位职责/：/1/、/负责/合作/医院/检验科/各项/事务/的/协调/，/协助/科室/建设/；/2/、/检验科/日常/运营/，/做好/客户/的/维护/沟通/；/3/、/订货/及/订单/跟踪/等/问题/的/沟通/协调/处理/以及/项目/对账/回款/；/4/、/协助/临床/上量/工作/5/、/处理/领导/交代/的/其他/工作/；/任职/要求/：/1/、/大专/及/以上学历/，/医学/相关/专业/，/医学/检验/优先/考虑/；/2/、/可/接受/省内/出差/3/、/1/年/以上/医学/检验/相关/工作/检验/，/熟悉/医院/检验科/工作/流程/及/管理/理念/，/有/项目管理/经验/的/优先/考虑/4/、/有/良好/的/沟通/协调/能力/、/抗压/能力/、/学习/能力/、/解决问题/能力/；/。/www/./macrodatas/./cn
91563,天津金域医学检验实验室有限公司,入职/营销/序列/任一/部门/：/市场部/、/常规/业务部/、/大/客户部/，/专项/培养/、/定向/成长/为/营销/高级人才/！/任职/资格/：/本科/及/以上学历/，/临床医学/、/医学/检验/、/基础医学/、/分子生物学/、/预防/医学/、/药学/、/生物学/、/化学/等/相关/专业/你/将/享受/---/1/./入/职后/安排/短期/各/部门/轮岗/实习/，/助力/全面/了解/公司/产品/、/业务流程/2/./资深/导师/一对/一带/教/3/./有/保障/的/薪酬/体系/4/./完善/的/福利待遇/：/六险/一金/、/带薪/年/假/、/婚假/、/各项/生活/补贴/（/交通/补贴/、/话费/补贴/、/用餐/补贴/）/、/生日/福利/（/带薪/假期/及/礼品/）/、/年度/体检/（/家属/体检/享受/优惠/）/、/年度/旅游/、/节日/礼金///礼品/、/红白/礼金/，/生育/礼金
36687,武汉普瑞眼科医院有限责任公司,岗位/要求/：/1/、/负责/网络平台/的/各项/咨询/事宜/以及/电话/咨询/的/接听/、/回访/、/讲解/、/登记/、/统计分析/等/；/2/、/负责/邀约/意向/客户/到院/进行/眼部/检查/，/最终/根据/患者/需求/达成/诊断/治疗/；/3/、/负责/熟练掌握/相关/服务/礼仪/、/技巧/及/客户/沟通/能力/、/掌握/相关/咨询/心理/，/并/能/把握/服务/过程/中/态度/、/讲解/、/劝说/等/环节/的/分寸/和/技巧/；/4/、/根据/聊天记录/给/竞价/和/编辑/提供/合理化/建议/；/5/、/做好/咨询/数据/的/统计/、/分析/工作/，/定期/填报/统计分析/报表/；/6/、/完成/领导/安排/的/工作/。/任职/资格/：/1/、/大专/及/以上学历/，/不/限/专业/；/2/、/有无/经验/均/可/，/有/从事/医疗/行业/咨询/工作/经验者/优先/；/3/、/有/较/强/的/营销/意识/，/敏锐/的/洞察力/，/积极主动/，/善于/沟通/，/具/亲和力/；/4/、/熟练/运用/各类/办公/软件/；/5/、/具有/较强/语言表达/、/爱岗敬业/、/责任心/强/，/具有/团队/合作/精神/，/具备/较强/的/抗压/能力/。/入职/您/可以/享受/：/1/、/基本工资/+/绩效/工资/；/2/、/做五休/二/，/入职/即/缴纳/五险/一金/；/3/、/提供/工作餐/；/4/、/节假日/福利/，/生日/福利/等/；/5/、/不定期/团体活动/：/例如/春游/、/团建/等/；/6/、/入/职满/一年/享受/5/天///年/带薪/年/假/。/联系/我们/：/武汉市/硚口区/中山大道/179/号/武汉/普瑞/眼科医院/（/市内/可乘/地铁/6/号线/M出口/达/）/数据/由马/克/数/据/整理
14946,上海盛通时代印刷有限公司,工作/内容/：/负责/对/印刷/设备/进行/日常/维护/、/故障/排除/，/确保/设备/正常/运行/。/主要职责/：/-/对/印刷/设备/进行/日常/巡检/，/发现/设备/故障/并/及时处理/；/-/根据/设备/厂家/规定/，/定期/对/设备/进行/维护/保养/，/确保/设备/处于/良好/运行/状态/；/-/针对/设备/可能/出现/的/问题/，/进行/是/解决/一切/问题/的/关键性/试验/，/验证/结果/并/及时/向/设备/厂家/反馈/；/-/负责/设备/相关/数据/的/记录/、/整理/，/形成/定期/报告/；/-/遵守/公司/的/安全/、/环保/和/质量/规定/，/确保/设备/的/安全/、/稳定/、/高效/运行/。/职位/要求/：/-/初中/及/以上学历/，/计算机/、/电子/或/机械/等/相关/专业/背景/；/-/不/限/工作/经验/，/有/同类/印刷/设备/维修/经验者/优先/；/-/熟悉/印刷/设备/的/工作/原理/，/具备/一定/的/机械/常识/；/-/具备/一定/的/电路/知识/，/熟悉/电气/自动化/设备/；/-/具备/良好/的/沟通/能力/和/团队/合作/意识/，/能够/接受/工作/中/的/挑战/。
73339,深圳市柏星龙创意包装股份有限公司,基本/要求/：/统招/本科/及/以上学历/，/26/-/38/岁/，/男女/不/限/。/优选/：/市场营销/、/工商管理/、/企业/管理/、/经济学/等/相关/专业/，/具备/系统/的/市场营销/理论/基础/。/经验/要求/：/1/./行业/经验/：/5/年/以上/市场营销/相关/工作/经验/，/同/岗位/工作/经验/3/年/以上/，/熟悉/所在/行业/的/市场/特性/、/渠道/结构/与/用户/群体/，/具备/官网/、/社媒/、/广告投放/等/全/渠道/运营/管理/经验/，/擅长/内容/营销/与/线索/转化/。/2/./管理/经验/：/至少/带领/过/5/人/以上/团队/（/含/策划/、/新/媒体/、/推广/等/细分/模块/）/，/具备/目标/拆解/、/团队/协同/与/绩效/管控/能力/。/曾/带领/团队/完成/市场/增长/目标/，/具备/可/量化/的/业绩/产出/案例/（/如/线索量/、/转化率/、/品牌/影响力/提升/等/）/。/3/./资源/储备/：/具备/优质/的/行业/资源/（/如/媒体/、/渠道商/、/跨界/合作方/等/）/，/能/快速/整合/资源/推动/项目/落地/。/业务/能力/：/1/./市场/洞察/与/行业/分析/能力/①/具备/宏观/行业/视野/，/能/精准/预判/市场趋势/与/竞争对手/、/竞品/动态/，/具备/市场/灵敏度/，/为/企业/战略/调整/提供/依据/。/②/理解/业务/战略目标/，/制定/详细/的/执行/计划/（/如/月度///季度/推广/计划/）/，/并/建立/目标/追踪/与/复盘/机制/，/及时/应对/异常情况/并/优化/策略/。/（/重点/）/③/精通/市场调研/方法/与/工具/，/能/组织/开展/用户/需求/调研/、/消费者/行为/分析/，/精准/提炼/用户/痛点/与/核心/诉求/，/为/产品/定位/与/推广/策略/提供数据/支撑/。/④/具备/强/数据/敏感度/，/搭建/数据/看/板/，/分析/营销/全/链路/数据/（/如/转化率/等/）/，/通过/数据/归因/优化/资源配置/，/实现/降本增效/。/2/./营销策划/与/执行/能力/①/具备/全案/策划/能力/，/能/根据/不同/营销/目标/（/品牌/曝光/、/用户/引流/、/销量/提升/）/，/设计/差异化/的/营销/方案/（/如/内容/营销/、/社群/运营/、/线下/活动/、/跨界/联名/等/）/，/并/统筹/执行/全/流程/。/②/熟悉/数字/营销/工具/与/平台/（/如/信息流/广告/、/SEO///SEM/、/私域/流量/运营/、/直播/营销/等/）/，/能/结合/目标/客群/特性/选择/精准/渠道/，/优化/投放/策略/，/助力/前端/业务/营销/效果/。/3/./团队/管理/与/协同/能力/①/能/制定/合理/的/岗位职责/与/KPI考核/体系/，/激发/团队/积极性/与/创造力/。/②/具备/优秀/的/跨部门/沟通/协作/能力/，/能/清晰/传递/市场策略/与/目标/，/推动/跨部门/项目/协同/，/解决/合作/中/的/分歧/与/问题/，/实现/共同/目标/。/③/具备/年度/市场/预算编制/能力/，/做好/动态/监控/，/确保/费用率/控制/在/目标/范围/内/。/综合/素质/：/1/./结果/导向/和/抗/压力/：/注重/结果/产出/，/以/线索/获取/、/转化/提升/、/市场份额/增长/为/核心/目标/，/具备/强烈/的/目标感/与/执行力/，/能/在/销售/高峰/、/业绩/压力/、/市场/突变/等/环境/下/提供/策略/方案/。/2/./创新/思维/和/学习/力/：/具备/良好/的/创意/思维/和/审美/能力/，/积极探索/创新/营销/模式/，/主动/学习/新/的/营销/方法/与/工具/，/持续/提升/自身/与/团队/的/核心/竞争力/。/3/./沟通/表达/：/能/清晰/撰写/市场/方案/、/数据分析/报告/，/精准/向上/汇报/战略规划/与/成果/，/向下/传递/工作/目标/与/要求/；/逻辑/清晰/，/善于/表达/，/提升/决策/说服力/。/4/./责任心/：/具备/强烈/的/责任心/与/团队/合作/精神/，/能/充分调动/团队/积极性/，/营造/协作/共/赢/的/团队/氛围/。
19231,深圳新宏泽包装有限公司,岗位职责/：/-/负责/机器人/智能化/生产/项目/，/从/需求/调研/、/方案设计/到/落地/交付/、/售后/跟进/，/确保/按时/按质/按/预算/完成/-/统筹/研发/、/生产/、/售后/等/跨部门/资源/，/解决/项目/执行/中/的/技术/、/进度/、/质量/难题/，/推动/高效/协作/-/把/控/项目/技术/可行性/，/熟悉/工业/机器人/与/智能/制造/系统/，/优化/管理/流程/任职/要求/：/-/大专/及/以上/，/机械工程/、/自动化/、/机器人/工程/、/项目管理/等/相关/专业/-/机器人/产业/或/智能化/生产/项目管理/经验/该/岗位/入职/购买/五险/一金/，/大小/周制
8932,重庆宏劲印务有限责任公司,招聘/人数/：/12/人/学历/：/本科/及/以上/年龄/：/30/岁/以下/性别/*/*/*/工作/经验/：/专业对口/且/有/工厂/工作/经历者/优先/其他/要求/：/能/接受/12/小时/白夜/班/，/责任心/强/，/服从安排/工作/地点/：/涪陵区
54339,珠海天威新材料股份有限公司,岗位职责/：/1/./负责/公司/薪酬/体系/的/日常/维护/与/管理/，/包括/薪资/核算/、/发放/、/社保/公积金/缴纳/等/；/2/./参与/绩效考核/体系/的/优化/与/实施/，/跟踪/绩效/指标/达成/情况/，/协助/完成/绩效/评估/及/反馈/；/3/./定期/进行/薪酬/数据分析/，/提供/薪酬/调整/建议/，/确保/公司/薪酬/政策/的/竞争力/；/4/./对接/业务部门/，/解答/员工/薪酬/绩效/相关/疑问/，/确保/政策/的/有效/落地/；/5/./协助/人力资源部/完成/其他/相关/工作/。/任职/要求/：/1/./本科/及/以上学历/，/人力/资源管理/、/财务/、/工商管理/等/相关/专业/优先/；/2/./2/年/以上/薪酬/绩效/相关/工作/经验/，/有/化工行业/经验者/优先/；/3/./熟悉/薪酬/核算/、/绩效/管理/流程/，/熟练/使用/Excel/及/相关/HR系统/；/4/./具备/良好/的/数据分析/能力/，/逻辑/严谨/，/责任心/强/；/5/./良好/的/沟通/协调/能力/，/能/承受/一定/的/工作/压力/。
86417,厦门建发汽车有限公司,1/、/负责/4S店/库存/零配件/的/规范化/管理/；/2/、/负责/零配件/的/入库/验收/；/3/、/负责/零配件/的/出库/审核/，/单据/确认/；/4/、/负责/库存/物资/的/定期/盘点/，/防止/短缺/、/积压/及/不必要/的/损失/；/5/、/及时/汇总/、/分析/库存/情况/并/掌握/本/公司/车辆/业务/需求/，/合理安排/库存/，/确保/售后服务部/业务/的/正常/开展/；/岗位/要求/：/1/、/学历/：/大专/及/以上学历/；/2/、/工作/经验/：/一年/以上/同/岗位/工作/经验/，/熟练掌握/经销商/管理系统/，/有/汽车/4S店/同/岗位/经验者/优先/；/3/、/工作/严谨/认真/，/富有/责任心/，/条理性/和/逻辑性/强/。/马/-/克/-/数据
74840,广之旅,岗位职责/：/1/、/活动/统筹/与/全/流程/管理/：/负责/企业/内外部/活动/的/统筹/、/协调/与/执行/工作/，/涵盖/整体规划/、/计划/制定/、/费用/控制/、/资源/统筹/协调/等/环节/，/独立/完成/活动/方案/的/策划/、/执行/及全/流程/管理/。/2/、/线/上线/下/活动/协助/与/效果/监督/：/协助/开展线/上线/下/活动/的/策划/工作/，/做好/成本/管控/、/组织/筹备/及/合作/洽谈/等/事宜/，/全程/监督/活动/执行/过程/，/确保/达成/预期/效果/。/3/、/活动/评估/与/优化/：/建立/活动/方案/评估/、/执行/跟踪/及/结果/评估/机制/，/配合/需求/部门/开展/活动/策划/，/结合实际/情况/提出/针对性/的/优化/方案/。/4/、/合作/关系/维护/：/维护/公司/与/客户/及/渠道方/的/合作/关系/，/积极/拓展/并/确立/可信赖/的/长期/合作/模式/，/为/活动/开展/奠定/良好基础/。/5/、/其他/工作/：/完成/上级领导/交办/的/其他/相关/任务/。/任职/要求/：/1/、/本科/及/以上学历/，/具有/三年/以上/相关/工作/经验/，/熟悉/各类/活动/制作/物料/及/展会/参展/、/各类/活动/的/流程/与/细节/；/有/旅游/活动/策划/、/旅游/产品策划/工作/经验者/优先/考虑/。/2/、/具备/良好/的/文字/功底/，/可/独立/撰写/活动/策划/方案/，/拥有/较强/的/现场/指挥/组织/能力/、/清晰/的/逻辑思维/及/陈述/能力/。/3/、/具备/出色/的/沟通/、/协调/与/组织/能力/，/善于/人际/交流/，/工作/热情/高且/积极主动/，/能/高效/与/公司/其他/部门/协作/，/共同/推进/项目/完成/。/4/、/优先/条件/：/具备/专业/图片/及/视频/拍摄/及/制作/能力/。/搜索/马/克/数/据/网
33286,广东因赛品牌营销集团股份有限公司,工作/职责/:/1/、/根据/客户/需求/制定/日常/传播/策略/和/传播/执行/方案/。/全面/负责/客户/相关/文案/的/质量/把/控/，/进行/客户/品牌/传播/信息/梳理/，/日常/文字类/工作/整理/等/;/2/、/全面/负责/项目/方案/的/执行/、/项目/时间/及/项目/质量/的/把/控/，/具有/解决问题/的/态度/和/决心/;/3/、/制订/日常/传播/成本/预算/，/带领/团队/高效/高质/的/完成/日常/传播/任务/，/控制/日常/传播/成本/;/4/、/负责/与/客户/的/日常/沟通/，/建立/和/发展/与/客户/的/互信/关系/，/挖掘/与/客户/长期/深度/合作/的/商业机会/。/建立/良好/的/客户关系/，/充分/理解/客户/意图/，/及时/有效/的/完成/客户/需求/;/职位/要求/:/1/、/具有/3/~/5/年/以上/广告/、/公关/、/社会化/媒体/营销/从业/经验/优先/，/有/服务/汽车/客户/经验者/优先/;/2/、/较强/的/理解/与/表达能力/，/思路清晰/擅长/策略/思维能力/，/具有/独立/撰写/方案/和/提案/的/能力/;/3/、/善于/沟通/协调/，/具备/良好/管理/、/创新能力/，/能/承受/较大/的/工作/压力/和/快节奏/的/工作/。/4/、/具有/良好/的/分析/与/解决问题/的/能力/，/有/基本/的/职场/情绪/管理/能力/。
86416,厦门建发物资有限公司,岗位职责/负责/钢材/产品/流通渠道/的/开拓/及/维护/；/业绩/导向/薪酬/无/上限/，/职务/据/适配/情况/核定/，/面议/。/任职/要求/1/、/有/2/年/以上/钢铁行业/从业/经验/，/熟悉/板材/、/建材/等/钢材/产品/，/有/终端/资源/开发/、/业务/模式/创新/或/供应链/项目/落地/实施/等/经验者/优先/；/2/、/学历/为/大专/及/以上/，/有/较/强/的/商务谈判/能力/及/市场/敏锐度/，/吃苦耐劳/、/为/人/诚信/，/责任心/强/。/职位/福利/：/世界/500/强/、/市场化/国企/、/年轻化/团队/、/强/绩效/激励/、/六险/两金/、/各类/补贴/、/定期/体检/、/带薪/年/假
42991,厦门建发化工有限公司,【/岗位职责/】/1/、/负责/公司/指定/单一/品类/（/原油/、/燃料油/或/MTBE/）/的/国际/业务/全/流程/管理/，/包括/市场/开发/、/客户关系/维护/与/业绩/达成/，/确保/聚焦/核心/品类/的/业务/目标/落地/；/2/、/深入/拓展/指定/产品/领域/的/全球/产业链/资源/，/制定/并/执行/策略/，/利用/公司/平台/开发新/客户/与/新/业务/；/3/、/协同/内部/团队/，/推动/业务/高效/落地/，/并/提供/定期/市场/分析/与/商业/洞察/，/支持/管理层/决策/。/【/任职/要求/】/1/、/本科/及/以上学历/，/主修/石油化工/、/国际贸易/、/化学工程/等/相关/专业/优先/；/2/、/3/年/以上/原油/、/燃料油/或/MTBE/中/某/一/品类/的/国际贸易/或/业务/开发/经验/，/具备/该/产品/国际/市场/、/贸易/流程/及/风险管理/的/实操/知识/；/3/、/具备/出色/的/客户/开发/与/商务谈判/能力/，/拥有/成熟/的/客户/或/供应商/网络者/优先/；/4/、/具备/流利/的/英语口语/及/书面/表达能力/，/能够/熟练/使用/英语/进行/日常/工作/沟通/，/可/独立/进行/商务/沟通/、/合同/谈判/及/文书处理/；/5/、/结果/导向/，/具备/优秀/的/跨/团队/协作/能力/、/数据分析/能力/和/抗压/能力/。
75811,北京和展能源有限公司,1/、/岗位职责/（/1/）/负责/建筑/、/吊装/工程/安全/、/质量/、/进度/控制/工作/。/（/2/）/负责/编制/建筑/、/吊装/工程进度/计划/，/跟踪/落实/实施/。/（/3/）/负责/编制/建筑工程/质量/工艺/策划/，/落实/实施/。/（/4/）/参加/建筑/工程施工/招标/工作/，/落实/材料/设备/排产/、/供应/及/进场/时/点/。/（/5/）/负责/建筑工程/资料/收集/和/工程/各/工序/及/阶段性/验收/工作/，/负责/监理/实施细则/、/施工/组织/设计/及/专项/方案/的/审核/工作/。/（/6/）/负责/与/建筑/、/吊装/工程/相关/的/进度款/支付/审核/工作/。/（/7/）/协助/施工/过程/中/建筑/、/吊装/工程/洽商/与/变更/的/工程量/审核/工作/。/（/8/）/配合/成本部/进行/建筑工程/结算/工作/。/（/9/）/负责/建筑/工程施工/图纸/的/审核/与/优化/工作/。/（/10/）/协助/在/建筑施工/过程/中/对/主要/施工/材料/的/询价/工作/（/11/）/协助/成本部/进行/施工单位/决算书/工程量/的/审核/工作/。/（/12/）/负责/环保/、/水保/的/现场/指导/工作/。/（/13/）/与/各/部门/专责/协同/，/完成/项目/建设/。/（/14/）/配合/风电场/并网/手续/办理/工作/。/（/15/）/配合/监理/工作/，/管控/参建方/工作/质量/。/2/、/任职/资格/（/1/）/土木工程类/相关/专业本科/以上学历/，/具备/建造/师资格/优先/。/（/2/）/10/年/以上/土建/专业/施工现场/技术/质量/岗位/管理工作/经验/，/有/风电/项目/工作/经验/。/（/3/）/了解/风电/工程/基本/施工/流程/，/熟悉/建筑工程/专业/国家/规范/、/标准/、/图集/等/技术/文件/。/（/4/）/熟练掌握/办公/软件/及/工程/相关/软件/。/（/5/）/有/较/强/的/组织协调/能力/与/良好/的/沟通/能力/。/（/16/）/完成/领导/安排/的/其他/工作/。
75805,北京和展能源有限公司,来源/：/百度/搜索/马克/数据网/。/岗位/要求/：/1/、/在/项目经理/的/要求/下/，/负责/项目部/技术/、/质量/管理工作/，/对/工程技术/、/质量/负/全面/技术/责任/；/2/、/组织/贯彻执行/国家/和/上级/颁发/的/技术规范/、/规程/、/标准/及/有关/规定/。/3/、/组织/编制/并/审核/项目/的/施工/组织/设计/、/专项/施工/方案/、/技术/措施/、/并/随时/检查/、/监督/和/落实/。/4/、/负责/组织/图纸/会审/、/技术/交底/和/技术/复核/工作/。/5/、/负责/组织/项目/质量/计划/的/编制/、/审核/、/修改/工作/。/6/、/负责/组织/项目/质量检查/，/主持/质量事故/的/调查/和/处理/，/监督/制定/纠正/和/预防措施/的/实施/情况/。/7/、/主持/项目/的/技术/、/质量/工作/会议/，/领导/和/组织/技术/、/质量/人员/学习业务/，/不断/提高/技术/、/质量/人员素质/。/8/、/完成/领导/交办/的/其它/事项/。/任职/要求/：/（/1/）/专科/及/以上学历/，/电力系统/及其/自动化/等/相关/专业/；/（/优秀/的/可/适当/放宽/学历/）/（/2/）/5/年/以上/电力工程/技术/管理/经验/，/能/主导/项目/技术/方案设计/、/技术难题/攻克/；/（/3/）/熟悉/电力/工程施工/规范/及/验收/标准/，/有/风电/、/光伏/、/储能/项目/总工/经验/优先/。/（/4/）/需/持有/一级/建造师/（/全国/）///二级/建造师/（/河北/）/（/建筑///机电///电力/）/证书/，/特别/优秀/适当/放宽/。/（/5/）/具备/技术/团队/带领/经验/。/（/6/）/C1驾驶证/。
75809,北京和展能源有限公司,1/、/岗位职责/（/1/）/负责/所属/项目/电气/安装/、/调试/工程/安全/、/质量/、/进度/控制/。/（/2/）/编制/电气/安装/工程进度/计划/，/跟踪/落实/实施/。/（/3/）/负责/编制/电气/安装/、/调试/工程质量/工艺/策划/，/落实/实施/。/（/4/）/参与/编制/电气工程/招标/文件/，/收集/并/审核/设备/技术规范/书/，/参加/电气/安装/工程施工/招标/工作/，/参与/电气设备/技术规范/书及/设备/技术/协议/签订/工作/。/（/5/）/参与/电气设备/合同/审核/，/负责/落实/材料/设备/排产/、/供应/及/进场/时/点/。/（/6/）/负责/电气/安装/、/调试/工程/工序/及/各/阶段/验收/工作/，/负责/监理/实施细则/施工/组织/设计/及/专项/方案/的/审核/工作/。/（/7/）/负责/与/电气/安装/工程/相关/的/进度款/支付/审核/工作/。/（/8/）/协助/施工/过程/中/电气/安装/工程/洽商/与/变更/的/工程量/审核/工作/。/（/9/）/配合/成本部/进行/电气工程/结算/工作/。/（/10/）/负责/电气/安装/施工/图纸/的/审核/与/优化/工作/。/（/11/）/协助/在/电气/安装/、/调试/施工/过程/中/对/主要/施工/材料/的/询价/工作/。/（/12/）/协助/成本部/进行/施工单位/决算书/工程量/的/审核/工作/。/（/13/）/负责/环保/、/水保/的/现场/指导/工作/。/（/14/）/与/各/部门/专责/协同/，/完成/项目/建设/。/（/15/）/负责/风电场/并网/手续/办理/工作/。/（/16/）/配合/监理/工作/，/管控/参建方/工作/质量/。/（/17/）/完成/领导/安排/的/其他/工作/。/2/、/任职/资格/（/1/）/电气工程类/相关/专业本科/以上学历/，/具备/建造/师资格/优先/。/（/2/）/10/年/以上/机电/安装/专业/施工现场/技术/质量/岗位/管理工作/经验/，/有/3/个/以上/风电/工程/相关/工作/经验/。/（/3/）/熟悉/风电/工程施工/流程/，/熟悉/机电/安装/专业/国家/规范/、/标准/、/图集/等/技术/文件/。/（/4/）/熟练掌握/办公/软件/及/工程/相关/软件/。/（/5/）/有/较/强/的/组织协调/能力/与/良好/的/沟通/能力/。
75804,北京和展能源有限公司,"岗位职责/:/1/、/参与/制定/公司/的/人力资源/体系/，/对/公司/的/人力资源/做出/优化/建议/，/了解/公司/中/短期/经营/战/臵/目标/，/根据/目标/定期/更新/公司/组织/架构/;/2/、/根据/公司/人才/的/需要/，/完成/人才/招聘/工作/，/并/合理配置/招聘/预算/3/、/协助/制定/合理/的/薪酬/福利制度/，/能够/对品工/起到/良好/的/激励/作用/;/4/、/帮助/公司/促进/员工/关系/建设/，/协助/各/部门/做好/国队/建设/，/提出/有效/的/国队/激励/政策/5/、/处理/人力资源/各项/事务性/工作/;/6/、/企业/行政/规章制度/制定/与/管理/:/7/、/行政/事务性/管理工作/，/安排/公司/各项/会议/、/活动/等/,/8/、/行政/资产/管理/，/对/公司/的/行政性/资产/进行/妥善/保管/、/按照/制/进行/采购/、/发放/等/9/、/领导/卖排/的/其他/工作/。/任职/要求/:/1/、/本科/及/以上学历/，/211/或/985/院校/优先/;/2/、/专业/:/人力/、/文秘/、/法律/、/工商管理/等/相关/专业/;/3/、/工作/满/3/-/5/年/，/具备/上市/企业/人力/、/行政/工作/经验者/优先/,/4/、/具有/较/好/的/文字/撰写/能力/与/迈辑/思维/,/5/、/熟练/运用/Word/、/Excel/、/PPT/等/基础/力公/软件/6/、/工作/认真细致/，/务实/，/具备/较强/的/责任心/;/7/、/具备/较强/的/沟通/、/组织协调/能力/。/关注/微信/公众/号/马克/数据网"
75812,北京和展能源有限公司,1/、/岗位职责/（/1/）/主要/负责/风电/项目/机务/系统/的/技术/管理/、/工程质量/控制/、/进度/监督/、/安全/管理/以及/与/各方/的/协调/沟通/等/工作/，/保障/机务/系统工程/建设/符合/相关/标准/和/要求/，/实现/项目/的/高质量/交付/和/长期/稳定/运行/。/（/2/）/对/机务/系统/的/施工/图纸/、/技术/方案/、/设备/资料/等/进行/详细审查/，/确保/其/符合国家/相关/标准/、/行业/规范/以及/项目/的/技术/要求/。/提出/审查/意见/和/建议/，/与/设计/单位/、/施工单位/等/进行/沟通/协调/，/解决/技术/文件/中/存在/的/问题/。/（/3/）/参与/制定/机务/系统/的/施工/组织/设计/、/调试/方案/等/技术/文件/，/结合/项目/实际/情况/提出/专业/意见/。/审核/施工单位/提交/的/专项/施工/方案/，/确保/方案/的/可行性/、/安全性/和/经济性/。/（/4/）/负责/解决/机务/系统/在/施工/、/调试/和/运行/过程/中/出现/的/技术/问题/，/组织/相关/人员/进行/技术/攻关/。/（/5/）/依据/相关/标准/和/规范/，/制定/机务/系统/的/质量/验收/标准/和/质量/控制/要点/。/监督/施工单位/严格/按照/质量标准/进行/施工/，/对/施工/过程/中/的/质量/问题/及时/提出/整改/要求/，/并/跟踪/整改/情况/。/（/6/）/定期/对/机务/系统/的/施工/质量/进行/检查/，/包括/设备/安装/、/管道/焊接/、/防腐/保温/等/方面/。/参与/隐蔽/工程验收/、/分项/工程验收/和/单位/工程验收/，/确保/工程质量/符合要求/。/（/7/）/审核/施工单位/提交/的/机务/系统/施工进度/计划/，/确保/计划/合理/可行/，/并/与/项目/总体/进度/相/协调/。/定期检查/机务/系统/的/施工进度/，/掌握/工程/实际/进展/情况/。/协调/施工单位/、/设备/供应商/等/各方/之间/的/关系/，/解决/影响/进度/的/交叉/作业/、/设备/供应/等/问题/。/（/8/）/检查/施工单位/的/安全措施/落实/情况/，/对/存在/的/安全隐患/及时/提出/整改/要求/。/（/9/）/参与/设备/到货/验收/，/检查/设备/的/外观/、/数量/、/质量/证明文件/等/，/对/不/合格/设备/及时/提出/处理意见/。/参与/机务/系统/设备/的/调试/工作/，/指导/施工单位/按照/调试/方案/进行/调试/，/解决/调试/过程/中/出现/的/问题/。/（/10/）/负责/收集/机务/系统/的/施工/图纸/、/技术/文件/、/检验/报告/、/调试/记录/等/资料/，/并/进行/整理/和/归档/。/2/、/任职/资格/（/1/）/工程类/、/机械类/、/电气类/相关/专业本科/以上学历/，/持有/高压///低压/电工/作业/证/和/高处/作业/证/，/具备/中级/以上/职称者/优先/。/（/2/）/10/年/以上/风电/行业/开发/企业/、/施工单位/、/设备/厂家/等/从业/经验/。/（/3/）/精/通风机/设备/安装/、/调试/、/检修/业务/，/熟悉/主机/设备/及/风机/基础/的/相关/技术规范/，/熟悉/从/吊装/、/电装/、/静态/调试/、/动态/调试/到/并网发电/的/全过程/控制/和/验收/标准/。/（/4/）/熟练掌握/办公/软件/及/工程/设备/相关/软件/。/（/5/）/有/较/强/的/组织协调/能力/与/良好/的/沟通/能力/。
90008,中冶生态环保集团有限公司,岗位职责/1/./协助/制定/员工/职业/发展/规划/，/组织/并/实施/培训/、/晋升/及/内部/人才/梯队/建设/相关/活动/。/2/./协助/部门/领导/负责/员工/沟通/与/关怀/工作/，/处理/员工/意见/与/建议/，/促进/和谐/的/劳动/关系/，/提升/员工/满意度/。/3/./负责/劳动合同/的/签订/、/续签/、/变更/及/解除/等/全/流程/管理/，/确保/合法/合规/，/并/建立/合同/台账/。/4/./跟进/新/员工/试用期/考核/，/办理/转正/手续/，/收集/并/归档/相关/材料/，/确保/流程/规范/及时/。/5/./负责/员工/人事档案/更新/、/保管/与/借阅/管理/，/确保/档案/完整/、/准确/并/符合/保密/要求/。/6/./人员/信息/与/数据/统计/：/维护/和/更新/员工/人事/信息/，/定期/进行/人员/结构/、/流动率/等/数据分析/，/报送/人员/信息/相关/报表/。/7/./参与/人力资源/相关/制度/的/落实/与/改进/，/确保/流程/规范/、/高效/。/8/./策划/并/组织/企业/文化/、/团队/建设/等/活动/，/增强/员工/凝聚力/和/归属感/。/9/./完成/上级/交办/的/其他/人力资源/相关/任务/。/任职/要求/1/./本科/及/以上学历/，/人力资源/、/劳动/与/社会保障/、/心理学/等/相关/专业/优先/。/2/./中共党员/（/含/预备党员/）/。/3/./熟悉/人力/资源管理/各/模块/，/尤其/在/员工/发展/、/员工/关系/、/劳动合同/及/转正/管理/、/人事档案/管理/、/数据分析/方面/有/基础理论/与/实践/认知/。/4/./具备/良好/的/沟通/协调/能力/、/分析/能力/和/组织/能力/，/善于/倾听/与/解决问题/。/5/./责任心/强/，/细致/严谨/，/具备/较强/的/学习/能力/和/保密/意识/。/6/./有/学生/干部/经历/或/人力资源/相关/实习/经验者/优先/。/马/克/数/据/网
89758,中铁山桥集团有限公司,工作/职责/1/./主导/海外/铁路/道岔/、/桥梁/钢结构/项目/全/生命周期/管理/，/覆盖/合同/履约/、/生产/进度/调度/、/质量/合规/管控/及/交付/发运/全/流程/，/确保/项目/按/里程碑/节点/推进/。/2/./牵头/对接/海外/业主/与/监理/团队/，/完成/技术/澄清/、/国际标准/（/欧标///美标/）/转化/工作/，/保障/产品设计/、/生产/环节/100%/符合国际/规范/要求/。/3/./统筹/内部/生产/、/技术/、/物流/及/外部/供应商/资源/，/动态/跟踪/项目/关键/路径/，/快速/响应/并/闭环/解决/突发/问题/，/保障/项目/按期/交付/。/4/./提供/海外/项目/售后/技术支持/与/现场/服务/，/配合/客户/完成/产品/安装/调试/、/验收/等/工作/，/维护/长期/稳定/的/客户/合作/关系/。/任职/要求/1/./本科/及/以上学历/，/土木工程/、/机械工程/或/项目管理/相关/专业/，/具备/扎实/的/工程技术/基础/，/熟练掌握/一门/及/以上/外语/（/可/作为/工作/语言/）/。/2/./5/年/以上/工程/领域/工作/经验/，/3/年/及/以上/海外/工程项目/（/驻外/）/管理/经验/，/持有/中级职称/或/相当/技术水平/，/熟悉/铁路/道岔///桥梁/钢结构/的/生产流程/、/质量标准/及/国际/项目/运作/模式/。/3/./精通/欧标/、/美标/等/国际/工程/标准/，/具备/跨文化/沟通/能力/，/能/独立/与/海外/业主/、/监理/开展/技术/对接/与/商务/协调/。/4/./具备/强/资源整合/能力/与/问题/解决/能力/，/能/有效/协调/内外部/资源/应对/项目风险/，/保障/交付/效率/与/质量/。
89870,江苏中核华兴工程检测有限公司,1/、/协助/主任/做好/检测/室/日常/基本/的/管理工作/；/2/、/协助/主任/做好/本/检测/室/日常/开展/的/各项/工作/，/确保/本/检测/室/质量/管理体系/运行/正常/；/3/、/协调/好本/检测/室/检测/人员/正常/开展/检测/工作/；/4/、/协助/主任/对本/检测/室/范围/内/的/试验/方案/、/检测/操作/细则/等/作业/指导书/具体实施/；/5/、/完成/上级领导/指定/的/其他/任务/。/须/有/5/年/以上/专业/从事/检测/工作/管理/经验/，/熟练掌握/相关/检测/标准/、/方法/，/具有/对/检测/工作/质量/的/判断能力/，/取得/公路/水运/工程/试验/检测师/上岗/资格证书/（/交通/工程/、/桥梁/隧道/工程/、/道路/工程/、/水运/材料/专业/）/，/具备/中级职称/。
7190,广东建科施工图审查有限公司,（/macrodatas/./cn/）/1/./岗位职责/：/负责/大型项目/的/暖通设计/工作/，/主导/设计/全过程/，/确保/技术/方案/的/质量/与/可行性/；/熟练掌握/国家/及/地方性/暖通设计/规范/、/政策/、/能够/独立/完成/或/指导/团队/完成/施工图/设计/，/并/应对/施工图/审查/；/协助/解决/项目/实施/过程/中/的/重大/暖通/技术/问题/，/提供/专业/的/技术支持/与/指导/。/2/./任职/要求/：/（/1/）/大学本科/及/以上学历/，/暖通/相关/专业/；/有/获得/省级/或/*/*/*/勘察/设计奖/优先/、/有/在/省级/行业协会/担任/专家/委员者/优先/；/（/2/）/累计/15/年/以上/甲级/设计院/暖通设计/工作/经验/，/提供/5/项及/以上/大型/设计/项目/业绩/证明/；/（/3/）/持有/注册/公用/设备/工程师/（/暖通/空调/）/执业资格/、/暖通/专业/高级/工程师/资格证书/；/（/4/）/熟悉/国家/及/地方性/政策/规范/，/有/施工图/审查/经验者/优先/考虑/；/（/5/）/薪资/：/具体/薪资/面议/。/3/./应聘/方式/有意者/请/将/个人简历/+/职称///注册/证书/扫描/件/，/发送至/招聘/邮箱/，/邮件/主题/命名/为/[/应聘/岗位/-/姓名/-/联系电话/]/。
43115,上海建工七建集团有限公司,岗位职责/：/1/、/项目部/职责/履行/的/首要/责任人/，/主持/项目部/的/日常/工作/，/对/项目/职责/履行/的/绩效/负/全责/；/2/、/主持/编制/施工/组织/设计方案/和/施工/质量/技术/措施/；/3/、/组织/编制/月/、/周/生产/计划/及/与/之/相应/的/设备/资源/，/材料/物资/、/劳动力/及/资金/等/使用/计划/4/、/组织/施工现场/布置/规划/，/解决/工地/一切/协调/问题/；/5/、/负责/与/建立/政府/主管部门/、/建设/单位/、/设计/单位/、/监理/单位/、/总分/包/单位/等/协调/沟通/关系/；/6/、/负责/项目/经济运行/，/关注/成本/信息反馈/，/发现/问题/并/及时/采取措施/；/7/、/参与/编制/、/评审/、/改进/项目/施工/管理/相关/的/管理制度/、/操作/办法/和/技术标准/。/8/、/直属/上级/交办/的/其他/工作/。/任职/要求/：/1/、/有/一级/建造师/、/中高级/工程师者/优先/考虑/。/2/、/大学本科/以上学历/，/项目管理/、/市场营销/、/企业/管理/等/相关/专业/背景/。/3/、/5/年/以上/项目管理/经验/，/有/成功/推进/项目/完成/经验/。/4/、/熟悉/装饰/工程/管理/流程/和/方法/，/具备/良好/的/项目管理/能力/和/团队/合作/意识/。/5/、/具备/良好/的/沟通/能力/和/协调/能力/，/能够/有效/地/与/项目/相关/各方/进行/沟通/和/协调/。/6/、/具备/基本/财务/知识/，/能够/掌握/项目/成本/控制/方法/。/7/、/具有/敏锐/的/风险意识/，/能够/及时发现/并/处理/项目/中/可能/出现/的/风险/。/8/、/愿意/接受/挑战/，/对/项目管理/领域/保持/持续/关注/。/工作/地点/：/为/公司/办公地/或/公司/所/承揽/的/施工/任务/区域/。/薪酬/福利/：/薪酬/面议/。
25676,上海飞力达国际物流有限公司,工作/内容/：/1/、/负责/接听/客户/来电/，/解答/客户/咨询/，/提供/优质/的/客户服务/；/2/、/处理/客户/投诉/与/建议/，/提升/客户/满意度/；/3/、/协助/完成/客户/信息/录入/及/数据/整理/工作/；/4/、/配合/团队/完成/日常/运营/支持/任务/。/任职/要求/：/1/、/大专/学历/以上/，/有/一到/两年/以上/相关/工作/经验/，/有/快递/、/零担/运输/、/电商/物流/经验者/优先/；/2/、/具备/良好/的/沟通/能力/和/客户服务/意识/；/3/、/工作/认真细致/，/责任心/强/，/能/承受/一定/工作/压力/；/4/、/熟练/使用/办公/软件/，/具备/基本/的/电脑操作/能力/。
57996,深圳市港中旅华贸国际物流有限公司,岗位职责/：/1/./航线/的/运营/工作/(/产品/推广///定价///订舱///货物/跟进///异常/处理///收益/等/)/;/2/./航司/货量/目标/的/实施/和/跟进/:/营销/支持/及/项目/客户/投标/跟进/;/3/./航司/互动/及/关系/的/维护/，/包含/协议/签订/、/日常/沟通/、/航司/规则/文件/等/;/4/./配合/航空公司/和/公司财务/完成/结算/相关/工作/;/5/./基本/的/外语/能力/。/5/./以/公司/利益/和/运力/发展/为/基础/，/合理/管控/现有/运力/产品成本/6/./辅助/航线/经理/完成/部门/相关/任务/目标/的/落实/及/完成/上级领导/交办/的/其他/工作/。/任职/要求/：/1/、/本科/及/以上学历/，/国际贸易/、/物流/管理/、/货运/代理/等/相关/专业/优先/；/2/、/1/年/以上/货运/代理///物流/行业/销售/经验/，/熟悉/国际/货运/进出口/相关/操作/流程/优先/；/3/、/具有/一定/的/销售/思维/和/市场/分析/能力/；/4/、/抗压/能力/强/，/善于/沟通/，/具备/客户/敏感度/和/商务谈判/能力/；/5/、/良好/的/客户服务/意识/，/吃苦耐劳/，/能/承受/较大/的/工作/压力/；/*/*/*/福利待遇/：/底薪/+/提成/周末/双休/、/六险/一金/、/带薪/年/假/、/健康/体检/、/节日/福利/、/工会/等/；/*/*/完善/的/培训/机制/，/不定期/专业培训/及/老带/新/带教/模式/，/帮助/快速/融入/公司/；/*/*/较大/的/成长/空间/和/完善/的/职业/发展/路径/；
62297,密尔克卫迈达化工供应链服务有限公司,岗位职责/：/1/./负责/区域/业务/及/客服/组/全面/事务管理/./完成/相关/预算/及/目标/;/2/./持续/落实/公司/制度/./相关/管理/规范/及/战略/要求/./推进/和/提升/团队/服务质量/3/./对接/区域/内/客户/及分/供方/./根据/市场行情/./成本/./客户/需求/等/./持续/优化/运营/成本/;/4/./负责/公司/品牌/及/影响力/在/业务/区/的/落地/推广/。/5/./负责/区域/内/团队/建设/./企业/文化/落地/及/团队/执行力/打造/。/任职/要求/：/1.5/年/以上/运输/\/配送/资源管理/经验/./五年/以上/团队/管理/./有/三方/物流/客服/经理///主管/从业/经历/和/项目/客户服务/经验/./丰富/的/寻源/与/供应商/谈判/经验/;/2/./一线/做起/，/有/大型/化工企业/项目/服务/经验/./有/化工/危险品/物流/管理/经验/优先/;/3/./大专/及/以上学历/./客户/至上/./服务/*/*/*/./积极主动/./阳光/./正向/./规范/./果断/./具备/良好/的/沟通/能力/与/问题/解决/能力/./较强/的/抗压/能力/./良好/的/大局观/。/4/./可/接受/项目/出差/。/。/搜索/马/克/数/据/网
57919,港中旅华贸国际物流股份有限公司,销售/专员/工作/地点/：/广州/、/深圳/、/中山/、/厦门/、/成都/、/重庆/、/长沙/、/贵阳/、/昆明/、/福州/、/泉州/岗位职责/：/1/、/负责/新/客户/开发/（/同行///直客///海外/）/，/拓展/国际/货运/代理/业务/，/完成/公司/制定/的/销售/目标/；/2/、/维护/现有/客户关系/，/定期/拜访/重点/客户/，/了解/客户/需求/并/提供/定制化/物流/解决方案/；/3/、/挖掘/潜在/客户资源/，/通过/行业/展会/、/网络平台/、/社交/媒体/等/渠道/建立/客户/网络/；/4/、/跟踪/国际/货运/市场动态/（/如/运价/、/航线/、/政策/变化/）/，/收集/市场/信息/并/进行/分析/预测/；/5/、/执行/内部/销售/管理/规定/，/包括/但/不/限于/销售/系统/录入/、/合同/签订/、/账款/跟进/、/异常/处理/；/6/、/协助/公司/各项/营销/计划/的/执行/；/7/、/负责/上级/安排/的/其他/工作/。/任职/要求/：/1/、/本科/及/以上学历/，/国际贸易/、/市场营销/、/物流/相关/专业/优先/；/2/、/1/年/以上/货运/代理///物流/行业/销售/经验/，/熟悉/国际/货运/进出口/相关/操作/流程/优先/；/3/、/具有/一定/的/销售/思维/和/市场/分析/能力/；/4/、/抗压/能力/强/，/善于/沟通/，/具备/客户/敏感度/和/商务谈判/能力/；/5/、/良好/的/客户服务/意识/，/吃苦耐劳/，/能/承受/较大/的/工作/压力/；/*/*/*/福利待遇/：/！/！/！/！/底薪/+/提成/周末/双休/、/六险/一金/、/带薪/年/假/、/健康/体检/、/节日/福利/、/工会/等/；/*/*/完善/的/培训/机制/，/不定期/专业培训/及/老带/新/带教/模式/，/帮助/快速/融入/公司/；/*/*/较大/的/成长/空间/和/完善/的/职业/发展/路径/；
43286,安通控股股份有限公司,岗位职责/1/./了解/口岸/市场动态/，/为/客户/进行/船期/宣导/、/报价/、/揽货/、/接舱/、/船舶/配载/等/服务/；/2/./跟进/客户/配载/计划/，/积极/应对/异常/事件/并/负责/跟进/处理/，/做好/客户/全程/服务/工作/；/3/./掌握/系统/操作/流程/，/如/改单/操作/、/集装箱/、/货物/动态/查询/等/，/赋能/工作/技能/提升/；/4/./负责/日常/各类/报表/数据/动态/的/制作/、/整理/和/分析/，/单证/保函/等/文件/收集整理/归档/；/5/./根据/公司/业务/实际/情况/，/协助/其他/同事/处理/业务/相关/事项/及/领导/临时/交办/的/工作/。/任职/要求/1/./本科/及/以上学历/，/物流/管理/、/航运/管理/、/交通运输/等/相关/专业/；/2.1/年/以上/物流/行业/相关/领域/的/工作/经验/，/熟悉/行业/流程/和/标准/；/3/./具备/较强/的/沟通/协调/和/应变能力/，/能够/处理/复杂/的/客户关系/和/问题/；/4/./具备/较强/的/学习/能力/和/适应能力/，/能够/快速/掌握/新/知识/和/技能/。/5/./认同/公司/企业/文化/，/具有/强烈/的/责任心/和/团队/协作/意识/。
30581,佛山维尚家具制造有限公司,任职/要求/：/具备/至少/5/年/以上/的/全屋/定制/家具/开发/经验/，/有/成功/操盘/大型/定制/企业/产品开发/的/经验者/优先/。/专业/能力/：/1/、/对/产品/外观设计/，/风格/定位/，/创新/元素/有/独到/的/理解/和/转化/落地/能力/。/2/、/要/充分/结合/公司/现有/制造/优势/和/信息化/优势/做/产品开发/规划/3/、/开发/具有/市场/竞争力/产品/的/同时/要/兼顾/成本/管控/，/例如/材料/利用率/，/一次/良品率/等/沟通/与/团队/协作/：/具备/良好/的/沟通/能力/和/团队/协作/精神/，/能够/与/不同/部门/有效/合作/，/推动/项目/顺利进行/。/岗位/福利/：/1/、/入职/即/缴纳/五险/一金/，/依托/上市公司/平台/。/2/、/提供/免费/住宿/与/餐补/，/待遇/构成/透明/。/3/、/除/基本/薪资/外/，/设有/季度/奖/与/年终奖/激励/，/工作/执行/大小/周/排班/，/依法/享有/带薪/年/假/，/来自/马/-/克/-/数/-/据
62751,赛诺（浙江）聚氨酯新材料有限公司,岗位职责/1/、/配合/外贸/业务员/进行/客户/情况/搜集/；/2/、/完成/制定/销售/合同/，/订单/的/货款/回收/等/整个/合同/的/执行/工作/；/3/、/协助/部门/同事/进行/商务/合同/的/管理/，/客户/的/接待/；/4/、/上级/安排/的/其他/工作/。/任职/要求/：/1/、/1/-/3/年/外贸/跟单/工作/经验/；/2/、/本科/及/以上学历/，/英语/流利/沟通/优先/；/3/、/强/抗压/，/性格外向/，/语言/沟通/能力/强/，/良好/的/团队/合作/精神/，/执行力/强/、/配合/度高/。
73449,深圳市美之高科技股份有限公司,工作/职责/：/1/、/管理/Amazon/，/Ebay/等/平台/以及/线下/客户/的/订单/信息/发货/需求/;/2/、/管理/海外/仓往/FBA发货/的/需求/，/以及/海外/仓/之间/的/调拨/管理/;/3/、/在/途/发货/管理/，/确保/平台/订单/发货/及时/、/准确性/可/及时/跟进/异常/快递/和/相关/客户/投诉/;/4/、/对接/我司/IT部门/，/对/仓储/管理/的/IT系统/提出/改善/和/跟踪/落地/;/5/、/规划/海外/仓/物流/网络/，/制定/并/优化/物流/交付/解决方案/;/6/、/严格控制/仓储/费用/，/仓内/操作/费用/，/以及/物流/费用/;/对/不合理/的/流程/提出/改善/方案/并/落地/执行/;/7/、/合理/控制/海外/仓内/库存/的/周转/时间/，/对于/呆滞/库存/能够/及时/预警/并/推动/各/相关/部门/清理/消耗/;/8/、/管理/并/指导/海外/仓/团队/成员/的/日常/工作/，/培养/专业化/和/专业化/的/海外/仓/人才/;/9/、/上级/安排/的/其他/事情/。/岗位/要求/：/1/、/大学本科/以上学历/，/具备/英语/的/听说读写/能力/;/2/、/5/年/以上/海外/仓/管理工作/经验/，/熟悉/欧美/海外/仓/运营者/优先/。/熟悉/海外/仓/运作/细节/和/WMS功能/，/能够/制定/合理/有效/低成本/的/海外/仓/解决方案/;/3/、/具有/从/海外/仓/建仓/的/经验/，/包括/仓内/硬件/规划/，/IT系统/规划/，/人员/布局/和/招聘/，/尾程/资源/分析/，/海外/仓/运作/流程/等/;/4/、/清晰/的/逻辑思维/，/能够/灵活/调整/相关/方案/，/思考问题/全面/和/深入/;/具备/高度/的/责任感/和/创新/意识/，/能够/承受/较强/的/工作/压力/;/5/、/高度/的/责任心/和/认真/的/工作/态度/，/良好/的/沟通/协调/能力/，/为人正直/、/踏实/，/有/团队/合作/精神/;/6/、/具备/丰富/的/团队/管理/经验/和/能力/，/拥有/职业化/的/成本/意识/，/风险意识/和/危机意识/。
56649,嘉兴米兰映像家具有限公司,岗位职责/：/1/./根据/品牌/定位/与/营销/策略/，/独立/完成/新老/门店/、/专柜/及展/陈区/的/整体/空间设计/、/动线/规划/与/视觉/方案/，/确保/符合/品牌/标准/。/2/./负责/终端/道具/、/陈列/装置/、/灯光/系统/、/图形/导视/等/细节/设计/，/保障/设计/落地/质量/与/视觉/一致性/。/3/./输出/全套/施工/图纸/（/平面///立面///节点/）/、/效果图/及/物料/清单/，/并/与/供应商/、/施工方/协作/确保/项目/按质/按时/完成/。/4/./结合/新品/上市/及/促销/活动/，/策划/临时性/陈列/与/视觉/更新/方案/，/优化/终端/体验/与/销售/氛围/。/5/./开展/竞品/及/行业/趋势/调研/，/定期/提出/终端/形象/优化/建议/，/持续/推动/品牌/空间/体验/升级/。/任职/要求/：/1/./本科/及/以上学历/，/空间设计/、/环艺/设计/、/展示/设计/、/视觉/传达/或/相关/专业/。/2.3/年/以上/零售/终端/、/商业空间/或/店面/设计/相关/经验/，/有/连锁/品牌/终端/设计/经验者/优先/。/3/./熟练/使用/AutoCAD/、/SketchUp/、/3D/Max/等/设计/及/表现/软件/。/4/./具备/较强/的/空间/感知/、/材料/运用/与/灯光设计/能力/，/了解/施工工艺/与/成本/控制/。/5/./具有/良好/的/审美/、/创意/能力/和/用户/视角/，/能/平衡/品牌/调性/、/功能/需求/与/商业/目标/。/6/./沟通/协调/能力/强/，/接受/出差/，/能/适应/多/项目/并行/，/具备/一定/的/项目管理/经验/。
63132,广州好莱客创意家居股份有限公司,岗位职责/：/一/、/月底/组织/车间/及/仓库/盘点/及/完成/CO月结/；/二/、/成本/基础/数据/的/录入/及/维护/，/定期检查/业务/单据/及/物料/数据/是否/有/异常/并/处理/；/三/、/车间成本/报表/数据/出具/及/分析/；/四/、/负责/公司/采购/付款单/据/的/审核/，/确保/采购/类型/、/费用/归属/及/付款/金额/等/信息/合理/无误/；/五/、/在/SAP系统/中/进行/发票/校验/，/确保/发票/金额/与/入库/数据/相匹配/；/六/、/完成/直接/上级/安排/的/其他/工作/。/任职/要求/：/1/./全日制/本科/以上/财经类/专业/毕业/，/2/年/以上/成本/工作/经验/，/有/SAP使用/经验/优先/；/2/./具有/良好/的/财务/基础/和/会计/知识结构/，/对/会计准则/有/一定/了解/；/3/./具有/良好/的/沟通/表达/及/组织协调/能力/；/4/./具有/较强/的/计划性/及/执行力/，/主动性/及/责任感/强/。
88004,文投控股股份有限公司,岗位职责/：/1/./负责/开展/经营/财务/分析/工作/，/对/公司/经济运行/指标/的/监控/、/分析/，/为/公司/经营/决策/提供/支持/；/2/./负责/对/经营/计划/制定/及/经营/业绩/的/分解/跟踪/，/提高/公司/整体/经营/业绩/管控/水平/；/3/./承担/日常/账务/核算/、/财务/审计/监督/及/多维度/财务/分析/工作/，/通过/精准/核算/、/风险/核查/与/数据/解读/，/为/公司财务/合规/与/经营/优化/提供/保障/。/任职/资格/：/1.985///211/本科/及/以上学历/，/5/年/以上/相关/工作/经验/；/2/./熟悉/国家/会计准则/、/财务管理/、/税法/、/经济法/等/，/具有/中级/会计师/及/以上/职称/；/（/必须/项/）/；/3/./具备/较/高/的/业务/能力/、/工作/责任心/、/沟通/协调/能力/和/团队/合作/精神/，/善于/学习/，/有/创新/意识/。/（/更/多/数据/，/详见/马克/数据网/）
40154,浙江正蓝节能科技股份有限公司,职责/：/1/、/负责/工程项目/的/招标/文件/梳理/和/对接/事项/；/2/、/负责/投标/文件/准备/及/标书/的/制作/；/3/、/负责/设计方案/落实/及/工程预算/；/4/、/负责/项目/决算/和/移交/工作/；/5/、/完成/上级/安排/的/其他/事项/。/要求/：/1/、/统招/本科学历/，/熟练/CAD/，/有/2/年/及/以上/暖通/，/建筑设计/经验/；/2/、/较强/的/责任心/，/抗压/能力/，/现场/沟通/协调/能力/优/；/【/福利/】/1/、/五险/：/入职/即/享受/齐全/的/社会保险/，/包括/养老/、/医疗/、/失业/、/工伤/、/生育/；/2/、/团队/福利/：/全体/一年/2/次/集体/出游/，/享受/轻松/快乐/的/出游/活动/；/3/、/活动/福利/：/公司/设有/活动/基金/，/定期/组织/各类/公司/团建/及/部门/活动/（/旅游/、/聚餐/、/K歌/、/酒吧/、/拓展/等等/）/；/4/、/奖励/福利/：/设有/各类/岗位/绩效/奖励/，/优秀员工/奖励/，/年终/奖励/等/；/5/、/带薪/假日/：/除/国家/法定/的/节/假期/外/，/还/享受/带薪/婚假/、/丧假/、/哺乳/假/、/产假/等等/；/6/、/生日/福利/：/鲜花/、/购物/卡/，/除了/妈妈/记住/你/的/生日/，/更/有/行政/*/*/*/时刻/惦记/哟/~/7/、/其他/福利/太/多/，/高温/、/三节/豪放/节日/礼/，/让/你/惊呆/！/8/、/【/最/重要/一项/】/超长/18/天/带薪/春节/年休假/！/！/！/！/【/最/重要/一项/】/超长/18/天/带薪/春节/年休假/！/！/！/！/【/最/重要/一项/】/超长/18/天/带薪/春节/年休假/！/！/！/！
40152,重庆汇贤优策科技有限公司,国企/上市公司/，/福利待遇/完善/，/工作/稳定/，/福利/多多/！/工作/内容/：/1/、/热水/项目/的/成本/控制/，/提升/项目/收益/2/、/水控/设备/等/相关/设备/及时/巡查/，/发现/问题/及时处理/3/、/项目/内部/所有/设备/的/维护/及/保养/4/、/设备/系统/相关/参数设置/及/调整/5/、/相关/水电/数据/收集/分析/任职/要求/：/1/、/中专/及/以上学历/，/50/岁/以下/2/、/水电/维护/相关/经验/1/年/以上/，/具备/较强/的/电工/专业知识/，/有/电工证/3/、/有/较/强/的/管理/思维/和/运营/思维/4/、/主动性/和/责任心/较强/5/、/主要/负责/南京/理工大学/项目/相关/设备/运营/维护/维保/工作
20190,天津市奥城金逸电影院有限公司,工作/任务/：/1/、/轮岗/制/、/轮班制/，/负责/卖品/销售/、/票务/销售/、/场务/检票/、/巡视/、/散场/等/工作/；/2/、/为/观众/解答/影票/时间/、/票价/、/影城/优惠活动/等/疑问/工作/；/3/、/熟悉/影城/各个/岗位/的/操作/；/4/、/能够/胜任/及/执行/所有/员工级/岗位/的/工作/；/5/、/服从安排/、/完成/上级/去交办/的/事情/。/任职/资格/：/1/、/年满/18/周岁/，/在校/大学生///应届/毕业生/优先/；/2/、/大专/及/以上学历/，/有/良好/的/口头/表达能力/；/3/、/工作/主动/积极/、/乐观/、/乐于助人/；/4/、/忠诚/守信/、/工作/严谨/、/敬业/、/责任心/强/、/具有/团队/合作/精神/；/5/、/在职/社会/人员/需要/提供/社保/参保/证明/、/在校学生/需要/提供/学生证/；/6/、/能/接受/轮班制/、/晚班/工作/。/节假日/能/上班/优先/考虑/。/7/、/表现/优秀者/，/工时/达到/300H/，/取得/毕业证/后/有/机会/晋升为/影城/训练员/。/。/该/数据/由/</马克/数据网/>/整理
18296,南京万达电影城有限公司,工作/职责/1/、/完成/预算/收入/及/利润/指标/，/负责/影城/资产/的/保值/及/增值/；/2/、/负责/团队/培养/，/提高/影院/管理人员/的/管理/技能/和/水平/；/3/、/按照/院线/总部/确定/的/各项/管控/标准/和/业务流程/开展/工作/，/执行/区域/院线/总部/和/区域/影城/制定/的/各项/计划/；/4/、/做/为/影城/安全/生产/*/*/*/责任人/，/建立/预案/，/负责/安防/整改/计划/落实/；/5/、/负责/市场策略/和/重大/活动/的/制订/和/落实/，/总经理/为/排片/、/票价/体系/制订/、/组织/明星/见面会/安排/的/*/*/*/责任人/；/6/、/负责/落实/院线/各项/营运/标准/，/提升/店内/营运/品质/；/7/、/营运/现场/值班/及/值班/管理/。/任职/资格/1/、/统招/大学专科/（/含/）/以上学历/，/工商管理/、/酒店/管理/等/相关/专业/优先/；/2/、/3/年/以上/连锁/服务业/多/门店/管理/管理/职位/，/1/年/以上/高级/管理/岗位/经验/；/3/、/有/丰富/的/现场/管理/经验/和/团队/管理/经验/；/4/、/在/集团/内/所属/各/公司/无/亲属关系/；/5/、/能/适应/综合/工时/制/倒班/，/能/接受/苏皖/两省/地区/外派/。
15860,深圳市前海东江生态环境服务有限公司,岗位职责/：/1/./建立/项目管理/体系/，/根据/公司/各项/管理/要求/持续/优化/。/2/./负责/项目/全/生命周期/统筹/管控/，/推进/项目/立项/、/执行/、/验收/和/资料/归档/相关/工作/。/3/./协调/公司/各/部门/资源/，/解决/项目/实施/过程/中/的/各项/问题/。/4/./负责/项目风险/评估/和/成本/管控/；/5/./负责/团队/管理/与/能力/培养/，/制定/考核/和/激励/方案/，/帮助/员工/提升/专业/和/管理/技能/。/6/./定期/向/公司/管理层/汇报/项目/进度/、/成果/、/存在/问题/和/解决/措施/。/为/公司/决策/提供/合理化/建议/。/7/./完成/上级/交办/的/其他/技术/管理/相关/工作/。/任职/要求/：/1/./本科/及/以上学历/，/机电/、/电气/自动化/、/能源/与/动力工程/等/相关/专业/可/优先/考虑/；/2/./年/以上/项目管理/经验/或/5/年/以上/管理/岗/经验/；/3/./具备/较强/的/风险/识别/、/成本/控制/及/问题/解决/能力/，/能/快速/应对/项目/突发状况/；/4/./具备/优秀/的/数据分析/能力/，/能/通过/项目/数据/洞察/问题/并/提出/优化/方案/；/5/./具备/极强/的/跨部门/沟通/协调/能力/、/谈判/能力/及/团队/领导/能力/，/能/有效/推动/多方/协同/；/6/./具备/强烈/的/责任心/、/结果/导向/思维/，/抗压/能力/强/，/能/适应/多任务/并行/的/工作/节奏/；/7/./能/适应/项目/推进/期/必要/的/加班/要求/。/（/来/自/马/克/数/据/网/）
10922,武汉动力电池再生技术有限公司,岗位职责/：/1/、/负责/动力电池/回收/业务/：/如/新能源/汽车/运营商/（/公交/集团/、/物流/车/、/共享/汽车/）/、/主机厂/、/电池厂/、/PACK厂/、/低速/电动车/厂/等/行业/的/退役/动力电池/的/回收/工作/；/2/、/建立/并/维护/好/所在地/电池厂/、/新能源/汽车/生产/运营/企业/的/合作/关系/，/推动/电池/回收/业务/在/当地/的/落地/；/3/、/负责/跟踪/并/分析/所在区域/电池/回收/、/梯级/电池/应用/及/行业/发展/情况/，/包含/但/不/限于/市场需求/、/用户/痛点/、/商业模式/、/先进/技术/等/，/并/阶段性/形成/分析/报告/；/4/、/完成/上级/交办/的/其他/工作/。/要求/：/英文/可/作为/工作/语言/，/工科/专业/、/学生会/干部/优先/。/要求/：/来自/马克/数据网
15855,珠海市东江环保科技有限公司,"岗位职责/1/、/负责/两/公司/安全/、/消防/、/环保/、/职业/健康/绩效/目标/、/及/相关/管理制度/、/流程/和/管理体系/的/建立/，/并/宣传/、/教育/、/培训/和/执行/。/2/、/负责/两/公司/“/三废/”/的/日常/监督管理/、/监测/工作/，/提出/整改/方案/并/监督/实施/。/3/、/根据/法律法规/要求/对/各类/资质/证照/进行/申请/办理/、/维护/。/4/、/负责/对/生产/、/贮存/、/运输/、/处置/危险废物/经营/活动/的/监控/，/使/之/符合/安全/和/环境保护/有关/的/法律法规/。/5/、/依/政府部门/要求/对外/进行/环境/应急/。/6/、/负责/对/化工/原辅材料/、/产品/及/废水/、/废气/排放/的/质量/跟踪/和/异常/反馈/处理/。/7/、/负责/本/部门/的/团队/建设/和/内部/培训/工作/。/8/、/其他/上级领导/交代/的/相关/任务/。/任职/要求/：/1/、/具备/安全/、/环保/、/化工/的/学历/背景/及/3/年/以上/相关/工作/经验/2/、/精通/Word/、/Excel/,/、/PPT/等/办公/软件/3/、/工作/积极主动/、/耐心/细致/、/应变能力/强/、/责任心/强/、/善于/沟通/持有/安全/主任/资格/或/注册/安全/工程师/职业/资格证书/可/优先"
66118,英科再生资源股份有限公司,【/工作/内容/】/-/负责/公司/网站/的/搜索引擎/优化/（/SEO/）/及/搜索引擎/营销/（/SEM/）/工作/，/提升/网站/流量/与/转化率/；/-/分析/关键词/排名/、/流量/数据/及/用户/行为/，/制定/并/执行/优化/策略/；/-/与/运营/团队/协作/，/优化/页面/内容/及/用户/体验/，/提高/搜索引擎/排名/；/-/监测/竞争对手/动态/，/及时/调整/优化/方案/，/保持/竞争/优势/。/【/任职/要求/】/-/对/SEO/和/SEM/有/基本/了解/，/具备/学习/能力/-/具备/良好/的/数据分析/能力/，/能/熟练/使用/Google/Analytics/等/工具/；/-/工作/认真负责/，/具备/较强/的/责任心/和/团队/合作/精神/；/-/有/较/强/的/学习/能力/和/适应能力/，/能够/快速/掌握/相关/技能/。
37694,广东中耀环境科技有限公司,岗位职责/：/一/、/团队/统筹/与/流程/把/控/1/、/牵头/财务/团队/日常/工作/分配/与/效率/管理/，/优化/原料/盘点/、/成本核算/等/核心/流程/，/确保/财务数据/全/链路/准确/。/2/、/对接/采购/、/生产/、/运输/等/部门/，/协调/解决/数据/核对/（/如/入库/、/含量/、/运费/）/中/的/跨部门/问题/，/保障/财务/记录/与/业务/实际/一致/。/二/、/核心/财务/工作/执行/1/、/负责/月度///年度/结账/对账/，/主导/成本/报表/、/研发/支出/报表/（/含/成本/分摊/、/领/用/核算/）/的/编制/与/分析/，/为/业务/决策/提供数据/支持/。/2/、/管理/银行/账户/收支/、/应付账款/付款/、/发票/录入/等/基础/工作/，/监控/现金流/健康/度/，/规避/资金/风险/。/3/、/精准/处理/暂估/数据/核算/，/牵头/月度/资产///原料/盘点/，/确保/账实/相符/，/及时/排查/并/解决/数据/差异/。/三/、/其他/事项/1/、/完成/上级/交办/的/临时性/财务/任务/，/协助/完善/公司/财务管理/制度/。/任职/要求/：/1/、/本科/及/以上学历/，/财务管理/、/会计学/等/相关/专业/，/持/中级/会计师/职称者/优先/。/2/、/3/年/以上/企业财务/工作/经验/，/有/团队/管理/或/主管/岗/经验者/优先/，/熟悉/制造业///实体/企业财务/全/流程/（/如/成本核算/、/研发/费用/处理/）/。/3/、/熟练/使用/金蝶/、/用友/等/财务软件/及/Excel/（/数据/透视/表/、/函数/）/等/办公/工具/，/具备/较强/的/数据分析/能力/，/能/从/数据/中/发现/问题/并/提出/优化/建议/。/4/、/工作/严谨/细致/，/责任心/强/，/能/承受/一定/的/工作/压力/；/数据/由马/克/数/据/整理
89350,柏诚系统科技股份有限公司,工作/职责/1/、/负责/投标/文件/的/编制/、/整体/投标/文件/的/排版/、/打印/、/复印/、/装订/等/工作/，/并/按规定/如期完成/标书/制作/;/2/、/负责/与/项目/负责人/、/公司/相关/部门/积极/协调/投标/文件/编制/过程/中/的/问题/，/确保/投标/文件/按时/投递/;/3/、/精通/办公/软件/，/能/较/专业/地/制作/文件/、/进行/办公/软件/的/编辑/排版/;/4/、/执行力/强/，/逻辑/清晰/；/同时/有/较/强/的/学习/能力/;/5/、/有/较/好/的/沟通/和/表达能力/、/以及/文字/功底/;/6/、/完成/上级领导/交办/的/其他/事务/。/任职/资格/1/、/统招/大专/及/以上学历/，/3/年/以上/工作/经验/;/2/、/熟悉/投标/相关/事务/，/标书/文件/排版/打印/等/相关/流程/;/3/、/有/工程施工/行业/相关/经验/。/（/更/多/数据/，/详见/马克/数据网/）
74129,中国电子系统工程第三建设有限公司,岗位职责/1/、/利用/BIM模型/优化/施工/方案/，/完善/三维/模型/，/并/在/各/施工/阶段/及时/为/各/部门/提供/BIM模型/方案/；/2/、/负责/对外/数据/接收/或/交付/，/配合/业主/及/其他/相关/合作方/检验/，/并/完成/数据/和/文件/的/接收/或/交付/；/3/、/运用/BIM技术/展开/各/专业/深化/设计/，/进行/碰撞检测/并/充分/沟通/、/解决/、/记录/；/4/、/协调/各/专业/BIM工程师/人员/进行/各/专业/BIM模型/的/搭建/、/建筑/分析/、/二维/出图/等/工作/；/5/、/配合/项目部/对/图纸/深化/、/出图/、/报审/、/评审/、/设计/交底/等/日常/工作/；/6/、/审核/项目部/各/BIM专业/工程师/成果/文件/，/并/行程/记录/交由/BIM主管/整理/存档/；/7/、/配合/项目部/进行/施工现场/质安/、/进度/协调/管理/。/任职/资格/1/、/本科/及/以上学历/，/暖通/、/电气/、/给排水/等/专业/；/2/、/三年/以上/BIM工程师/岗位/经验/；/3/、/1/年/以上/施工现场/工作/经验/；/4/、/能够/接受/全国/项目/出差/驻场/职位/福利/：/五险/一金/、/绩效奖金/、/交通/补助/、/餐补/、/带薪/年/假/、/定期/体检/、/节日/福利
58190,圣晖系统集成集团股份有限公司,岗位职责/：/1/./负责/二次/配/工程/设计规划/及/二次/配/实施/协调/管理工作/；/2/./负责/二次/配/工程/的/发包/及/招标/文件/制定/和/清单/编制/；/3/./参与/审定/二次/配/的/方案/设计图/和/施工图/；/4/./负责/二次/配/施工/管理/和/现场/监工/；/5/./负责/二次/配/施工/规范/、/操作规程/、/应急/流程/等/的/工程/管理文件/的/编制/，/更新/与/落实/；/6/./参与/二次/配/工程质量/进度/、/安全/、/施工/、/验收/评估/和/实施/管理/;/7/./负责/二次/配/相关/异常/处理/工作/，/确保/设备/生产/需求/。/任职/资格/：/1/./统招/本科/，/机电/、/电气/等/相关/专业/。/2/./5/年/以上/精密/制造业/的/二次/配/工作/经验/，/有/电子/制造业/工厂/二次/配/相关/统筹/协调/、/规划/、/建设/经验/优先/；/3/./熟悉/二次/配/和/工程/的/设计规范/、/施工/规范/、/验收/标准/等/；/4/./熟悉/二次/配/工作/的/相关/流程/及/操作/，/了解/二次/配/现场/施工/的/应急/处理/流程/；/5/./具有/良好/的/沟通/和/协调/问题/能力/。
36614,武汉华康世纪洁净科技股份有限公司,工作/职责/:/1/、/负责/相关/各/项目/水/、/电/、/气/、/中央空调/、/热泵/机组/、/净化/机组/、/加湿器/、/除湿机/等/设备/设施/的/检查/维护/保养/工作/；/2/、/负责/相关/项目/电控/系统/配套/设施/的/维修/计划/执行/；/3/、/负责/相关/项目/灯饰/、/照明/、/门禁/、/监控/、/广播/、/网络系统/检查/维护/和/维修/；/4/、/负责/相关/项目/水/、/电设备/设施/的/故障/维修/5/、/负责/检查/、/运行/、/维修/、/配件/更换/记录/的/填写/6/、/保证/相关/医疗/设备/（/无影灯/、/吊塔/）/、/设施/的/正常/使用/；/7/、/负责/个人/分管/设施/设备/的/巡视/和/保养/维护/；/8/、/检查/（/验收/）/设备/的/运行/情况/，/及时处理/客户/报修/；/9/、/完成/上级领导/交办/的/其他/工作/。/任职/资格/:/1/、/3/年/以上/相关/经验/优先/，/有/电工证/，/制冷/证/；/2/、/懂强/电/，/从事/水电/安装/，/控制柜/装配/、/制冷/空调/、/自控/系统维护/等/工作/；/3/、/思维/敏捷/、/善于/沟通/，/动手/能力/强/、/能/适应/区域/范围/内/经常性/出差/；/4/、/具有/良好/的/服务/意识/和/工作/责任心/，/能/经常/联系/客户/，/了解/运作/问题/；
708,长江云通信息科技发展有限公司,（/一/）/岗位职责/：/1/、/主持/采购部/的/全面/工作/。/2/、/根据/项目/开展/计划/和/施工/计划/制订/采购计划/，/并/督导/实施/。/3/、/制定/本/部门/的/物资/管理/相关/制度/，/使/之/规范化/。/4/、/做好/采购/的/预测/工作/，/根据/资金/运作/情况/，/材料/库存/情况/，/合理/进行/预先/采购/。/5/、/定期/组织/员工/进行/采购/业务知识/的/学习/，/精通/采购/业务/和/技巧/，/培养/采购/人员/廉洁奉公/的/情操/。/6/、/带头/遵守/采购/制度/，/杜绝/不良行为/的/产生/。/7/、/控制/好/物资/批量/进购/，/避开/由于/市场/不/稳定/所/带来/的/风险/。/8/、/监控/项目/物流/的/状况/，/控制/不合理/的/物资/采购/和/消费/。/9/、/进行/采购/支付/的/规范/指导/和/审批/工作/，/协助/财务/进行/工程/的/审核/及/成本/的/控制/。/10/、/完成/上级/交办/的/其他/任务/。/任职/资格/：/1/、/本科/及/以上学历/，/5/年/以上/采购/相关/工作/经验/，/有/团队/管理/经验/；/2/、/拥有/丰富/的/成本/控制/、/采购/管理/、/质量/管理/等/方面/的/经验/；/3/、/有/优秀/的/统筹/能力/和/风险/预判/能力/，/能够/利用/数据/进行/分析/，/并/据此/制定/相关/的/策略/与/规划/；/4/、/有/责任心/，/良好/的/沟通/协调/力/、/谈判/和/领导/能力/，/有/开放/的/心态/和/创新/意识/，/心态/好/，/能够/承受/工作/的/压力/；
7524,苏州金螳螂建筑装饰股份有限公司,岗位/要求/：/1/./本科学历/，/工程/或/设计/相关/专业/优先/2/./英语/听说读写/熟练/，/可/日常/交流/和/工作/3/./有/一定/的/沟通/协调/能力/和/抗/压力/4/./能/接受/海外/出差/工作/内容/：/1/./负责/项目/现场/相关/文件/资料/等/翻译/，/及/过程/中/双语/沟通/。/2/./完成/上级/交付/的/其它/工作/任务/。
91796,青岛中建联合集团有限公司,该/岗位/base/地为/重庆/，/请/注意/岗位职责/：/1/、/负责/土建/项目/的/预/、/结算/编审/工作/机/工程造价/控制/；/2/、/负责/工程/签证/及/工程量/的/实测/，/实量/审核/工作/；/3/、/参与/项目/投标/活动/合同条款/审核/工作/；/4/、/参与/工程施工/、/材料/、/设备/的/询价/、/招标/工作/。/任职/资格/：/1/、/3/年/以上/土建/预算/工作/经验/，/责任心/强/，/有/敬业精神/，/吃苦耐劳/；/2/、/具备/相关/工程造价/、/预算/相关/知识/和/能力/；/3/、/熟知/相关/工程/政策/、/法规/、/技术/、/材料价格/及/市场动态/；/4/、/积极/完成/领导/安排/的/其他/工作/；/5/、/熟练掌握/应用/相关/专业/软件/；/6/、/为人正直/诚信/，/具备/优秀/的/职业道德/。
6953,深圳市宝鹰建设集团股份有限公司,融资/主管/岗位职责/1/、/全面/负责/公司/对外/融资/工作/，/开拓/并/维护/银行/、/信托/、/证券/等/多元化/金融机构/合作/渠道/；/2/、/独立/开展/融资/谈判/，/设计/匹配/公司/战略/的/融资/方案/，/优化/融资/成本/与/结构/；/3/、/统筹/推进/融资/项目/落地/，/包括/资料/准备/、/合规/审核/、/放款/跟进/及/贷后/管理/；/4/、/配合/完成/公司/内部/资金/管理/与/分析/，/协助/优化/财务/资源配置/；/5/、/承担/部分/内部/综合/管理工作/，/参与/制度/起草/、/报告/撰写/等/综合性/事务/。/任职/要求/1/、/公办/全日制/本科/及/以上学历/，/经济/、/金融/、/财务/等/相关/专业/优先/；/2/、/具备/3/年/以上/金融机构/信贷业务/经验/，/或/企业/融资/岗位/工作/经验/，/熟悉/建筑/、/工程类/行业/融资/模式者/优先/；/3/、/掌握/扎实/的/金融/知识/与/合规/流程/，/能/独立/完成/融资/方案设计/与/谈判/；/4/、/具备/较强/的/公文/写作/与/报告/撰写/能力/，/逻辑/清晰/、/表达/严谨/；/5/、/性格/沉稳/，/沟通/协调/能力/强/，/具备/良好/的/职业/素养/与/团队/协作/精神/。
8555,海控南海发展股份有限公司,岗位职责/：/1/./参与/制定/及/实施/公司/中长期/数字化/建设/规划/与/年度/工作/计划/，/确保/与/公司/整体/发展/战略/相匹配/，/引入/适配/企业/的/新/技术/新/工具/，/推动/AI技术/在/企业/内部/的/规模化/应用/；/深入/调研/各/部门/及/子公司/业务/需求/，/统筹/设计/兼顾/集团/标准/与/业务/个性/的/数字化/总体/架构/，/形成/落地/路线图/2/./负责/数字化/项目/的/全/生命周期/端到/端/管理/，/确保/项目/目标/与/业务/价值/实现/；/负责/高效/对接/管理/数字化/及/AI技术/供应商/与/实施/伙伴/，/确保/交付/物/符合/预期/目标/，/驱动/供应商/为/公司/创造/*/*/*/价值/3/./构建/公司/数据管理/体系/，/推动/数据共享/、/标准化/与/质量/提升/，/完善/数据/治理/机制/。/负责/公司/AI技术/方案/规划/与/落地/；/建立/数据/标准/与/管理/规范/，/挖掘/数据/资产/价值/，/为/管理决策/提供/可视化/分析/与/AI支持/；/负责/数字化/赋能/，/组织/内部/培训/与/宣贯/，/提升/全员/数字化/素养/，/有效/推动/新/系统/和/优化/流程/顺利/落地/4/./负责/公司/信息系统/的/日常/运维/、/监控/与/性能/优化/，/解决/系统/运行/故障/，/确保/各/系统/稳定/、/安全/、/高效/运行/；/负责/公司/IT资产/全/生命周期/管理/，/制定/并/落实/相关/管理制度/，/确保/资产/账实/相符/、/使用/合规/、/处置/规范/；/构建/公司/信息安全/体系/，/制定/安全策略/与/管理/规范/，/组织/风险/评估/、/应急/演练/及/安全/培训/，/全面/防范/信息安全/风险/5/./作为/衔接/集团/总部/与/公司/信息化/的/核心/枢纽/，/承接/集团/信息化/战略/的/有效/落地/，/并/基于/公司/的/需求/争取/个性化/支持/；/负责/整合/与/协调/公司/上下级/单位/及/外部/合作伙伴/等/内外部/关键/资源/，/构建/高效/协同/机制/，/为/数字化/建设/提供/坚实/支撑/任职/要求/：/1/./本科/及/以上学历/，/计算机科学/与/技术/、/信息管理/、/软件工程/、/人工智能/等/相关/专业/优先/2/./5/年/及/以上/企业/数字化/建设/、/IT管理/或/相关/领域/工作/经验/，/具有/深度/参与/信息化/体系/规划/与/建设/的/成功经验/，/具有/国企/或/上市公司/、/AI服务/厂商/工作/经验者/优先/3/./掌握/AI产品/的/部署/模式/，/能/独立/完成/AI能力/和/公司/现有/系统/的/对接/，/具有/较强/的/组织/沟通/协调/能力/，/能/有效/驱动/内外部/资源/，/推动/复杂/项目/落地
13549,深圳广田集团股份有限公司,岗位职责/：/1/./协助/项目经理/统筹/现场/施工/管理/，/包括/不/限于/人工/管理/、/材料/管理/、/进度/管理/等/；/2/./负责/监督/劳务/层/严格/按照/规范/施工/，/保证/施工/质量/；/3/./负责/编制/材料/和/设备/进场/计划/，/确保/工程/顺利进行/；/4/./参加/工程/竣工/交验/，/负责/工程/完好/保护/。/任职/资格/：/1.2026/届/毕业生/（/2025.09/-/2026.08/）/。/本科/及/以上学历/，/工程/管理/、/土木工程/、/工程造价/、/建筑工程/、/给排水/等/工民建/相关/专业/；/2/./熟练掌握/国家/相关/的/设计规范/及/施工图/的/制图/规范/，/熟悉/施工工艺/和/材料/。/来自/马/-/克/-/数/-/据/-/官网
89049,海南龙盘油田科技有限公司,一/、/工作/职责/：/1/./负责/发动机/、/发电机/及/配套/设备/的/售前/性能/检测/、/售后/定期/巡检/，/精准/开展/故障诊断/并/制定/针对性/维修/方案/。/2/./严格/按照/行业标准/与/公司/规范/，/执行/设备/日常/保养/、/故障/维修/、/大修/及/调试/工作/，/确保/维修/质量/符合/技术/要求/。/3/./把/控/维修/全/流程/质量/，/落实/维修/现场/安全/管理/规范/，/统筹/物料/与/工具/的/合理/使用/及/台账/记录/。/4/./建立/并/维护/设备/维修/档案/，/详细/记录/维修/过程/数据/，/确保/设备/状态/可追溯/、/可/分析/。/5/./响应/紧急/维修/需求/，/高效/对接/客户/与/内部/部门/，/保障/生产/运营/与/售后服务/的/顺畅/衔接/。/6/./配合/采购/、/外贸/等/部门/开展/技术/协同/，/提供/设备/选型/、/技术参数/解读/等/专业/支持/。/7/./主动/学习/新型/设备/维修/技术/与/行业/规范/，/持续/提升/专业技能/与/问题/解决/能力/。/二/、/任职/要求/1/./大专/及/以上学历/，/机电/一体化/、/内燃机/、/机械工程/、/电气工程/等/或/相关/专业/优先/。/2/./具备/2/年/以上/发动机/、/发电机/或/电力设备/维修/经验/，/熟悉/设备/结构/原理/与/常见故障/处理/。/3/./掌握/设备/检测工具/与/维修/技术/，/能/独立/制定/维修/方案/并/执行/复杂/维修/任务/。/4/./具备/较强/的/安全意识/，/熟悉/维修/现场/安全/操作/规范/，/能/有效/规避/安全/风险/。/5/./拥有/良好/的/沟通/协调/能力/，/能/高效/对接/客户/与/跨部门/协作/，/解决/应急/问题/。/6/./具备/学习/能力/与/责任心/，/能/主动/跟进/行业/技术/发展/，/保障/维修/技术/的/专业性/。/7/./能/适应/车间/及/户外/作业/，/接受/加班/、/出差/及/应急/维修/。/工作/地点/：/澄迈县/金马/大道/17/公里处
24541,通源石油科技集团股份有限公司,岗位职责/：/1/./参与/天然气/增压/站/设备/安装/、/调试/、/验收/；/2/./负责/天然气/增压/站/设备/故障诊断/与/排查/，/保障/设备/连续/稳定/运行/；/3/./制订/并/执行/设备/预防性/维护/、/保养/计划/；/4/./负责/备品备件/梳理/、/申报/及/质量/确认/；/5/./对/现场/设备/操作/人员/进行/安全/操作/培训/。/任职/要求/：/1/./机械/、/机电/、/石油化工/等/相关/专业/；/2/./悉/往复式/压缩机/、/燃气/发动机/及/机泵/工作/原理/，/具备/5/年/以上/大型/往复式/压缩机/、/燃气/发动机/维护/保养/经验/；/（/发动机/品牌/：/瓦克/夏/）/3/./能够/独立/完成/往复式/压缩机/、/燃气/发动机/各级/保养/，/故障诊断/及/维修/工作/;/4/./熟悉/天然气/增压/站/工艺流程/及/相关/设备/维修/。/5/./熟悉/站场/HSE管理/，/掌握/动火/、/受限/空间/、/吊装/、/盲板/抽/堵/等/作业/安全/要求/；/6/./有/天然气/增压/站/、/集输/站/、/压缩机/运维/相关/经验者/优先/；/7/./具有/海外/工作/经验/优先/；
89054,天津中海工程管理咨询有限公司,"来自/：/www/./macrodatas/./cn/工作/职责/:/·/项目/范围/内/生产/装置/及/配套/系统/装置/等/电气/、/仪表/、/通信/安装/专业/管理/服务/;/·/施工/全过程/现场/三控/两管/两/协调/,/保障/施工进度/、/质量/及/安全/文明/施工/。/·/配合/业主/严格/保证/施工进度/、/质量/及/现场/安全/文明/管理"
79598,广东宏大控股集团股份有限公司,1/、/从事/windows/平台/、/Linux/平台/，/嵌入式/Linux/平台/上/QT软件/的/设计/、/开发/、/调试/、/维护/等/相关/工作/;/2/、/解决/工作/中/的/关键问题/和/技术难题/;/职位/描述/3/、/编写/并/维护/相关/设计/文档/;/4/、/协助/质量/管理人员/保证/软件开发/质量/;/百度/搜索/马/克/数/据/网
23581,海默新宸水下技术（上海）有限公司,岗位职责/：/能看懂/基础/电子电路/装配图/，/根据/图纸/及/工艺/要求/，/完成/电子产品/的/零部件/装配/、/焊接/及/组装/工作/；/负责/对/装配/完成/的/电子产品/进行/功能测试/、/性能/调试/，/排查/并/反馈/装配/及/测试/过程/中/出现/的/故障/与/问题/；/运用/电脑硬件/维修/相关/技能/，/协助/处理/电子产品/配套/硬件/的/简单/故障/维修/；/严格遵守/生产/及/测试/流程/，/做好/装配/、/测试/相关/数据/的/记录/与/整理/，/确保/产品质量/符合标准/；/维护/工作/区域/的/工具/、/设备/及/物料/整洁/，/做好/日常/保养/与/管理/。/任职/要求/：/具备/基础/电子电路/知识/，/能/熟练/看/懂/电子电路/装配图/、/接线图/；/有/1/年/以上/电子产品/装配/、/测试/相关/工作/经验/，/熟悉/常用/电子/元器件/及/装配/工艺/；/掌握/电脑硬件/维修/基础/技能/，/能/处理/常见/的/硬件/故障/；/工作/认真细致/，/责任心/强/，/具备/良好/的/动手/能力/与/问题/排查/能力/；/能/遵守/工厂/的/生产/管理制度/，/适应/团队/协作/工作/模式/。/薪资/福利/：/1/./享受/公司/福利/：/绩效奖金/、/项目/奖金/、/租房/补贴/、/餐饮/补贴/、/五险/一金/、/生日/及/结婚/补贴/、/聚餐/旅游/、/带薪休假/、/节日/福利/等/。
48874,湖南珠江实业投资有限公司,负责/直播/场景/搭建/、/直播/内容/梳理/、/直播/控场/投流/及/官方/账号/的/推广/运营/，/根据/节点/调整/直播/话术/、/提供/约访/道具/，/助力/主播/转访/成交/要求/1/./有/一定/的/地产/从业/经验/2/./能/独立/完成/视频/拍摄/剪辑/，/完成/抖音/、/小红书/等/平台/的/运营/及其/它/推广/活动/。/马/-/克/-/数据
48827,上海中企物业管理有限公司,工作/职责/：/1/./负责/涉及/EHS/（/环境/、/健康/、/安全/）/管理/的/设施/管理/投标/项目/方案/编写/；/2/./结合/物业/软/服务/（/保洁/、/安保/、/客户服务/等/）/及/EHS管理/要求/，/制定/符合/投标/需求/的/综合/方案/；/3/./组织/PPT述/标及/讲标/，/并/能/应对/专家/评审/答疑/；/4/./研究/EHS政策法规/，/确保/方案/符合/行业标准/，/并/具备/创新性/；/5/./与/项目/运营/团队/协作/，/优化/EHS管理/措施/，/提高/服务质量/和/安全/水平/。/任职/要求/：/1/./EHS管理/、/环境工程/、/安全/管理/、/物业管理/等/相关/专业/，/本科/及/以上学历/；/2/./5/年/以上/EHS/及/物业管理/行业/经验/，/具备/EHS体系/和/物业管理/方案/编写/经验/；/3/./熟悉/ISO/45001/、/ISO/14001/等/EHS管理体系/，/并/能够/应用/于/物业管理/方案/；/4/./具备/优秀/的/方案/编写/能力/和/PPT制作/能力/；/5/./具备/良好/的/沟通/能力/，/能/进行/投标/方案/讲解/及/答辩/。/（/macrodatas/./cn/）/（/来/自/马/克/数/据/网/）
88105,北京市华远置业有限公司,岗位职责/:/1/、/负责/起草/、/修改/公司/各类/法律文书/，/审核/各类/合同/、/协议/文本/并/给予/法律/意见/指导/;/参与/项目/谈判/等/;/2/、/负责/公司/内部/重大/事项/合规性/的/审核/；/3/、/监管/机构/法律/、/法规/、/政策/的/跟踪/、/收集/、/分析/，/及时/将/政策/信息/提供/，/并/给/公司/业务/予以/建议/;/4/、/负责/对/公司/各项/规章制度/的/完善/提供/法律/意见/，/规避/公司/法律/风险/;/负责/组织/相关/人员/进行/基础/法律/知识/培训/;/5/、/负责/代表/公司/处理/各类/对外/法律/诉讼/、/仲裁/或/其他/法律纠纷/;/7/、/完成/公司/及/部门/领导/交办/的/其他/工作/。/任职/要求/:/1/、/本科/及/以上学历/，/经济法/、/民商法/、/诉讼法/等/相关/专业/毕业/，/熟悉/公司法/、/合同法/H股/监管/法律/及/规则/等/相关/法律/能够/较/好/的/处理/公司/治理/相关/非诉讼/法律事务/，/以及/相关/的/诉讼/事务/;/2/、/通过/国家/司法考试/;/3/、/年龄/35/左右/，/8/年/以上/法律/专业/工作/经验/，/律/所/或/房地产/行业/经验/优先/;/4/、/良好/的/逻辑/分析/能力/、/思维/敏捷/、/善于/处理/紧急/工作/;/5/、/具有/良好/的/人际交往/能力/、/沟通/协调/能力/和/团队/合作/精神/6/、/思维/严谨/、/做事/认真/、/能/承受/很强/的/工作/压力/。
73921,万物云空间科技服务股份有限公司,岗位职责/：/1/./根据/年度/销售/目标/，/在/校园/市拓/负责人/的/带领/下/，/达成/高校后勤/物业/的/销售/目标/；/2/./向/高校后勤/领导/推介/公司/的/校园/后勤/物业/服务/（/IFM/）/并/制定/定制化/服务/方案/；/3/./负责/区域/内/高校/新/校区/的/开发/并/挖掘/存量/高校/客户/的/潜在/需求/，/促成/业务/成交/；/4/./关注/高校/新/校区/后勤/物业/招标/信息/、/存量/校园/的/续标/事宜/，/并/跟进/招投标/流程/；/5/./进行/高校/校园/后勤/物业/服务/合同/拟定/，/细节/谈判/，/价格/磋商/，/合同/签订/及/跟进/运营/入场/事宜/；/6/./定期/拜访/高校后勤/分管领导/、/部门/负责人/，/维护/客户关系/，/发现/新/的/机会/并/跟进/；/7/./协助/项目/运营/团队/进行/项目/初始化/进场/以及/前期/客户/对接/、/协调/工作/；/8/./领导/安排/的/其他/相关/临时性/工作/；/任职/要求/：/1/./年龄/30/-/45/岁/之间/，/本科/及/以上学历/，/专业/不/限/；/2.5/年/以上/高校后勤/物业/服务类/销售/经验/，/熟悉/高校/招投标/流程/；/3/./具备/服务/方案/演示/、/讲/标述/标/能力/，/有/后勤/服务项目/中标/经验/优先/；/4/./熟练/使用/管理信息系统/和/办公自动化/软件/office/；/5/./优秀/的/沟通/能力/，/谈判/能力/，/自驱/能力/，/成就动机/强/；/6/./适应/群域/内/城市群/出差/；/工资待遇/：/底薪/20/-/30k/+/业务/提成/+/五险/一金/+/双休/+/带薪/年/假/+/补贴/+/晋升/上班/地点/：/广州///上海///北京///深圳/备注/：/高校/物业/销售/管理/经验/为/必须/，/请/谨慎/投递/！/来源/：/马/克/数/据/网
77628,深圳世联行集团股份有限公司,【/岗位职责/】/1/、/负责/抖音/、/视频/号/等/平台/地产/投放/内容/创作/：/涵盖/文案/撰写/、/短/视频剪辑/、/图文/设计/，/打造/高/转化/内容/助力/项目/获客/；/2/、/配合/直播/、/投流/团队/完成/内容/策划/、/拍摄/、/投放/的/全/流程/，/保障/内容/与/流量/链路/高效/衔接/；/3/、/关注/新/媒体/行业/及/地产/趋势/，/优化/内容/策略/，/参与/集团/内容/素材库/搭建/与/维护/；/4/、/高效/配合/团队/协作/，/完成/上级/交办/的/各项/工作/。/【/岗位/要求/】/1/、/20/-/35/岁/，/网感/好/、/脑洞/大/，/对/新/媒体/内容/创作/充满热情/；/2/、/熟悉/抖音///视频/号/平台/逻辑/，/能/精准/把握/地产/项目/卖点/；/3/、/会/使用/剪映///PR/、/稿定/设计///PS/，/可/独立/完成/短/视频剪辑/、/图文/制作/及/基础/文案/；/4/、/执行力/强/、/善于/协作/，/接受/弹性/工作/，/有/地产///新/媒体/经验/优先/；/5/、/应届生///零/基础/小白/，/爱/学习/肯/钻研/也/可/投递/！/【/公司/特性/】/系统化/专业培训/，/从/0/到/1/提升/技能/；/95/后/年轻/团队/，/扁平化/管理/无/内耗/；/节日/福利/+/下午茶/+/团建/，/带薪/培训/；/集团/核心/资源/加持/，/晋升/通道/清晰/。
2828,成都高投芯未半导体有限公司,岗位职责/：/1/./协助/进行/基础/的/招聘/工作/2/./协助/组织/各类/员工/活动/，/如/培训/、/团建/活动/等/；/3/./协助/进行/员工/关系/管理/；/4/./整理/并/归档/可/接触/的/各类/人力/文件/及/资料/；/5/./协助/进行/员工/信息管理/，/包括/录入/、/更新/及/维护/员工/档案/；/6/./其它/临时性/工作/。/岗位/要求/：/1/./知识/及/教育/水平/：/本科/及/以上学历/，/专业/不/限/，/人力/资源管理/、/工商管理/、/汉语言/专业/等/相关/专业/优先/；/2/./岗位/技能/要求/：/具备/良好/的/沟通/能力/及/团队/合作/精神/；/熟练/使用/Office/办公/软件/，/特别/是/Excel/及/Word/；/具有/良好/的/组织/与/协调/能力/，/能够/处理/多任务/；/具备/良好/的/保密/意识/，/能够/妥善处理/敏感/信息/。/3/./工作/经验/要求/：/无/4/./其它/素质/要求/：/遵纪守法/、/品行端正/、/诚信/廉洁/、/爱岗敬业/。
2833,成都倍特药业股份有限公司,工作/职责/:/1/、/协助/PPM部门/负责人/，/落地/实施/公司/转型期/各项/战略/举措/，/将/公司/战略/转化/为/管线/布局/考量/及/产品/策略/规划/和/执行/计划/；/2/、/负责/在/研/药物/从/PCC/→/临床/开发/→/注册/上市/阶段/的/产品/层面/规划/及/项目管理/，/包括/但/不/限于/产品开发/策略/规划/和/情景/分析/、/产品开发/预算/、/项目/执行/、/风险/与/问题/管理/，/产品/团队/管理/及/关键/关系人/管理/；/3/、/协调/跨/业务/单元/（/研/、/发/、/生产/、/立项/）/、/临床/中心/跨/职能/的/产品开发/团队/组织/和/运营/，/包括/但/不/限于/产品/团队/启动/、/团队/会议/管理/、/团队/目标/设定/，/以及/团队/文化/建设/和/健康/度/调查/等/；/4/、/协助/产品/层级/项目/管治/和/治理/，/根据/项目/阶段/和/状态/，/按/需/协调/产品/项目/团队/获得/公司/管理层/对/产品开发/策略/、/阶段/推进/（/Stage/-/gate/）/及/技术/问题/的/决策/与/建议/；/5/、/协助/PPM部门/负责人/，/及时/更新/产品/项目/计划/、/问题///风险/计划/、/项目/状态/等/，/配合/管线/汇报/及/信息系统/建设/与/维护/；/6/、/负责/产品/年度/运营/计划/及/成本/预算/的/制定/，/及时/提示/潜在/的/资源/增量/需求/及/阶段/推进/需求/；/7/、/负责/产品/风险管理/，/与/QA部门/紧密/协作/，/对/产品/层面/的/风险/（/项目/运营/、/核查/等/）/进行/监控/并/及时/提出/缓解///应对/措施/；/8/、/配合/上级/安排/的/其他/相关/任务/。/任职/资格/:/1/、/硕士/及/以上学历/，/药学/、/生物/、/化学/、/医学/等/学科/相关/专业/背景/;/2/、/至少/3/年/及/以上/研发/管线/管理/、/产品///临床///药学///NPP项目管理/经验/，/熟悉/和/掌握/药品/研发/流程/以及/相关/法律法规/（/如/GMP///GCP/等/）/；/3/、/英语口语/流利/，/可/与/欧美/等/相关方/无障碍/沟通/；/4/、/良好/的/沟通/、/组织协调/能力/与/人际/敏感度/；/5/、/团队/协作/能力/强/，/能够/与/不同/部门/及/层级/保持/有效/沟通/；/6/、/结果/导向/，/要事/为先/。/有/较/强/的/问题/分析/和/解决/能力/；/7/、/能够/同时/处理/多个/任务/，/有/较/强/责任心/及/应变能力/，/能/在/快速/变化/的/环境/中/灵活/应对/；/8/、/熟练/使用/办公室/文档/处理软件/、/项目管理/软件/；/9/、/有/少量/差旅/需求/。/期待/的/经验///经历/：/1/、/2/~/5/年/跨国/药企/、/大型/药企/、/Biotech/管线/组合///项目管理/经验/更佳/；/2/、/跨国/、/跨文化/工作/经验/更佳/。
2864,成都倍特药业股份有限公司,岗位职责/：/1/./负责/制定/、/实施/产品/品牌/计划/；/2/./负责/新/产品/上市/工作/3/./负责/建设/和/维护/临床/专家/4/./负责/市场/活动/跟进/、/产品/知识/培训/、/专业/学术/推广/技能/培训/等/工作/5/./负责/提供/产品/服务/6/./负责/跨部门/协作/沟通/7/./其他/事项/任职/要求/：/1/./本科/及/以上学历/，/医药/相关/专业/，/5/年/以上/工作/经验/；/2/./有/产品/、/推广/和/销售/经历/优先/；/3/./熟悉/产品/相关/的/专业技能/，/例如/数据/统计分析/、/市场调研/等/4/./熟悉/销售/和/销售/赋能/，/有/销售/或/销售/管理/经验/优先/。
2901,成都壹为新能源汽车有限公司,岗位职责/：/1/，/负责/公司/微信/公众/号/文案/编写/、/编辑/发布/；/2/，/负责/公司/抖音/、/视频/号/文案/编写/，/协调/拍摄/、/剪辑/；/3/，/负责/协助/活动/宣传/策划/及/筹备/；/4/，/负责/公司/微信/、/微博/、/抖音/、/网站/等/网络/公众/帐号/的/维护/运营/5/，/负责/公司/产品/宣传/等/平面设计/相关/工作/6/、/负责/公司/品牌/宣传/等/相关/工作/岗位/要求/：/1/，/本科/及/以上学历/，/广告学/、/市场营销/、/新闻学/、/传播/、/汉语言/文学/相关/专业/优先/2/，/能/熟练/运用/WORD/、/PPT/、/EXCEL/等/办公/软件/，/熟练/使用/图片/及/视频/处理/工具/；/3/，/熟练/运用/微信/公众/号/排版/编辑器/；/4/，/较强/的/市场/敏感度/和/用户/感知/，/能够/精准/捕捉/亮点/，/擅长/营销性/文案/撰写/;/5/，/发散型/创意/思维/，/善于/独立思考/，/洞察力/强/，/善于/思考/，/并/具备/良好/的/企业形象/意识/;/6/，/较强/的/沟通/协调/能力
2860,成都倍特药业股份有限公司,工作/职责/:/1/./负责/放射性/药品/质量/管理工作/，/包括/质量体系/的/搭建/及/维护/；/2/./负责/组织/对/质量事故/和/投诉/事件/进行/调查/分析/、/制定/处理/方案/，/并/跟踪/整改/；/3/./负责/经营/体系/计算机系统/的/管理/：/包括/供应商/管理/，/账号/、/权限/的/审批/，/数据/的/管理/等/；/4/./负责/定期/的/质量/回顾/和/总结/，/制定/预防措施/和/解决/措施/；/5/./负责/日常/的/巡查/及/抽查/；/6/./对外/的/沟通/协调/等/，/包括/和/上游/供应商/、/下游/客户/以及/销售/的/沟通/协调/。/任职/资格/:/1/./本科/及/以上学历/，/药学/、/核医学/专业/；/2/./至少/需/有/三年/GSP/的/质量/管理/经验/，/并/持有/执业/药师/证/；/3/./有/放射性/药品/、/核药/经销商/质量/管理/经验/优先/考虑/；/4/./具备/持续/学习/的/能力/、/具备/强/责任心/、/强/沟通/协调/能力/；/5/./熟悉/药品/管理法/、/药品/经营/质量/管理/规范/（/GSP/）/、/GMP/（/生产/环节/相关/）/等/法规/要求/；/熟悉/药监/注册/流程/；/备注/：/该/岗位/为/涉及/放射性/职业/危害/岗位/。
48104,上海森兰外高桥商业营运中心有限公司,工作/职责/：/一/、/媒体/：/1/、/制定/项目/整体/新/媒体/营销/策略/，/把/控/预算/开展/媒体/推广/；/2/、/负责/媒体/和/外部/关系/维护/，/文案/输出/。/二/、/活动/策划/：/1/、/负责/商场/全年/活动/计划/拟定/及/预算/把/控/；/2/、/负责/活动/落地/、/流程/及/复盘/。/三/、/会员/管理/：/1/、/制定/年度/会员/市场推广/计划/，/把/控/预算/开展/会员/活动/营销/与/商场/活动/渠道/的/宣传/推广/，/对/接客/关/部门/；/2/、/运维/会员/体系/和/营销/工具/，/沟通/整合/内外部/资源/及/会员/营销/平台/。/四/、/多经/管理/：/1/、/根据/年度/收入/情况/定制/下/年度/KPI指标/；/2/、/寻找/客户/，/租赁/洽谈/、/签约/及/后续/维护/。/五/、/美陈/设计/：/1/、/制定/项目/整体/视觉/风格/和/延展/标准/，/规范/商户/在场/画面/形象/，/配合/各/活动/画面/需求/；/任职/条件/：/1/、/本科/及/以上学历/，/三年/以上/商业/行业/工作/经验/；/2/、/具有/较强/的/广告/专业知识/，/接受/相关/专业培训者/优先/；/3/、/具有/较强/的/文案/功底/和/语言表达/能力/和/沟通/能力/；/4/、/具有/一定/的/商场/企划/、/宣传/经验/。/2/、/日常/氛围/、/软装及/物料/规划/及/落地/，/主题/区域规划/及/落地/。/。/（/来自/马克/数据网/）
533,国药集团一致药业股份有限公司,工作/内容/：/主要职责/：/-/负责/药房/药品/的/采购/、/验收/、/配药/和/库管/等/工作/，/确保/药品/的/质量/和/数量/的/准确性/。/-/负责/药房/药品/的/配送/和/跟进/，/确保/药品/能够/按时/送到/患者/手中/。/-/负责/药房/药品/的/盘亏/、/丢失/和/其他/药品/异常情况/的/处理/，/及时/上报/并/协助/相关/部门/做好/处理/工作/。/-/负责/药房/药品/的/效期/管理/和/提醒/，/确保/药品/在/有效期/内/使用/。/-/负责/药房/药品/质量/的/监督/和/管理/，/确保/药品/的/质量/符合规定/标准/。/-/负责/药房/药品/安全/管理/，/遵守/相关/规定/，/对/药品/过敏/等/突发事件/进行/处理/。/-/协助/药房/经理/完成/其他/临时性/工作/，/并/对/药房/的/工作/进行/总结/和/反思/，/提出/改进/措施/。/职位/要求/：/-/熟知/CAR/-/T品种/，/持/执业/药师/证/，/临床医学/、/预防/医学/、/免疫学/、/微生物学/等/专业本科/以上学历/；/-/不/限/工作/经验/，/但/需要/具备/良好/的/沟通/能力/和/团队/合作/精神/。/-/熟练掌握/药品/管理/、/药品/配送/和/药品/质量/等/基本知识/和/操作技能/。/-/熟悉/药品/供应链/管理/流程/，/了解/药品/生产/、/销售/等/环节/的/基本知识/。/-/具备/一定/的/药品/不良反应/和/药物/相互作用/等/安全/知识/，/能够/处理/相关/事件/。
7591,衢州瑞泰新材料有限公司,岗位职责/：/1/、/负责/品质/管理/相关/内容/的/培训/；/2/、/收集/、/分析/与/处理/公司/内外/有关/数据/，/负责/公司/统计/技术/的/选用/、/培训/和/指导/；/3/、/参与/公司/各项/管理体系/的/建立/、/运行/、/维护/工作/，/并/严格执行/；/4/、/协助/部门/主管/制定/产品/审核/、/过程/审核/计划/，/并/参与/实施/；/5/、/协助/部门/主管/组织/接受/外审/，/参与/开具/的/不/符合/项/的/纠正/预防措施/的/实施/与/验证/；/6/、/参与/本/部门/质量事故/、/环境/事故/、/安全事故/的/调查/和/整改/；/7/、/参与/公司/内部/各类/活动/及/培训/，/自觉遵守/公司/各项/管理制度/；/8/、/负责/公司/产品/及/物质/的/法规/符合性/政策/工作/；/9/、/完成/领导/交办/的/其它/事务/；/任职/资格/：/1/、/专科/以上学历/，/质量/管理/专业/或/相关/专业/；/2/、/熟悉/ISO9001/、/16949/质量体系/，/受过/质量/管理/等/方面/的/培训/，/熟悉/品质/管理/收发/。/具备/体系/内审员/、/VDA6.3/审核员/资格证书/；/3/、/了解/APQP/、/PPAP/、/FEMA/、/SPC/、/MSA五大/工具/，/熟练/运用/office/软件/；/。/来自/马/-/克/-/数/-/据/-/官网
89151,九州通康达(北京)医疗器械有限公司,微信/公众/号/马克/数据网/销售/助理/职位/描述/：/1/./负责/制定/和/实施/区域/销售/计划/、/目标/；/2/./掌握/市场动态/，/协助/销售/代表/积极/开拓市场/，/完成/公司/销售/目标/；/3/./协助/销售/代表/对外/沟通/，/对/市场/进行/全面/分析/；/4/./贯彻/公司/销售/管理/政策/，/制定/审核/所/辖/区域/内/各/客户/的/具体/终端/销售/拉动/措施/；/5/./对/区域/内/的/客户/进行/科学管理/；/6/./可/接受/出差者/优先/。/任职/条件/：/1/./工作/认真/、/谨慎/、/细心/、/责任心/强/；/2/./具有/较强/的/沟通/、/协调/能力/，/优秀/的/外联/、/公关能力/，/具有/解决/突发事件/能力/；/3/./掌握/完善/的/销售/技巧/，/具备/优秀/的/与/客户/沟通/的/能力/；/4/./较强/的/业务/拓展/能力/，/有/较/好/的/搜集/分析/销售/线索/的/能力/；/5/./大专/及/以上学历/，/有/医疗器械/行业/销售/经验者/优先/。/6/./会/驾驶者/优先/。/职位/福利/：/五险/一金/、/年底/双薪/、/绩效奖金/、/加班/补助/、/带薪/年/假/、/定期/团建
48930,上海三毛企业（集团）股份有限公司,1/./公司/5C价值/管理体系/的/搭建/及/管控/；/2/./公司财务/信息化/的/搭建/及/维护/；/3/./协助/完成/公司/财务管理/制度/建设/；/4/./协助/完成/公司/筹融资/管理/。
79517,北京市朝阳区凯文学校,（/来自/马克/数据网/）/岗位职责/：/1/、/负责/公众/号/的/文章内容/编辑/、/撰写/、/创意/、/维护/等/日常/运营/，/包括/常规/推送/内容/的/编辑/，/排版/和/发布/；/2/、/善于/发现/教育/热点话题/和/校园/活动/，/策划/撰写/朝阳/凯文/部分/选题/、/内容/编辑/、/活动/策划/等/运营/工作/；/3/、/参与/国际/教育/行业/研究/和/教育/动态/，/及时/更新/内容/运营/工作/的/调整/建议/和/策略/；/4/、/参与/并/维护/媒体/关系/，/为/媒体/征稿/提供/朝阳/凯文/相关/信息/和/介绍/，/宣传/朝阳/凯文/品牌/。/5/、/协助/市场/部门/定期/或/不定期/的/活动/执行/，/配合/协助/推广/。/任职/要求/1/、/具有/较强/的/文字/表达能力/和/文案/功底/；/2/、/能够/熟练/使用/秀米/、/135/等/编辑器/进行/排版/设计/；/3/./大学/英语/四级/以上/，/具备/基本/的/英语/沟通/能力/；/4/./有/良好/的/逻辑思维/和/计算能力/，/专业/不/限/；/5/./熟悉/一般/电脑操作/，/熟练/使用/电子邮件/、/Word/和/Excel/；
48408,上海南洋昂立教育培训有限公司,一/、/岗位职责/：/1/./了解/客户/申请/留学/的/相关/背景/情况/，/按照/公司/规定/的/工作/流程/帮助/客户/进行/时间/规划/、/背景/提升/规划/、/文书/素材/收集/、/院校/专业/推荐/等/；/2/./帮助/客户/进行/文书/材料/的/准备/，/并/完成/文书/写作/；/对/申请/文书/进行/组织/、/整理/、/翻译/、/校对/和/文字/陈述/；/3/./填写/并/递交/各类/申请/表格/，/并/在/递交/申请/后/，/定期/跟进/检查/进度/；/4/./为/已/签约/学生/办理/留学签证/，/提供/签证/培训/等/；/5/./与/留学/前期/顾问/、/留学/规划师/协同/完成/学生/留学/全程/工作/。/二/、/任职/要求/：/1/./本科/或/以上学历/，/专业英语/8/级/或/相当/水平/；/有/留学/行业/经验/或/海外/留学/经历者/优先/考虑/；/2/./热爱/教育/行业/，/了解/英美/国家/的/留学/专业知识/；/3/./拥有/出色/的/沟通/能力/和/协调/能力/，/能够/承受/较大/的/工作/压力/。
15397,大连三垒科技有限公司,负责/塑料/管材/自动化/生产线/设备/的/机械设计/工作/，/要求/，/全日制/本科/及/以上学历/，/5/年/以上/机械设备/产品/整机/设计/经验/。/应届/毕业生/可/考虑/。
26805,长沙开元仪器有限公司,任职/资格/：/1/、/22/-/30/岁/，/计算机/、/机械/或/电子类/专业/本科学历/；/2/、/有/良好/的/英语/基础/，/CET/-/4/以上/水平/，/能/识别/电子/元器件/和/简单/的/电路图/，/有/一定/的/机械/常识/；/3/、/学习/能力/强/，/善于/沟通/，/适应/短期/海外/出差/。/4/、/薪资/构成/：/基本工资/+/出差/补助/+/具有/竞争力/的/奖金/职位/福利/：/六险/一金/、/年底/双薪/、/包住/、/包吃/、/带薪/年/假/、/定期/体检/、/节日/福利/该/数据/由/</马克/数据网/>/整理
79510,北京文华学信教育投资有限公司,"岗位/要求/：/1/、/相关/教学/经验丰富/，/性格开朗/；/2/、/带领/学生/制作/成品/；/3/、/对/课堂/有/良好/的/把/控力/；/4/、/善于/与/学生/沟通/，/灵活处理/课堂/问题/。/岗位/描述/：/本/岗位/授课/对象/为/国际/学校/中学生/，/课程/主题/为/3D城市/方向/，/上课/时间/是/每周三/15/:/50/-/16/:/30/,/长期/兼职/。"
24334,宋城演艺发展股份有限公司,1/、/有/相关/岗位/工作/经验/优先/；/2/、/执有/高配/电工/上岗证/；/3/、/具有/强弱电/及/水管/线路/等/水电/安装/方面/的/技能/；/4/、/熟悉/高配/方面/业务/，/有/分析/水电/线路/故障/能力/；/5/、/工作/有/责任心/，/勤奋/踏实/，/能/吃苦耐劳/，/具有/高度/的/敬业精神/。
24350,宋城演艺发展股份有限公司,1/、/专科/以上学历/，/旅游类/、/空乘类/等/相关/专业/；/2/、/熟悉/景区/接待/流程者/优先/，/有/良好/的/英语/基础/优先/；/3/、/具有/良好/服务/意识/和/普通话/标准/；/4/、/*/*/*/、/思维能力/强/、/应变能力/突出/。/详见/官网/：/www/./macrodatas/./cn
81071,桂林漓江千古情演艺发展有限公司,岗位职责/：/1/、/做好/每场/演出/前/灯光///音响///机械设备/的/检查/及/演出/前/的/准备/工作/；/2/、/做好/日常/灯光///音响///机械设备/的/维护/工作/，/确保/演出/设备/的/正常/运行/；/3/、/做好/所有/演出/点/灯光///音响///机械设备/的/日常/检修/工作/，/发现/问题/及时/修复/，/确保/演出/的/正常/；/4/、/配合/演出/点/做好/灯光///音响///机械设备/的/安装/、/调试/工作/；/5/、/做好/剧院/及/景区/外接/活动/灯光///音响///机械设备/操作/需求/的/前期/对接/以及/现场/操作/时/突发/问题/的/应急/处理/。/任职/要求/：/1/、/2026/年/灯光///机械///电气///自动化/等/相关/专业/应届/毕业生/；/2/、/有/良好/的/团队/合作/精神/和/较/强/的/责任心/。/马/克/数/据/网
83538,深圳市中润光电技术有限公司,岗位职责/：/-/主要/负责/五金/结构件/、/外辅/设备类/、/塑胶/硅胶/、/包材/及/小五金类/的/采购/对账/工作/-/根据/生产/需求/，/及时/完成/采购/任务/，/保证/生产/顺利进行/-/与/供应商/建立/并/维护/良好/的/合作/关系/，/供应商/资料库/的/建立/和/更新/等/，/建立/供应商/资质/评估/体系/，/定期/组织/评估/认证/-/负责/采购/成本/控制/，/采购/台账/的/及时/更新/及/准确性/以及/相关/资料/文件/的/归档/与/管理/；/-/领导/安排/的/其他/工作/；/岗位/要求/：/-/大专/及/以上学历/-/LED显示屏/结构件/的/采购/，/熟悉/CNC/和/钣金件/加工/工艺流程/，/五金/成本/预估/，/五金模具/、/塑胶模具/、/包材/，/有/采购/资格证/优先/-/LED显示屏/行业/采购/经验者/优先/-/具备/团队/协作/精神/、/为人正直/、/有/责任心/、/沟通/、/协调/和/处理事务/能力/较强/；/-/具备/良好/的/谈判/能力/、/成本/意识/较强/、/对/市场/变化/有/敏锐度/职位/福利/：/带薪/年/假/、/绩效奖金/、/提供/中餐/、/五险/、/优秀员工/奖金
91137,新疆兵团勘测设计院集团股份有限公司,一/、/单位/介绍/：/新疆/兵团/勘测/设计院/集团股份/有限公司/（/以下/简称/兵团/设计院/）/成立/于/1952/年/10/月/，/总部/位于/新疆/乌鲁木齐/。/现/拥有/工程/勘察/综合/、/工程/咨询/资信/综合/2/个/综合/甲级/资质/，/农业/、/林业/、/水利/、/建筑/、/公路/、/测绘/等/16/个/行业/、/专业/甲级/资质/和/电力/、/市政/、/环境工程/、/风景园林/工程设计/等/23/个/行业/、/专业/乙级/资质/。/1999/年/取得/ISO9001/:/1994/质量体系/认证/证书/，/2011/年/通过/环境/、/职业/健康/和/安全/管理体系/认证/，/2019/年/被/评为/国家级/高新技术/企业/，/2020/年/被/评为/全国/文明单位/，/入选/全国/214/家/“/优秀/勘察/设计/企业/”/之一/、/国务院/国资委/全国/200/家/“/创建/世界/一流/专精/特新/领军/示范/企业/”/名单/，/综合/实力/在/新疆/名列前茅/。/经过/70/余年/的/发展/，/兵团/设计院/已/成长/为/涵盖/勘测/设计/、/综合/咨询/和/工程/总/承包/三大/业务/板块/的/综合性/企业/集团/，/下设/10/个/职能部门/、/16/个/分院/（/含疆外/5/个/）/、/4/户/子公司/和/4/户/参股/企业/，/在职员工/1600/余人/，/其中/享受/国务院/政府/特殊津贴/专家/14/人/、/教授级/高工/97/人/、/高级/工程师/450/余人/，/各类/执业/注册/人员/400/余人次/。/近年来/，/兵团/设计院/坚持/“/立足/新疆/、/放眼/全国/、/走向世界/”/的/发展/战略/，/着力/强化/市场/布局/，/先后/在/云南/、/四川/、/陕西/、/重庆/、/内蒙古/等/省市/成立/了/分院/。/二/、/招聘/要求/：/1/./具备/胜任/工作岗位/的/身体素质/条件/。/2/./能够/接受/出差/。/3/./社会/招聘/需/工作/经验/为/水利工程/、/水土保持/、/移民/征地/、/地质/勘察/、/规划设计/相关/，/持有/注册/土木工程师/(/水利水电/工程/)/证书/。/三/、/薪酬/：/工资/构成/：/基本工资/+/效益工资/基本工资/=/岗位/工资/（/4700/-/5600/）/+/工资/保障/（/2330/）/+/交通/补/（/100/）/+/餐补/（/300/）/。/试用期/岗位/工资/乘以/0.8/。/效益工资/按/个人/产值/发放/效益工资/，/多劳多得/（/新疆地区/全年/15/-/30w/效益工资/）/；/效益工资/为/次年/发放/上一年/，/按/月/平均/发放/。/持有/国家/注册/证书/的/参照/市场价/按/月/发放/技能/补贴/，/部分/给予/一次性/奖励金/，/1/-/10/万元/不/等/（/注册/土木工程师/（/水利水电/工程/）/5000///月/，/给予/一次性/奖励金/10w/）/。/试用期/6/个/月/，/第一次/签订/三年/正式/劳动合同/。/四/、/福利/：/（/一/）/五险/二金/：/入职/即/缴纳/五险/一金/，/缴纳/基数/为/上一年/实际/平均/月/收入/，/缴纳/比例/养老/个人/8%/，/企业/16%/，/住房/公积金/单边/12%/。/企业/年/金/转正/后/自愿/缴纳/，/个人/4%/，/企业/8%/。/（/二/）/柔性/福利/1/./住宿/安排/：/第一年/提供/单身/职工宿舍/，/第二/、/三年/发放/房补/。/2/./就餐/情况/：/乌鲁木齐/、/石河子/、/昆明/设有/职工食堂/，/以/内部/价格/就餐/。/3/./体检/：/免费/入职/体检/，/工作/满/一年/后/可/享受/年度/免费/体检/，/每年/一次/。/4/./假期/：/享受/年休假/、/探亲假/、/婚假/、/产假/、/护理/假/等/法定/节假日/。/5/./爱心/互助/基金/救助/：/①/在职/职工/给予/住院/医疗/补助/；/②/临时/困难/救助/。
26777,海伦钢琴股份有限公司,工作/内容/：/木材/粗加工/福利/：/长白/班/，/五天/八小时/，/提供/中餐/，/入职/交五险/。/满勤/4000/元///月/要求/：/遵守/公司/规章制度/，/服从/车间/合理安排/，/吃苦耐劳/，/有/团队/合作/精神/，/45/左右
63139,九木杂物社企业管理有限公司,（/一/）/、/薪资/福利/：/1/、/薪资/结构/：/底薪/+/全勤/+/提成/+/考核/奖金/；/2/、/工作/时间/：/八小时/工作制/3/、/福利待遇/：/节假日/加班费/、/带薪/年/假/；/按照/国家/规定/缴纳/社会保险/，/并/缴纳/住房/公积金/02/（/二/）/、/完善/的/培训/及/晋升/体制/店长/—/—/大/店长/—/—/区长/02/（/三/）/、/职位/职责/：/1/、/拆解/店铺/的/销售/计划/，/带领/团队/达成/业绩/目标/；/2/、/店铺/日常/管理工作/及/指导/、/带教及/评估/；/3/、/人员/招聘/，/培养/，/及/梯队/搭建/；/4/、/做好/货品/销售/记录/、/盘点/、/账目/核对/等/工作/；/5/、/卖场/管理/确保/货品/安全/，/避免/货品/失窃/等/其他/损失/情况/；/02/（/四/）/、/任职/要求/：/1/、/有/良好/的/抗压/能力/和/沟通/能力/；/2/、/学习/能力/强/，/适应/零售/店铺/工作/强度/；/3/、/服从/领导/安排/，/及时处理/沟通/内容/，/有/责任心/；/具体/亲和力/，/踏实/稳重/。/有/团队/合作/精神/。
10253,奥飞娱乐股份有限公司,岗位职责/：/1/、/跟进/新/产品/手板/评审/、/报价/、/EP/、/FEP/、/PP/等/各/阶段/进度/；/2/、/标准/工时/制订/；/3/、/新老/产品/辅料/用量/、/工艺/路线/与/工艺/文件/的/制订/；/4/、/跟进/车间/新/产品/生产/排拉及/效率/提升/；/5/、/库存/改/包装/评估/与/现场/指导/；/6/、/自动化/项目/评估/立项/、/推进/与/效果/跟踪/；/7/、/改良/项目/；/8/、/异常/补贴/成本/评估/、/管控/及/会签/；/9/、/通过/工艺/优化/、/现场/改善/等/降低/人工成本/。/任职/资格/：/1/、/大专/以上学历/，/机电工程/、/自控/工程/、/工业/工程/等/相关/专业/，/3/年/以上/玩具/行业/PIE工作/经验/；/2/、/熟悉/玩具/产品/结构/工艺/；/3/、/对/品质/﹑/效率/﹑/成本/有/独特/的/认识/；/4/、/熟悉/单元/拉/生产/模式/；/5/、/熟练/使用/MS/Office/、/CAD软件/操作/，/能/熟练/使用/相关/应用软件/编制/工艺/文件
47700,老凤祥（重庆）首饰有限公司,岗位职责/1/、/负责/直营/门店/的/全面/运营/管理/；/2/、/负责/直营/门店/店员/销售/管理/；/3/、/负责/新/产品/知识/和/新/技术/的/讲解/和/培训/；/4/、/负责/指定/直营/门店/人员培训/需求/计划/和/培训/信息/的/搜集/；/5/、/负责/落实/受训/人员/的/内部/和/外部/培训评估/；/6/、/负责/指导/和/落实/公司/在/卖场/各项/管理制度/执行/和/规范/工作/；/7/、/负责/竞争/品牌/直营/市场/信息/的/搜集/、/整理/；/8/、/负责/VIP客户档案/的/更新/和/维护/；/9/、/负责/所属/门店/的/业绩/制定/与/达成/；/10/、/协助/运营/经理/执行/门店/促销/和/推广/工作/的/计划/和/实施/；/11/、/负责/员工/的/行为/和/情绪/管理/，/处理/客诉/；/12/、/负责/门店/补货/计划/、/货品/盘点/、/新/员工/招聘/需求/提报/等/；/13/、/负责/区域/市场/内异业/推广/工作/的/实施/、/执行/与/维护/；/14/、/完成/上级领导/交办/的/其他/任务/。/任职/资格/1/、/具备/三年/及/以上/珠宝首饰/销售/管理/经验/，/具备/良好/的/沟通/能力/、/强烈/的/服务/意识/；/2/、/熟悉/、/掌握/、/宣导/、/传授/、/管理/、/优化/店铺/员工/的/服务/礼仪/、/销售/技巧/；/3/、/熟练/运用/office/办公/软件/、/数据/统计/和/分析/能力/；/4/、/有/一定/自我/提升/的/学习/能力/和/自律/能力/，/善于/思考/、/敢于/直面/问题/、/解决问题/。/（/来源/马克/数据网/）
63138,安硕文教用品（上海）股份有限公司,工作/职责/：/负责/国际/业务部门/产品/管理/和/产品开发/相关/工作/。/一/、/产品/管理/，/承接/OEM客户/的/产品设计/理念/a/./设计规范/（/视觉效果///材质/工艺///配件/）/b/./产品/效果图/c/./供/客户/或/内部/打样///生产/使用/的/产品设计/规格书/二/、/产品包装/设计/管理/、/包装/理念/管理/a/./市场/消费/趋势/b/./包装/规范/（/开启/结构/、/产品/排布/、/材质/工艺/、/视觉效果/）/c/./包装/效果图/三/、/产品开发/（/研发/相关/，/配方/与/性能/）/自有///OEM配方/—/市场/消费/趋势/（/色系/）/自主/涂装///喷涂/设计/理念/a/./产品/效果图/b/./供/客户/或/内部/打样///生产/使用/的/产品设计/规格书/四/、/市场/相关/工作/a/./广交会/展位/设计方案/b/./展位///供应商/规范/c/./展会/搭建/、/参展/及/现场/沟通/对接/任职/要求/：/1/、/扎实/的/工程/背景/，/机械/工程师/优先/2/、/10/年/以上/消费品/行业/工作/经验/3/、/能够/学习/并/理解/相关/法规/，/包括/物理/及/化学/法规/4/、/出色/的/沟通/能力/和/项目管理/能力/5/、/良好/的/英语/沟通/技能/优先/考虑
56371,凤凰汉竹图书（北京）有限公司,任职/资格/：/1/、/需/1/-/2/年/以上/工作/经验/，/本科/以上学历/，/平面设计/及/相关/专业/，/设计/功底/扎实/，/有/一定/的/设计/思路/，/熟练/使用/苹果电脑/。/2/、/熟练/使用/设计/软件/（/精通/Indesign/、/Photoshop/、/Illustrator/）/，/有/较/强/创意/能力/和/设计/表达能力/；/3/、/熟悉/从/制作/到/打样/出片/的/工艺流程/，/熟悉/图书/印前/印后/工艺/，/并/能/完成/整套/流程/的/跟/盯/工作者/优先/录用/4/、/对/文字/敏感/，/沟通/能力/强/；/5/、/有/独立/的/个人/作品/，/有/知名/图书/公司/、/广告公司/工作/经验者/优先/录用/；/6/、/应聘/人员/简历/请/附带/作品/，/且/应/提供/之前/具体/工作/内容/描述/。/岗位/职能/：/1/、/能/独立/判断/出/概念设计/方案/并/能/遵循/市场/定位/、/风尚/潮流/走向/等/，/并/运用/到/实际/工作/中/；/2/、/配合/团队/成员/进行/图/文书/的/设计/与/排版/；/3/、/独立/完成/四色/图/文书/的/风格/设计/、/版式/设计/、/封面设计/、/内容/排版/及/后期/处理/。
90392,中国科技出版传媒股份有限公司,主要职责/：/在/部门/负责人/指导/下/，/负责/集团/投资/企业/股权/管理工作/。/1/./协助/部门/负责人/组织/实施/部门/工作/计划/；/2/./负责/督促/指导/持股/企业/建立/和/完善/公司法人/治理/各项/制度/，/并/按/制度/规范/运作/；/3/./负责/组织/对/控股/企业/股东/（/大/）/会/、/董事会/议案/的/内部/审核/；/4/./负责/持股/企业/“/三会/”/形成/的/会议纪要/、/决议/及/相关/文件/的/整理/并/存档/，/并/跟踪/掌握/决议/的/执行/和/落实/情况/。/5/./协助/开展/战略规划/和/创新/业务/研究/工作/。/6/./完成/领导/交办/的/其他/工作/。/三/、/任职/条件/和/资格/：/1/./中共党员/，/具有/硕士/研究生/及/以上学历/；/2/./年龄/40/周岁/以下/，/特别/优秀者/年龄/可/适当/放宽/；/3/./在/公司/治理/、/股权/管理/、/企业/管理/、/投资/管理/方面/有/经验者/优先/，/熟悉/出版/传媒/行业者/优先/；/4/./具备/较强/的/文字/表达能力/、/沟通/协调/能力/和/管理/能力/，/能够/协助/领导/做好/部门/内/各项/工作/，/有/良好/的/团队/协作/精神/，/具有/较强/的/服务/意识/和/奉献精神/。/参加/竞聘/人员/请/务必/在/中国/科技/出版/传媒/集团/有限公司/网站/（/http/://///www/./cspmg/./cn///tzgg///rczp///）/下载/《/竞聘/报名表/》/发送至/指定/邮箱/，/通过/资格/审查者/通知/参加/面试/及/公开/答辩/。/联系人/：/王老师/邮件地址/:/*/*/*/*/*/*/*/*/*/*/*/*/*/*/*/*/*/*/*/*/*/*/*
56330,广东省出版集团数字出版有限公司,岗位职责/：/1/./设计/培训/课程/与/宣传/资料/；/2/./协助/部门/开展/各级/数字/教材/培训/；/3/./拜访/市///区/教育部门/，/了解/当地/教育/计划/和/方向/，/促成/合作/，/打造/教学/成果/；/4/./承担/活动/策划/并/跟进/活动/进度/，/落实/活动/组织/、/宣传/、/数据/跟踪/、/结果/反馈/等/工作/；/5/./创新/项目/开拓/。/任职/要求/：/1/./本科/以上学历/，/有/从事/过/教育/教培/相关/工作/经验/或/具有/教师/资格证者/优先/；/2/./具有/对外/培训/能力/，/可/根据/不同/对象/、/场景/设计/不同/的/培训/内容/；/3/./具有/良好/的/沟通/能力/、/学习/能力/和/文字/功底/，/对/教育/行业/、/教育/教学/规律/有/一定/的/理解/；/4/./具有/独立思考/和/创新/意识/。
55938,科学出版社成都有限责任公司,1/./岗位职责/（/1/）/中小学/科学类/专题/课程/开发/、/测试/与/优化/；/（/2/）/中小学/科学类/专题/课程/产品开发/和/运营/的/市场调研/及/调研/报告/的/撰写/；/（/3/）/中小学/科学类/专题/课程/发布会/、/研讨会/、/评审会/、/论坛/等/方案/起草/；/（/4/）/中小学/科学类/专题/课程/开发/需求/分析/及/开发/方案/起草/；/（/5/）/科教/产品/宣传/资料/的/收集/、/整理/与/发布/等/工作/。/2/./任职/资格/（/1/）/课程/与/教学论/、/学科/教学/（/物理/）/、/科学/与/技术/教育/、/人工智能/教育/、/现代/教育/技术/、/教育/技术/学等/相关/教育/（/学/）/专业/的/在校/研究生/或/优秀/本科生/。/（/2/）/文字/功底/扎实/，/兴趣/广泛/，/热爱/科学/教育/工作/，/有/团队/合作/意识/，/沟通/协调/能力/强/。/（/3/）/有/中小学校/信息/科技/（/技术/）/、/科学/、/物理/及/其他/相关/学科/教学/（/实习/）/经历者/优先/。/（/4/）/有/基础教育/阶段/科学类/课程/开发/经验者/优先/。/（/5/）/有/绘画/特长/、/视频剪辑/制作/特长者/优先/。/3/./岗位/薪酬/：/研究生/150/元///天/，/本科生/120/元///天/。
56378,北京法宣在线科技有限公司,职位/描述/1/./负责/书稿/的/审稿/、/深度加工/、/文案/撰写/等/，/认真/打磨/，/做到/内容/完善/、/体例/严谨/、/文字/通达/。/2/./负责/出版/流程/（/设计/、/排版/、/校对/、/印制/）/进度/跟踪/和/质量/管控/。/3/./参与/选题/调研/、/策划/、/开发/，/以及/融/媒体/图书/的/拓展/、/创新/。/职位/要求/1/./法学/本科/及/以上学历/，/能够/清晰/理解/、/准确/判断/法律/专业/内容/，/条件/优秀者/以及/有/法律/类图书/编辑出版/经验者/，/待遇/从优/。/2/./具备/良好/的/汉语言/文字编辑/、/加工/及/表达能力/；/能够/抓住/图书/特点/，/撰写/精准/有效/的/文案/。/3/./品行端正/，/具备/敬业精神/和/职业/操守/；/工作/认真/、/细致/、/严谨/，/责任心/强/，/积极主动/，/善于/合作/、/沟通/。
86629,安徽鑫科新材料股份有限公司,（/一/）/岗位职责/：/1/./负责/工厂///车间/工业/互联网/平台/\/MES/\/WMS/等/工业/软件系统/项目/实施/，/包括/现场/调研/、/需求/分析/、/数据/整理/、/用户/培训/、/环境/部署/及/安装/、/系统/测试/、/上线/及运维/等/工作/；/2/./保持/与/项目/组成员/的/良好/沟通/，/根据/项目经理/安排/推进/项目/实施/，/保证/项目/进度/与/质量/；/3/./根据/项目/需求/和/客户/行业/特点/，/设计/系统/解决方案/，/与/公司/研发/团队/密切/沟通/，/跟进/开发进度/，/测试/和/验收/开发/成果/；/4/./负责/定制/MES/\/WMS/等/与/其他/常见/系统/（/ERP/等/）/的/集成/方案/；/5/./整理/项目/文档/，/积累/内部/知识库/；/包括/行业/解决方案/、/设备/对接/方案/和/系统/对接/方案/等/的/总结/。/（/二/）/岗位/要求/：/1/./专科/及/以上学历/，/计算机技术/、/自动化/、/工业/物/联网/、/软件工程/等/相关/专业/；/英语口语/优秀者/优先/2/./二年/以上/MES/\/WMS/等/工业/软件系统/及/工厂///车间/相关/制造/管理系统/实施/经验/优先/；/3/./掌握/软件/项目/实施/管理工作/流程/，/理解/车间/现场/生产/计划/、/生产/排程/、/制造/管理/、/质量/管理/、/生产/物流/等/业务/；/4/./具有/良好/沟通/能力/，/有/良好/的/逻辑/分析/能力/；/5/./具备/良好/的/系统/需求/分析/和/文档/编写/能力/；/6/./有/良好/的/团队精神/，/富于/工作/热情/，/能/承受/较大/的/工作/压力/和/工作/责任/、/可/独立/或者/配合/团队/开展/工作/；/7/./能够/适应/周边地区/出差/。
63427,深圳市新星轻合金材料股份有限公司,【/工作/内容/】/-/负责/公司/日常/采购/工作/，/包括/供应商/开发/、/比价/、/议价/及/订单/跟踪/；/-/协调/与/供应商/之间/的/沟通/，/确保/物料/按时/、/按质/、/按量/供应/；/-/跟踪/采购/流程/，/处理/采购/合同/及/相关/单据/；/【/任职/要求/】/-/具有/2/年/文职/工作/经验/或/采购/经验/；/-/具备/良好/的/沟通/能力/和/团队/协作/精神/；/-/工作/认真细致/，/责任心/强/，/能/承受/一定/工作/压力/；/-/熟悉/办公/软件/操作/，/有/较/强/的/数据处理/能力/。/（/macrodatas/./cn/）
46894,赣州虹飞钨钼材料有限公司,【/岗位职责/】/1/、/体系/推行/：/协助/上级/在/公司/范围/内/推行/精益/生产/理念/，/与/集团/对接/相关/工作/。/2/、/现场/改善/：/深入/车间/，/识别/生产/过程/中/的/浪费/，/主导/或/参与/小型/精益/改善/项目/。/3/、/效率/提升/（/重点/工作/）/：/协调/工程师/、/设备/人员/开展/TPM/，/提升/设备/综合/效率/（/OEE/）/。/4/、/培训/宣导/：/组织/一线/员工/进行/精益/基础知识/培训/，/营造/全员/改善/的/文化氛围/。/5/、/持续/改进/：/跟踪/改善/项目/的/实施/效果/，/固化/成果/并/推广/至/其他/产线/。/【/任职/要求/】/1/、/学历/专业/：/本科/及/以上学历/，/机械类/、/工业/工程/、/材料类/等/相关/专业/。/2/、/经验/要求/：/1/年/现场/工作/经验/（/优秀/应届/毕业生/亦可/考虑/）/，/有/精益/生产/实习/或/项目/经验者/优先/。/3/、/技能/要求/：/了解/TPM/；/熟练/使用/办公/软件/。/【/素质/要求/】/1/、/愿意/深入/生产/一线/，/具备/良好/的/抗压/能力/。/2/、/性格开朗/，/善于/沟通/，/具备/较强/的/团队/协作/精神/和/逻辑/分析/能力/。/3/、/对/数据/敏感/，/善于/从/数据/中/发现/问题/的/能力/。
62676,衢州华友钴新材料有限公司,数据/由马/克/数/据/整理/本/岗位/统筹/印尼/两家/公司/的/总账/、/资金/、/税务/三/模块/工作/，/岗位职责/如下/：/1/、/会计核算/1.1/依/上市公司/准则/及/《/企业/会计准则/》/，/主导/制定/总账/、/报表/相关/操作手册/，/持续/规范/流程/。/1.2/负责/凭证/录入/与/检查/、/附件/收集/扫描/及/电子化/归档/，/确保/日清月结/；/定期/共享/备查/。/1.3/统筹/费用/、/坏账/、/跌价/等/计提/与/冲销/，/月末/完成/科目/余额/检查/与/异常/跟踪/。/1.4/按时/出具/资产/负债表/、/利润表/、/现金流量/表等/，/逻辑/校验/无/差异/；/报表/SAP导入/。/1.5/管理/会计科目/新增/与/修正/，/维护/系统/主/数据/一致性/。/1.6/印尼/籍/总账/助理/会计师/带教/，/提升/团队/专业/能力/与/效率/2/、/财务管理/2.1/核/费用/报销/及/付款/，/清理/印尼/本地/往来/与/个人/借支/，/确保/余额/合理/。/2.2/开展/费用/分析/，/月度/输出/管理/报告/或/其他/资料/，/对标/预算/。/2.3/负责/集团/内部/往来/对账/，/差异/当月/清零/。/2.4/负责/编制/、/修订/及/汇总/年度/财务预算/中/税务/、/费用/相关/事项/。/2.5/对接/进出口/平台/公司/，/维护/物流/、/资金流/、/单据/流/一致性/。/2.6/按/政府///机构/要求/，/组织/并/审核/统计/报表/、/台账/及/对外/财务/资料/。/3/、/税务/管理/3.1/复核/全部/涉税/凭证/，/确保/税会/一致/、/附件/合规/。/3.2/向/供应商/提供/预扣/所得税/纳税/证明/，/及时/完成/系统/登记/。/3.3/现场/陪同/海关/、/税务/等/稽查/，/解答/问题/并/跟进/整改/。/3.4/其他/与/税务/相关/的/事项/，/如/：/业务/端/税务/事项/支持/、/税审/，/申请/与/激活/税务/优惠/等/；/3.5/复核/*/*/*/与/税票/，/维护/台账/并/与/账务/、/申报/系统/三方/核对/一致/。/3.6/按照/税务局/历史数据/提报/要求/，/涉及/并/登记/相关/台账/。/4/、/资金/管理/4.1/审核/资金/计划/、/资金/日报/、/资金/周报/，/监控/资金/安全/；/组织/月末/现金/盘点/及/银行/对账/，/调节/项/限时/清理/。/4.2/负责/股东/借款/全/流程/资料/（/呈/批件/、/合同/、/决议/）/填制/、/签批/与/归档/。/4.3/管理/外部/借款/：/利息/计提/对账/、/信用/评级/、/利息/发票/收取/及/贷后/事项/。/4.4/运营/维护/资金/系统/，/推动/银企直/联/与/自动化/对账/。/4.5/收汇/所/需/资料/收集/；/提报/印尼/央行/数据/复核/./4.6/印尼/籍/出纳/带教/；/检查/出纳/工作/结果/。/5/、/其他/工作/5.1/年/报审/事项/，/国内/及/印尼/事务所/资料/、/进场/安排/与/报告/跟/催/，/确保/无/保留意见/。/5.2/上级/交办/的/其它/事项/及/雅加达/办公室/其他/工作/。/任职/要求/：/1/、/本科/及/以上学历/，/财务/相关/专业/优先/；/具备/中级/会计职称/；/2/、/5/年/以上/总账/或/税务/管理/经验/，/3/年/以上/工业/制造/企业/总账/岗位/经验/；/相关/行业/上市公司/或/有/上市/辅导/期/账务/整改/经验/尤佳/；/3/、/熟练/使用/财务/工作/软件/如/SAP///Orale///金蝶///用友/等/，/财务/建模/能力/、/良好/的/沟通/能力/、/团队/协作/能力/；/4/、/具备/良好/的/职业道德/、/遵纪守法/、/诚实/自律/、/坚持原则/。
12843,天齐锂业（江苏）有限公司,"主要/负责/工厂/电器/和/仪表/设备/以及/装置/的/自动化/系统/的/维修/维护/。/1/./负责/机电设备/的/安装/、/调试/运行/及/日常/维护/等/工作/，/执行/标准/作业/程序/,/并/达到/质量/要求/./2/./参与/编制/设备/维修保养/巡检/计划/并/负责/执行/3/./执行/公司/健康/安全/环保/及/5S政策/./服从/并/执行主管/的/的/合理安排/4/./管理/现场/工具/和/监督/承包商/的/工作/。/5/./对/现场/故障/快速反应/。/其他/说明/1/、/本科/及/以上/机电/相关/专业/2/、/3/年/及/以上/的/化工厂/工作/经验/，/无机/冶炼/化工/优先/3/、/熟悉/PLC///PCS///VSD/，/能/较/好/的/理解/PI/&/amp/;/D/和/电气/图纸/4/、/低压/电工证/是/必须/条件/；/另有/高压/证/、/仪表/自动化/等/证者/优先/考虑/。/5/、/工作/方式/：/常/日班/，/8/小时/，/双休/。/来源/：/百度/搜索/马克/数据网"
8944,成都融捷锂业科技有限公司,【/岗位职责/】/（/1/）/负责/报价/比/对/及/评审/工作/；/（/2/）/负责/信息/录入/工作/，/包括/各类/采购/数据/、/合同/信息/及/供应商/资料/的/系统/录入/与/维护/；/（/3/）/执行/每日/报表/统计/任务/，/定期/整理/并/生成/原辅材料/及/备品备件/的/库存/日报表/，/确保/数据/准确无误/；/（/4/）/负责/资料/管理/与/档案管理/，/对/采购/相关/的/合同/、/发票/、/函件/等/文件/进行/分类/、/归档/和/保管/；/（/5/）/协助/开展/来往/函件/、/合同/管理/相关/工作/；/（/6/）/负责/易制毒/系统/的/购买/及出/、/入库/登记/；/（/7/）/负责/各类/审核/资料/的/筹备工作/，/确保/资料完整/、/合规/。/【/任职/要求/】/（/1/）/大专/及/以上学历/，/专业/不/限/，/具备/2/年/及/以上/相关/工作/经验/，/有/采购/或/行政类/岗位/经验者/优先/；/（/2/）/具备/良好/的/沟通/能力/和/责任心/，/能够/适应/一定/的/工作/压力/；/（/3/）/熟悉/办公/软件/操作/，/具备/较强/的/信息/录入/与/数据处理/能力/；/（/4/）/有/较/强/的/责任心/和/细致/的/工作/态度/。/。/马/克/数/据/网
56387,金堆城钼业集团有限公司,岗位职责/：/1/./协助/经理/制定/生产/计划/与/市场/销售/支持/方案/，/推动/日常/运营/任务/的/执行/与/跟踪/；/2/./负责/生产/现场/管理/、/工艺/执行/监督/与/质量/控制/，/协助/推动/技术改造/与/效率/提升/项目/；/3/./协助/开展/市场调研/、/客户/需求/分析/与/销售/数据/整理/，/支持/高附加值/产品开发/与/市场/拓展/；/4/./协调/生产/、/仓储/、/物流/与/销售/部门/之间/的/协作/，/保障/订单/交付/与/供应链/顺畅/；/5/./参与/团队/建设/与/人员培训/，/协助/落实/绩效考核/与/激励机制/；/6/./在/经理/授权/下/，/代理/部分/生产/或/市场/管理/职能/，/保障/业务/连续性/与/稳定性/；/7/./协助/推动/安全/生产/、/环保/合规/与/标准化/体系/建设/。/任职/条件/：/1.45/周岁/以下/，/硕士/研究生/及/以上学历/，/材料类/、/自动化类/、/计算机类/、/机械类/、/电子信息类/、/电气类/专业/；/2/./在/钼/、/钒/、/钨/等/金属材料/领域/具备/6/年/以上/工作/经验/，/其中/至少/2/年/团队/管理/或/项目/执行/经验/；/3/./熟悉/至少/一类/金属材料/的/生产工艺/、/质量/控制/、/设备/运行/或/技术/改进/流程/，/具备/现场/管理/或/生产/调度/经验/；/4/./了解/金属材料/市场/供需/结构/、/定价/机制/与/主流/交易/模式/，/具备/一定/的/销售/支持/或/客户/对接/经验/；/5/./具备/跨部门/协调/能力/，/能/协助/推动/生产/与/市场/之间/的/协同/运作/；/6/./具备/数据分析/与/报告/撰写/能力/，/能/支持/业务/决策/与/运营/优化/；/7/./具有/高级/及/以上/职称/、/技术/专利/或/参与/过/技术改造/项目者/优先/。/工作/地点/：/内蒙古/、/陕西省/商洛市/山阳县/中/村镇/、/未来/钨/产业
21331,四川安宁铁钛股份有限公司,【/工作/内容/】/-/负责/日常/行政事务/，/包括/文件/整理/与/收发/、/会议/监管/等/工作/；/-/撰写/部门/所/需/的/各类/文档/；/-/协调/各/部门/间/的/沟通/，/支持/团队/日常/工作/顺利开展/；/-/完成/上级/交办/的/其他/行政/相关/工作/。/【/任职/要求/】/-/985///211/全日制/本科/及/以上学历/，/专业/不/限/；/-/具备/良好/的/文档/撰写/能力/、/沟通/能力/和/责任心/，/工作/细致/认真/；/-/熟悉/办公/软件/操作/，/如/Word/、/Excel/、/PPT/等/；/-/有/较/强/的/学习/能力/，/能/快速/适应/工作/环境/。/（/来源/马克/数据网/）
90499,紫金矿业集团股份有限公司,岗位职责/：/1/./参与/集团/拟建/、/技改/工程项目/的/可研/、/预可研/方案/评审/工作/，/牵头/建立/并/维护/集团/重大/设备/数据库/。/2/./负责/集团/装备/安装/工程/的/指导/、/检查和/监督/，/参与/装备/设备/安装/竣工/验收/及/试车/调试/工作/。/3/./牵头/组织/或/参与/工程/建设项目/设备/质量/回访/，/协助/装备/事故/调查/，/协助/各/权属/单位/设备/故障/处理/。/4/./健全/完善/设备/全/生命周期/管理制度/体系/，/负责/集团/设备/管理/平台/的/建设/与/运维/，/参与/集团/主要/设备/招投标/工作/。/5/./快速/适配/集团/矿山机械/设备/管理/需求/，/负责/“/四新/”/技术/搜集/、/引进/与/推广应用/，/全面/提升/集团/设备/管理/专业化/水平/。/任职/要求/：/1/./机械/相关/专业/背景/，/优先/矿山机械/方向/，/可/拓宽/至/冶金/、/化工企业/机械/岗位/人才/。/2/./具备/矿山设备/管理/、/安装/或/施工单位/机械/相关/工作/经历/，/熟悉/矿山机械/设备/特性/。/3/./英语/能力/满足/基础/工作/需求/，/精通/机械设备/安全/管理/、/安装/调试/等/核心/技能/。/4/./学习/能力/强/，/适应能力/强/。
75733,中国有色金属建设股份有限公司,岗位职责/:/1/./完工/规划/与/跟踪/协助/制定/详细/的/完工/计划/（/缺陷/清单/关闭/计划/、/调试/计划/、/交接/计划/等/）/建立/并/维护/完工/状态/跟踪/系统/（/如/数据库/、/跟踪/表/、/项目管理/软件/）/。/持续/监控/并/更新/所有/系统/、/区域/或/工作/包/的/完工/状态/（/机械/完工/、/电气/完工/、/仪表/完工/、/文件/完工/）/。/识别/、/记录/缺陷/清单/项目/并/确定/其/优先级/。/2/./协调/与/沟通/在/完工/阶段/，/作为/内部/各/部门/（/工程/、/施工///生产/、/采购/、/质量/、/健康/安全/环境/、/调试/、/文件/控制/）/之间/的/主要/协调/点/。/组织/完工/协调会议/，/推动/问题/解决/和/行动/项/的/关闭/。/确保/向/所有/相关方/准确/、/及时/地/传递/与/完工/相关/的/信息/。/3/./缺陷/清单/管理/系统地/收集/、/记录/、/分类/（/如/健康/安全/环境/关键/项/、/功能/关键/项/、/外观///常规/项/）/并/分配/缺陷/清单/项目/。/跟踪/缺陷/清单/项目/的/进展/、/责任方/和/预计/关闭/日期/。/4/./协调/资源/解决/缺陷/清单/项目/，/推动/责任方/及时/完成/关闭/工作/。/组织/并/参与/最终/的/缺陷/清单/检查和/签字/确认/。/5/./调试/与/测试/支持/进行/协调/，/确保/系统///设备/在/调试/前/达到/所/需/的/机械/完工/状态/。/为/调试/团队/提供/支持/，/确保/所/需/文件/（/如/测试报告/、/C0/）/齐全/且/符合要求/。/跟踪/调试/过程/中/发现/的/问题/，/并/将/其/纳入/缺陷/清单/管理/。/确保/调试/后/系统/状态/得到/记录/和/验证/。/6/./文件/完工/管理/协调/所有/与/完工/相关/文件/（/如/工程/文件/、/质量/记录/、/测试报告/、/操作/与/维护/手册/、/竣工/图/）/的/及时/完成/、/提交/和/最终/审批/。/与/文件/控制/部门/密切合作/，/跟踪/文件/状态/，/确保/文件/包/的/完整性/和/准确性/。/协助/汇编/项目/交接/所/需/的/文件/包/。/7/./报告/与/状态/更新/生成/并/分发/定期/的/完工/状态/报告/（/每周///每月/）/，/清晰/呈现/关键/指标/（/如/缺陷/清单/关闭率/、/系统/完工率/、/文件/完工率/）/。/向/管理层/汇报/完工/进度/、/主要/风险/、/瓶颈/问题/及/所/需/支持/。/8/./交接/准备/参与/项目///产品/的/最终/交接/准备/工作/。/确保/在/交接/前/满足/所有/完工/标准/和/要求/。/任职/要求/:/1/./掌握/ccms/软件/使用/方法/2/./英语/流利/，/可以/作为/工作/语言/3/./有过/境外/或者/国内/外企/项目/完工/管理/经验
56967,上海新通联包装股份有限公司,岗位职责/：/1/./负责/制定/及/完善/公司/内部/（/运营/过程///供应链///基建/）/审计/、/风险/控制/相关/各项/制度/和/流程/，/搭建/并/不断完善/内审/、/风控/评价/体系/。/2/./负责/制定/年度/内控/、/审计/发展/规划/，/设定/适宜/的/审计/周期/、/频次/频率/，/并/落实/执行/。/3/./按照/内部/审计/制度/流程/，/组织/实施/对/集团公司/、/各/分子/公司/、/关联/公司/的/内部/控制/、/财务/审核/、/各项/经济/活动/的/审计/、/监察/工作/，/确保/公司/合法/合规/经营/，/降低/经营/管理/风险/。/4/./负责/公司/对外/招投标/业务/过程/审计/和/风险/控制/。/5/./建立健全/风险/管理体系/，/逐步/建立/重大/风险/预警/机制/。/6/./监督/落实/各项/问题/的/改善/情况/，/并/对/改善/结果/做出/评估/。/7/./上级/交办/的/其他/工作/。/人员/需求/：/1/./本科/及/以上学历/，/审计/、/财务/、/会计/或/相关/专业/优先/；/2.5/年/以上/生产/制造业/内部/运营/过程///供应链///基建/审计/和/风险/控制/相关/工作/经验/；/3/./对/审计/目标/业务/有/洞察/能力/；/熟悉/企业/集团/的/业务/操作/、/内部/审计/、/风险/控制/规范/和/流程/；/4/./熟悉/用友/U9系统/操作/，/能看懂/SQL语言/，/EXCEL技能/熟练/。/5/./内审/或/财务/中级/以上/+/CPA至少/通过/一门/会计/。/来自/马/-/克/-/数/-/据
15410,德尔未来科技控股集团股份有限公司,1/、/岗位职责/：/负责/供应链/系统/（/SRM///ERP///WMS/）/流程/梳理/与/方案设计/，/撰写/PRD/，/推动/系统/落地/。/主导/项目/全/周期/管理/，/优化/生产/、/库存/等/环节/，/构建/数据/看/板/，/支撑/业务/决策/。/2/、/任职/要求/：/本科/及/以上学历/，/3/年/以上/供应链/产品/经验/。/熟悉/SRM///ERP///WMS系统/，/具备/流程/设计/与/项目管理/能力/。/逻辑/清晰/，/沟通/协作/强/，/能/推动/跨部门/协作/，/有/数据/思维/与业/财/整合/经验者/优先/。/（/来源/马克/数据网/）
40494,湖北康欣新材料科技有限责任公司,岗位职责/：/1/./按照/产品质量/标准/及/检验/流程/，/进行/车间/巡检/，/发现/问题/并/解决问题/，/杜绝/批量/的/问题/产生/。/2/./维护/检验/设备/，/定期/进行/校准/与/保养/，/确保/检测/结果/准确/可靠/。/3/./整理/、/归档/检验/报告/及/质量/记录/。/任职/要求/：/1/./学历/与/专业/：/高中/及/以上学历/，/1/-/3/年/相关/质检/工作/经验/优先/。/2/./素质/要求/：/具备/严谨/的/工作/态度/、/较强/的/责任心/，/有/良好/的/沟通/能力/和/问题/分析/能力/，/能/承受/一定/的/工作/压力/。/3/、/工作/时间/随/生产/车间
4136,圣象集团有限公司,1/./负责/官方/抖音/号/直播/及/短/视频/的/主播/工作/，/配合/公司/项目/计划/落实/账号/人设/和/定位/；/2/./直播/时/长/：/每天/4/小时/以上/，/开播/前/准备/及播/后/复盘/根据/实际/需要/调整/；/短/视频/拍摄/根据/工作/计划/实施/；/3/./通过/直播/获取/有效/客户/，/准确/有效/的/介绍/品牌/和/产品/，/活跃/直播间/气氛/，/保持/观众/互动/及/疑问/解答/，/通过/催单/逼单/技巧/和/动作/演示/，/促进/留资/、/领券/、/产品/下定/等/动作/；/4/./优化/及/规范/直播间/话术/，/避免/用词/违规/、/过度/包装/、/违规/报价/，/定期/整理/直播间/用户/提问/及/建议/，/形成/话术/体系/；/5/./配合/直播/运营/工作/，/按时/复盘/，/根据/现场/及/复盘/要求/及时/调整/节奏/、/情绪/、/话术/，/提高/直播间/各项/指标/的/达成/；/6/./其他/账号/建设/及/直播/运营/的/工作/配合/。/任职/资格/:/1/．/形象/良好/，/思维/活跃/，/情绪/表现/丰富/；/2/．/口头/表达能力/强/，/口吃/连贯/、/吐字/清晰/，/普通话/标准/；/3/．/有/镜头感/，/信念/感强/，/有/短/视频/或/直播/经验/优先/；/4/．/对/产品/熟悉/，/学习/能力/强/，/能为/直播/场景/快速/调整/话术/。/。/数据/由马/克/团/队/整理
4139,广州圣象木业有限公司,岗位职责/：/1/./独立/负责/指定/区域/的/木地板/木门/产品/工程/销售业务/，/制定/并/执行/销售策略/，/完成/公司/下达/的/年度/销售/指标/及/回款/任务/。/2/./主动/识别/、/接洽/并/开拓/新/的/工程/客户资源/（/包括/但/不/限于/地产/、/公寓/、/保障/房/、/酒店/、/学校/、/医院/、/商业/、/中铁/系/、/中建/系/、/设计院/等/工程/领域/客户/）/，/并/系统性/地/维护/和/深化/现有/战略/客户关系/，/推广/公司/木地板/木门/产品/及/解决方案/。/3/./主导/重点/工程项目/从/前期/信息/获取/、/木地板/木门/技术/方案/沟通/、/投标/报价/、/合同/谈判/到/后期/订单/跟踪/、/交付/协调/及/回款/的/全过程/。/4/./持续/收集/和/分析/木地板/木门/工程/市场动态/、/竞争对手/信息/及/客户/需求/，/为/公司/木门/产品/策略/和/市场/决策/提供/有/价值/的/建议/。/岗位/要求/：/1/./大专/以上学历/，/从事/木地板/木门/工程/销售/5/年/及/以上/相关/工作/经验/；/2/./了解/木门/全/业务流程/，/熟悉/木地板/木门/产品/，/具备/较强/的/木地板/木门/专业知识/；/3/./工作/积极/，/认真负责/，/具有/良好/的/商务谈判/能力/；/4/./了解/并/接受/酒/文化/，/自备/小车/(/可/享有/车补/）/。
33219,常州格林电力机械制造有限公司,一/、/岗位职责/:/1/、/负责/根据/公司/产品/特征/，/制定/产品/焊接/工艺/方案/并/组织/实施/;/2/、/负责/焊接/方案/的/设计/开发/工作/，/焊接/工艺/的/验证/、/评审/、/改进/及/优化/;/3/、/负责/焊接/方案/的/技术/文件/编制/、/培训/及/交流学习/;/4/、/负责/焊接车间/的/技术/质量/文件/编写/、/评审/;/5/、/参与/焊接/班组/技能/工艺/培训/，/技术/质量/会议/;/6/、/完成/上级领导/交办/的/其他/任务/。/二/、/岗位/要求/:/1/、/大学本科/及/以上学历/;/2/、/3/-/5/年/焊接/工程师/岗位/工作/经验/。
30961,南京聚锋新材料有限公司,【/工作/内容/】/-/协助/质量/经理/制定/并/执行/质量/控制/标准/，/对/公司/产品/进行/全面/管理/；/-/组织/开展/产品质量/检查/与/分析/，/确保/产品/符合国家/及/行业/相关/标准/；/-/协调/各/部门/进行/质量/问题/的/排查/与/整改/，/提升/整体/产品质量/水平/；/-/建立/和/完善/质量/管理体系/，/推动/持续/改进/和/优化/流程/。/【/任职/要求/】/-/大专/及/以上学历/，/专业/不/限/，/有/质量/管理/相关/经验者/优先/；/-/具备/良好/的/沟通/协调/能力/和/问题/分析/能力/；/-/对/质量/管理体系/有/基本/了解/，/能够/熟练/使用/办公/软件/；/-/工作/认真负责/，/责任心/强/，/具备/团队/合作/精神/。/。/详见/官网/：/www/./macrodatas/./cn
19320,大韩道恩高分子材料（上海）有限公司,"1/、/负责/公司/产品/改性/塑料/粒子/(/pp/、/pc/、/ABS/、/尼龙/、/合金/、/熔喷料/）/的/销售/及/推广/；/2/、/根据/市场营销/计划/，/完成/部门/销售/指标/；/3/、/开拓/新/市场/,/发展/新/客户/,/增加/产品销售/范围/；/4/、/负责/辖区/市场/信息/的/收集/及/竞争对手/的/分析/；/5/、/负责/销售/区域/内/销售/活动/的/策划/和/执行/，/完成/销售/任务/；/6/、/回笼/货款/等/工作/；/任职/资格/：/1/、/性格外向/、/反应/敏捷/、/表达能力/强/，/具有/较强/的/沟通/能力/及/交际/技巧/，/具有/亲和力/；/2/、/具备/一定/的/市场/分析/及/判断能力/，/良好/的/客户服务/意识/；/3/、/有/责任心/，/能/承受/较大/的/工作/压力/；/。/马/克/数/据/网"
5544,广东德冠薄膜新材料股份有限公司,一/、/岗位职责/：/1/、/负责/日常/订单/的/发货/审核/、/物流/安排/及/跟踪/。/2/、/负责/相关/业务/数据/统计/，/及/物流/费用/核对/、/结算/等/工作/。/3/、/负责/物流/服务商/管理/，/有效/控制/成本/并/持续/提升/服务质量/。/二/、/任职/资格/：/1/、/本科/及/以上学历/，/物流/、/供应链/、/报关/、/经贸/、/工商管理/等/相关/专业/，/熟练/使用/办公/软件/。/2/、/有/物流/、/外贸/、/计划/调度/、/跟单/、/报关/等/工作/经验/优先/。/3/、/具备/良好/的/沟通/协调/能力/，/能/高效/对接/内外部/团队/；/有/责任心/及/条理性/，/工作/严谨/细致/。/三/、/福利待遇/1/、/具有/竞争力/的/薪酬/待遇/，/包括/基本工资/、/绩效奖金/、/年终奖金/、/项目/奖金/等/。/2/、/完善/的/福利/体系/，/如五险/一金/、/带薪/年/假/、/节日/福利/、/定期/体检/、/团建/活动/、/优秀员工/外出/旅游/、/季度/之星/评选/、/年度/评优/、/职称评定/等/。/3/、/丰富/的/社团活动/，/含/篮球///足球/协会/、/羽毛球/协会/、/乒乓球/协会/、/舞蹈/协会/、/摄影/协会/；/企业/内部/设有/员工/活动中心/，/内有/多个/羽毛球馆/、/乒乓球/馆/、/健身房/、/洗/浴室/。/4/、/公司/自营/饭堂/，/享有/餐费/补贴/。
61279,艾艾精密工业输送系统（上海）股份有限公司,【/工作/内容/】/-/负责/公司/产品/在/内销/市场/的/推广/与/销售/工作/，/完成/公司/下达/的/销售/目标/；/-/与/客户/进行/有效/沟通/，/了解/客户/需求/并/提供/专业/的/解决方案/；/-/维护/现有/客户关系/，/提升/客户/满意度/和/复/购率/；/-/收集/市场/信息/，/分析/行业动态/，/为/公司/提供/有/价值/的/市场/反馈/。/【/任职/要求/】/-/大专/及/以上学历/，/专业/不/限/，/应届/毕业生/亦可/考虑/；/-/具备/良好/的/沟通/能力/和/客户服务/意识/；/-/对/销售/工作/有/热情/，/能/接受/一定/的/工作/压力/；/-/熟悉/办公/软件/操作/，/具备/基本/的/数据处理/能力/。/数据/由马/克/数/据/整理
5601,蛇口集装箱码头有限公司,工作/职责/:/1/./负责/制定/并/持续/完善/公司/风险/管理制度/和/合规/政策/，/编制/风险管理/工作手册/，/检查/、/监督/各项/制度/的/贯彻执行/；/2/./负责/开展/内部/审计/及/风险/管理工作/，/制定/年度/审计/、/风险/检查/工作/计划/和/审计工作/流程/；/3/./组织/和/实施/员工/合规/培训/，/提高/员工/对/合规/政策/和/风险管理/的/认知/，/确保/员工/遵守/内部/规章制度/和/外部/法律法规/，/并/及时/调整/合规/管理/措施/；/4/./建设/及/完善/内控/体系/，/以/流程/手册/为/基础/，/以/内部/控制/评价/工作/指引/为辅/，/开展/内控/自评/、/缺陷/识别/与/整改/、/及/内控/零/缺陷/抽查/等/内控/相关/工作/；/5/./定期/向/公司/领导/汇报/风险/状况/，/提供/风险管理/建议/，/支持/公司/决策/和/战略规划/；/6/./完成/上级/安排/的/其他/工作/内容/。/任职/资格/:/1/./大学本科/及/以上学历/，/法律/专业/或/持有/国家/法律/职业资格/；/2/./熟悉/审计/、/法律/或/风控/管理工作/，/熟知/相关/国家/宏观政策/和/法律法规/；/3/./具有/5/年/及/以上/内审/、/外审/工作/经验/，/有/工程/结算/审计/经验/的/优先/；/4/./持有/中级/会计师/以上/或/注册/会计师/优先/；/5/./具备/较强/的/抗压/能力/、/良好/的/书面/表达/、/沟通/协调/能力/及/学习/能力/；/6/./具备/较强/的/写作能力/、/团队/协作/能力/及/保密/意识/。
90859,福建海通发展股份有限公司,岗位职责/:/1/、/项目/与/研发/管理/：/负责/IT需求/与/项目/全/生命周期/管理/，/对/项目前期/立项/到/后期/交付/全/流程/负责/，/包括/项目管理/体系/优化/与/运营/、/需求/及/项目/立项/审核/、/过程/管理/、/验收/管理/、/后/评估/管理/等/，/赋能/项目/规范/、/高效/开展/，/提高/研发/效能/；/2/、/IT成本/及/价值/管理/：/负责/统筹/IT成本/管控/及/价值/管理/，/推进/IT成本/分摊/工作/高效/开展/，/落实/内部/1.5/道/防线/职责/，/实现/IT资源/成本/管理/高效/节约/；/3/、/负责/协调/推进/各/关联/团队/工作/，/把/控/项目/进度/，/质量/，/风险/，/沟通/及/人力/配置/；/4/、/负责/统筹/协调/各方/资源/，/有效/解决/项目/遇到/的/资源/问题/、/进度/问题/、/开发/问题/，/根据/团队/人员/和/项目/情况/，/动态/进行/人力/配置/，/确保/有效/地/支撑/项目/；/5/、/负责/将/项目管理/相关/专业知识/，/经验/和/技能/标准化/，/体系化/。/任职/要求/:/1/、/本科/及/以上学历/，/计算机类/、/金融类/等/相关/专业/优先/；/2/、/熟悉/项目管理/体系/和/流程/，/具备/项目管理/的/专业知识/，/了解/研发/、/测试/、/运维/等/相关/领域/流程/和/要求/，/具有/5/年/以上/科技/公司/项目管理/经验/优先/；/3/、/熟悉/IPD流程/体系/，/有/IPD体系/导入/经验者/优先/；/4/、/具备/较强/的/数据分析/能力/、/良好/的/沟通/协调/能力/、/分析/和/解决问题/能力/，/逻辑/清晰/；/5/、/具备/较强/的/责任心/，/积极主动/，/严谨/细心/，/抗压/能力/强/。
53336,广东龙沙物流有限公司,1/./接听/调度室/的/业务/电话/及/修改/电脑/的/船舶/靠/、/离泊/等/信息/，/协助/带班/调度/安排/生产/上/的/各项/工作/。/2/./对/超能力/靠泊/的/船舶/做好/相关/资料/申请/（/靠/离泊/申请/、/安全措施/、/应急/预案/、/一船/一议表/）/传真/给/调度/指挥/中心/并/电话/确认/，/原件/要/给/莲花山/管理所/。/每月/8/日/、/18/日/、/28/日要/做好/下/一旬/度/的/计划/传真/至/调度/指挥/中心/。/3/./超能力/靠泊/的/船/需/调度/中心/和/莲花山/港务/所/同意/后/才能/安排/靠泊/，/在/通知/船舶/进港/前/必须/确认/是否/同意/。/4/./对/超能力/靠泊/的/船舶/，/船/靠泊/后要/给/詹洋发/信息/，/告诉/其船/已/安全/靠泊/好/。/每天/上午/11/:/00/前要/在/调度/引航/系统/上/更新/船舶/信息/，/对/计划/的/船舶/靠泊/要/提前/72/小时/在/系统/上/预报/，/提前/24/小时/在/系统/上/确报/。/如/临时/变更/靠/离泊/计划/的/，/要/给/调度/中心/打电话/变更/时间/。/每天/要/留意/调度/中心/发布/的/航道/信息/，/是否/对/进出港/船舶/有/影响/。/5/./收取/船上/货物/的/相关/资料/（/水路/运单/、/货物/交接/清单/）/，/并/收取/船上/的/相关/证件/并/扫描/（/船舶/检验证书/、/营运证/、/国籍/证书/、/所有权/证书/、/适航证/书/）/，/并/签/《/码头/须知/》/。/6/./为/船舶/办理/签证/手续/，/复核/运单/是否/盖/有/“/港建费/收讫/章/”/，/核对/运单/后/做/电子/舱单/。/跟踪/收回/驳船/签证/后/的/水路/运单/，/过驳/作业/的/驳船/运/单数/不能/大于/海船/的/运/单数/。/7/./核对/好/单证/办理/的/各种/收/提货单/证/，/并/复印/一份/给/理货/。/8/./记录/作业/现场/船舶/的/开工/时间/、/完工/时间/、/离港/时间/。/9/在/为/卸船/过境/报到/的/提货/司机/办理/提货/手续/过程/中/必须/核对/车辆/及/司机/证明文件/（/身份证/及/行驶证/复印件/）/资料/，/要求/司机/在/复印件/上/签名/确认/，/并/指引/司机/到/指定/位置/进行/作业/或候/装/。
2085,武汉烽火富华电气有限责任公司,1/./负责/电源/产品/方案设计/和/文档/编写/，/器件/选型/、/原理图/及/PCB设计/、/BOM整理/；/2/./整理/单板/测试/文档/，/负责/单板/调试/，/协同/软件/工程师/进行/系统/联调/，/解决/开发/问题/；/3/./负责/产品/硬件/优化/设计/改进/。/任职/要求/：/1/./电气工程/、/电子信息/及/自动化/相关/专业/，/本科学历/；/2/./熟悉/硬件/开发/流程/和/设计规范/；/3/./具有/良好/的/数字/和/模拟/电路/基础/；/4/./熟练/使用/原理图/和/PCB设计/软件/，/具备/独立/硬件/设计/、/仿真/及/调试/能力/。
55953,海发宝诚融资租赁有限公司,岗位职责/：/1/./财务/体系/与/核算/管理/：/优化/公司财务/核算/体系/与/内部/控制/流程/，/负责/全盘/账务/处理/及/财务报表/编制/，/确保/会计信息/准确/、/及时/、/合规/。/2/./税务/规划/与/合规/管理/：/负责/公司/全/流程/税务/管理/，/包括/纳税/申报/及/外部/关系/维护/。/重点/开展/高新技术/企业/税收/优惠/等/政策/的/研究/与/应用/，/在/合规/前提/下/系统/推进/税务/规划/工作/。/3/./全面/预算/与/绩效/管理/：/搭建/并/持续/优化/绩效/预算/管理体系/，/牵头/编制/公司/全面/预算/与/研发/专项/预算/，/通过/动态/管控/、/绩效/分析/与/业务/协同/，/支持/公司/战略目标/落地/与/经营/目标/的/达成/。/4/./研发/项目/财务/支持/：/深度/参与/研发/项目/从/立项/到/结项/的/全过程/，/负责/项目/经济/评审/、/预算/跟踪/、/成本/分析/及/投入产出/评估/，/支持/研发/资源/高效/配置/。/5/./业务/支持/与/经营/分析/：/深入/业务/经营/活动/，/参与/合同/财务/风险/评估/与/收益/分析/，/构建/并/监控/与/业务/目标/联动/的/财务指标/体系/，/通过/专项/经营/分析/，/为/管理决策/提供数据/支持/，/驱动/业绩/增长/。/任职/要求/：/1/./财务管理/、/会计/等/相关/专业本科/及/以上学历/，/持有/中级/会计师/及/以上/职称/或/CPA优先/；/2/./5/年/以上/财务/工作/经验/，/其中/至少/3/年/从事/科技///软件/行业/全盘/或/核心/财务管理/，/熟悉/高科技/企业/财税/政策/与/研发/项目管理/模式/；/3/./熟悉/中国/会计准则/与/税务/法规/，/具备/优秀/的/预算/管控/、/财务/分析/和业/财/协同/能力/；/4/./责任心/强/，/沟通/协调/能力/佳/，/能/适应/快速/发展/环境/下/的/工作/要求/。
80808,大禹节水,销售/经理/岗位职责/1/./负责/收集/、/整理/、/研究/、/学习/公司/业务/领域/的/相关/的/国家/法律/、/法规/、/方针/、/政策/等/行业/信息/；/2/./负责/开展/市场调研/、/市场/分析/工作/，/出具/季度/、/年度/市场调研/报告/及时/跟进/行业/发展/情况/和/市场动态/，/根据/市场/情况/形成/市场/开发/策略/。/3/./熟悉/公司/业务/领域/主要/竞争对手/状态/，/了解/对手/的/行业/解决方案/。/4/./负责/落实/区域/年季/月/销售/和/预算/的/计划/工作/，/负责/落实/市场/开拓/和/管理工作/，/客户/开发/维护/与/管理/，/客户档案/建设/分类/与/归档/。/5/./负责/制定/销售/漏斗/计划/并/制定/营销/方案/，/带领/、/指导/、/监督/、/落实/营销/目标/任务/完成/。/6/./负责/所属/区域/市场调研/、/营销策划/和/拓展/工作/，/投资/项目/的/前期/考察/调研/工作/。/7/./负责/根据/华北/总公司/及/所属/区域/公司/经营/目标/，/拟定/和/实施/营销/策略/、/体系/和/制度/并/完善/制定/市场营销/计划/，/并/进行/指标/分解/、/监督/与/实施/，/销售/激励/措施/的/实施/。/8/./负责/销售/队伍/人才培养/，/并/定期/组织/培训/。/销售/经理/任职/资格/1/./本科/以上学历/，/从事/招投标/销售/或/相关/业务/3/年/以上/工作/经历/，/具备/方案/营销/能力/，/策划/、/运作/大/项目/能力/。/2/./具有/敏锐/的/市场/洞察力/、/应变能力/、/创造性/的/思维能力/及/稳健/的/管理/能力/。/3/./具有/极强/的/工作/责任感/、/忠诚度/及/坚韧不拔/的/毅力/和/耐心/，/严守/机密/。/4/./具备/果断/的/决策/风格/、/优秀/的/沟通/、/协调/和/激烈/能力/，/敢于/承担风险/的/意识/。/5/./政府/机构/、/大型/央企/、/国企/或/同行业/优秀/企业/工作/背景/尤佳/。/职位/福利/：/带薪/年/假/、/绩效奖金/、/节日/福利/、/包住/、/五险/一金/、/提供/午餐/、/定期/体检/来源/：/马/克/数/据/网
80814,大禹节水,岗位职责/：/1/、/负责/监督/各/工厂/ISO/9001/质量/管理体系/的/建立/维护/，/主导/各/工厂/内审/、/外审及/纠正/措施/支持/服务/工作/。/2/、/负责/监督/各/工厂/产品/生产/质量/过程/控制/。/3/、/完成/每周/、/月度/、/季度/产品/合格率/及/缺陷率/分析/，/持续/改进/产品质量/。/4/、/负责/自/产/产品/的/质量/问题/跟踪/和/确认/解决/工作/。/5/、/负责/部门/质量/记录/、/资料/的/收集/和/整理/工作/。/6/、/负责/各/工厂/备品/、/备件/、/反馈/包装物/等/质量/问题/跟踪/处理/。/7/、/完成/其他/相关/质量/管理工作/。/8/、/完成/部门/领导/交代/的/其他/任务/。/任职/要求/：/1/、/本科/及/以上学历/，/机械/、/电子/、/自动化/、/质量/管理/或/相关/理工科类/专业/。/2/、/2/年/以上/质量检验/或/质量/管理/经验/，/熟悉/ISO/9001/等/质量/管理体系/。/3/、/工作/认真负责/，/积极主动/，/能/吃苦耐劳/，/用于/承受/压力/；/具有/较强/的/沟通/能力/、/语言表达/能力/。/4/、/适应/出差/。
80758,大禹节水,岗位职责/：/1/./负责/公司/产品/海外/市场/开发/，/承接/、/转化/国际/电商/平台/、/展会/、/社媒/、/独立/站/、/谷歌/搜索/等/渠道/的/询盘/线索/；/2/./负责/询盘/回复/、/报价/、/样品/跟进/、/商务谈判/、/合同/签订/及/订单/全/流程/跟进/；/3/./跟进/生产/进度/、/出货/、/报关/、/物流/、/结汇/、/售后/等/，/确保/订单/按时/交付/与/回款/安全/；/4/./维护/老/客户关系/，/进行/客户/分层/管理/、/复购/与/增购/，/提升/客户/满意度/与/忠诚度/；/5/./收集/海外/市场/信息/、/竞品/动态/、/行业/趋势/，/形成/简单/市场/分析/并/反馈/公司/；/6/./配合/完成/外贸/业务/台账/、/业绩/统计/、/客户档案/等/基础/工作/。/任职/要求/1/./大专/及/以上学历/，/国际贸易/、/商务英语/、/外语类/、/市场营销/等/相关/专业/优先/；/有/外贸/经验者/优先/；/2/./英语/6/级/以上/，/听说读写/流利/，/能/独立/与/国外/客户/邮件///电话///视频/沟通/；/或/同等/小/语种/水平/；/3/./熟悉/外贸/全/流程/：/询盘/—/报价/—/合同/—/生产/—/物流/—/报关/—/收汇/—/售后/；/4/./熟练/使用/办公/软件/，/了解/B2B平台/-/阿里/国际/站/、/社媒/运营者/优先/；/5/./具备/目标/感强/、/抗压/能力/、/沟通/谈判/、/细节/把/控/、/时间/管理/能力/；/6/./工作/积极主动/，/责任心/强/，/有/团队/合作/意识/与/长期/稳定/发展/意愿/。/www/./macrodatas/./cn
80820,大禹设计咨询集团有限公司,（/一/）/岗位职责/：/1/、/负责/中小型/水利工程/（/农田水利/、/现代化/灌区/、/河道/治理/、/水库/、/防洪/排涝/等/）/设计/，/熟悉/泵站/、/水闸/、/桥涵/等/工程/类型/；/2/、/编制/项目/建议书/、/初设/报告/及/施工图/设计/，/制定/设计/进度/并/确保/按时/完成/；/3/、/解决/设计/过程/中/的/技术难题/，/确保/设计方案/安全/、/经济/、/合理/；/4/、/参与/技术/交底/、/施工/服务/及/竣工/验收/，/及时处理/施工/中/的/设计/问题/；/5/、/负责/设计/成果/审查/与/归档/，/保障/设计/质量/符合规范/要求/。/（/二/）/任职/要求/：/1/、/本科/及/以上学历/，/水利水电/、/农田水利/、/土木/水利/、/农业/水利工程/等/相关/专业/；/2/、/5/年/以上/相关/工作/经验/，/熟悉/水利工程/设计/与/规范/，/专业/技术/专业/基础/扎实/；/有过/大型/或同/类型/国央企/工作/经历者/优先/考虑/；/3/、/持有/助理///中级/水利/相关/职称者/优先/；/4/、/熟练/使用/CAD/、/HEC/-/RAS/、/MIKE/、/ArcGIS/等/专业/软件/；/5/、/工作/积极主动/，/态度/踏实/认真/。
80821,大禹设计咨询集团有限公司,（/一/）/任职/岗位/1/、/全面/负责/营销/管理部/的/日常/运营/与/管理/，/统筹/市场/开发/、/重点项目/跟/踪及/区域/客户关系/维护/，/确保/年度/订单/目标/顺利完成/；/2/、/落实/区域/设计院/回款/工作/，/确保/资金/按时/回收/，/保障/现金流/稳定/；/3/、/主导/客户/对接/、/招投标/、/合同/谈判/、/签订/、/开票/及/回款/等/全/流程/经营/环节/，/提升/项目/运营/效率/与/质量/；/4/、/评审/分支机构/合作/协议/，/统筹/管理/订单/任务/下达/、/回款/跟踪/与/审核/，/确保/业务/合规/与/风险/可控/；/5/、/分解/集团/年度/经营/指标/，/制定/部门/年度/、/季度/及/月度/计划/；/6/、/负责/团队/绩效考核/审核/与/管理/，/提升/团队/专业/能力/与/执行力/，/落实/上/级/交办/的/其他/工作/任务/。/（/二/）/任职/要求/：/1/、/本科/及/以上学历/，/水利水电/工程/、/农田水利/工程/等/其他/相关/专业/；/2/、/具备/相关/行业/设计院/经验者/优先/；/3/、/熟悉/水利/行业/政策/及/业务流程/；/3/、/具备/敏锐/的/市场/洞察力/、/团队/领导力/及/沟通/协调/能力/；/4/、/责任心/强/，/积极进取/，/抗压/能力/强/，/能/适应/出差/。
89408,重庆蔡同水务有限公司,一/、/岗位职责/1/./负责/公司/供区/供水/规划/，/主导/新建/、/改造/给排水/工程项目/的/给水/技术方/案/审核/，/结合/蔡家/、/水土/片区/地形/及/高低/低区/等/供水/工况/，/把/控/方案/科学性/、/落地性/与/经济性/；/2/./统筹/供区/高低压/供区/技术/管理/，/优化/分压/供水/体系/，/解决/片区/地形/高差/大/、/工业///居民/混合/供水/的/技术难题/，/保障/供水系统/稳定/高效/运行/；/3/./制定/公司/供水/安装/设备/、/材料/选型/标准化/体系/，/统一/水泵/、/管网/管件/、/变频/控制/等/设备/材料/的/技术标准/，/适配/水厂/生产/及/工程建设/需求/；/4/./牵头/供水/安装/及/给水/工程/方案/审查/管理/，/全面/审核/供水/安装/施工/方案/、/给水/工程/专项/方案/，/核查/施工工艺/、/技术参数/、/安全措施/的/合理性/，/监督/方案/落地/执行/，/确保/工程施工/符合/设计/及/规范/要求/；/5/./开展/各类/供水/工程项目/技术/方案/审查/，/从/给排水/专业/角度/审核/施工图/纸/、/施工/方案/，/提出/优化/建议/，/规避/技术/风险/；/6/./负责/项目/施工/完成/后/竣工/图/与/规划/方案/的/对标/核对/，/核查/工程施工/与/设/计/方案/的/一致性/，/审核/竣工/资料/，/把/控/工程验收/技术/关/；/7/./跟踪/行业/给排水/技术/发展趋势/，/引入/先进/的/供水/工艺/、/设备/及/技术/，/推/动/公司/供水系统/技术升级/与/节能/优化/；/8/./参与/供水/工程项目/现场/技术/指导/，/解决/施工/过程/中/的/给排水/专业/技术/难/题/，/保障/工程施工/质量/。/二/、/任职/核心/要求/1/./专业/与/学历/：/给排水/科学/与/工程///给水/排水工程/相关/专业/，/统招/本科/及/以上学历/；/2/./职称/要求/：/持有/给排水/专业/中级/及/以上/技术职称/；/3/./年龄/要求/：/45/周岁/及/以内/（/含/45/周岁/）/；/4/./工作/经验/：/具备/自来水/公司///水务/行业/给排水/相关/工作/经验/优先/，/有供/水/工程规划/、/方案/审核/、/供区/技术/管理/、/供水/安装/工程/管理/经验者/优先/；/或/设计院/给水/专业/技术/负责/，/承担/过/不/低于/3/个/以上/自来水厂/设计/及/技术/指导/经验/也/可/。/5/./专业/能力/（/1/）/精通/城市/给排水/工程/设计规范/、/供水/工艺技术/，/能/独立/审核/新建///改造/供水/工程项目/技术/方案/、/施工/图纸/，/擅长/供水/安装/及/给水/工程/全/流程/方案/审查/与/管理/；/（/2/）/熟悉/供水/高低压/分压/供水/体系/管理/，/深入/了解/水厂/水泵/、/管网/、/变频/控制/等/核心/设备/的/技术参数/、/选型/标准/及/安装/工艺/要求/；/（/3/）/具备/供区/供水/规划/能力/，/能/结合/片区/地形/、/用水/需求/优化/供水/布局/，/解决/供水/工程/及/安装/施工/中/的/各类/专业/技术/问题/；/（/4/）/能/独立/完成/竣工/图/与/规划/方案/的/对标/核对/工作/，/具备/工程/竣工/资料/审核/、/技术/验收/的/专业/能力/；/（/5/）/掌握/供水/安装/工程施工/规范/，/能/有效/监督/施工/方案/执行/，/把/控/施工工艺/与/工程质量/；/6/./其他/要求/：/工作/严谨/细致/、/责任心/强/，/具备/良好/的/技术/统筹/、/沟通/协调/及/方案/落地/管理/能力/，/能/高效/推进/技术/方案/审核/、/现场/技术/指导/及/安装/工程/管控/工作/。
21904,广东顺控发展股份有限公司,（/一/）/岗位职责/1/./负责/公司/法律/风险/防范/、/合规/管理体系/建设/；/2/./参与/重大/合同/、/项目/的/论证/、/谈判/等/工作/，/负责/起草/、/审核/、/修订/、/完善/公司/各类/重要/法律文书/及/重大/经济合同/；/3/./制定/合同/管理制度/，/明确/合同/评审/流程/；/4/./建立/合同/法律/评审/电子/台/帐/，/对/合同/履行/情况/进行/动态/风险/排查/，/对于/存在/重大/风险/的/合同/建立/重大/风险/合同/监控/合帐/，/给予/重点/监控/，/按照/公司/授权/管理/的/规定/对/授权书/进行/审核/；/5/./对/业务部门/合同/档案/归档/情况/进行/检查/、/指导/；/6/./代表/公司/处理/各类/重大/诉讼/或/非诉讼/法律事务/，/参与/解决/公司/重大/经济纠纷/；/7/./负责/为/公司/的/重大/投资/合作项目/、/重大/经营/决策/提供/法律/服务/，/做好/项目/合作/投资/、/决策/的/法律/论证/；/8/./负责/处理/本/单位/在/生产/经营/、/管理/过程/中/涉及/的/其他/非诉/法律事务/；/9/./完成/上级领导/交办/的/其他/工作/。/（/二/）/岗位/要求/1/./学历/：/硕士/研究生/以上学历/；/2/./专业/：/经济类/、/金融类/、/财会类/、/法学类/等/相关/专业/；/3/./工作/经验/：/具有/3/年/及/以上/法务/相关/工作/经验/；/4/./年龄/：/35/周岁/以下/；/5/./职称/或/职业资格/要求/：/须持/法律/职业/资格证书/；/若有/经济类/、/财会类/相关/初级职称/或/证券/相关/从业/资格证书者/优先/考虑/。/6/./其他/要求/（/1/）/工作/认真/、/负责/，/具有/较强/的/职业道德/素养/和/团队/合作/能力/。/（/2/）/熟悉/法律事务/理论/与/实践/知识/；/熟悉/《/民法典/》/《/公司法/》/《/劳动法/》/等/相关/法律法规/，/政策/条例/，/有/法务/纠纷/处理/或/诉讼/经验/。/具备/较强/的/沟通/、/协调/和/组织/能力/，/良好/的/文字/功底/，/优秀/的/逻辑思维/能力/和/处事/能力/。/能/熟练/运用/office/等/办公/软件/。/（/3/）/具有/国有企业/或/上市公司/法务/工作/经验者/优先/考虑/。
85760,普定首创水务有限公司,一/、/招聘/要求/：/1/./严格/按/SOP执行/原水/预处理/、/反渗透/、/EDI/、/杀菌/消毒/等/全/流程/制水/操作/，/确保/产水/符合/DB19298标准/。/2/./按计划/完成/系统/清洗/、/消毒/、/膜/元件/维护/等/工作/，/防止/微生物/污染/。/3/./负责制/水/系统/主机/及/附属/设备/（/泵/、/阀/、/过滤器/、/仪表/等/）/的/日常/巡检/、/启停/与/参数/调节/，/确保/设备/稳定/运行/。/4/./执行/设备/预防性/维护/计划/，/完成/清洁/、/润滑/、/紧固/等/工作/；/发现/故障/及时/报修/并/配合/维修/人员/处理/。/5/./管理制/水/车间/工/器具/与/耗材/，/做好/领/用/、/存放/与/消耗/记录/。/6/./严格执行/交接班/制度/，/提前/到/岗/，/交接/清楚/生产/状态/、/设备/情况/、/水质/数据/、/遗留问题/及/上级指示/，/签字/确认/。/7/./遵守/安全/生产/规章制度/，/正确/使用/劳保用品/，/防范/触电/、/机械/伤害/、/化学品/泄漏/等/安全/风险/。/8/./负责制/水/车间/环境卫生/，/保持/设备/、/地面/、/管道/清洁/，/防止/交叉/污染/；/按规定/处理/生产/废弃物/./9/./参与/安全/培训/与/应急/演练/，/熟练掌握/停水/、/停电/、/水质/污染/等/突发事件/的/应急/处置/流程/。/10/./积极/学习/制水/工艺/与/设备/知识/，/参与/岗位培训/，/提升/操作技能/。/11/./提出/工艺/优化/、/设备/改进/、/节能降耗/等/合理化/建议/，/协助/推进/车间/管理/提升/。/12/./完成/上级/交办/的/其他/工作/任务/。/13/./年龄/:/30/-/50/周岁/之间/。/二/、/福利待遇/1/./公司/为/员工/提供/早餐/、/中餐/。/2/./劳务/公司/缴纳/社保/，/劳务/公司/可/代缴/公积金/。/原/标题/：/《/制/水工/》
59858,荆州申联环境科技有限公司,（/1/）/岗位职责/①/按/工艺/标准/与/操作规程/，/监测/污水处理/各/环节/运行/参数/，/保障/处理/效果/达标/。/②/负责/工艺设备/日常/巡检/、/基础/维护/，/发现异常/及时/报修/并/跟进/处理/。/③/收集/、/记录/生产/数据/，/分析/工艺/运行状况/，/提出/优化/调整/建议/。/④/协助/编制/工艺技术/文件/、/操作规程/，/参与/新/设备/调试/与/工艺/改进/。/⑤/配合/完成/环保/台账/、/报表/填报/及/上级部门/检查/工作/。/（/2/）/任职/要求/①/本科/及/以上学历/，/环境工程/、/给排水/、/化学工程/等/相关/专业/。/②/熟悉/污水处理/工艺流程/与/设备/原理/，/有/3/年/及/以上/相关/工作/经验/优先/。/③/具备/基础/数据处理/与/分析/能力/，/能/熟练/操作/办公/软件/。/④/责任心/强/，/适应/倒班/，/具备/良好/的/沟通/及/问题/解决/能力/。
59860,咸宁联合水务有限公司,1/）/贯彻执行/公司/各项/规章制度/；/2/）/负责/加强/水质/管理/，/根据/水质/变化/及时/作出/应对/，/确保/出厂/水/水质/达标/；/3/）/根据/公司/年度/生产指标/，/制定/部门/年度/、/月度/生产/计划/，/并/组织/员工/达成/工作/目标/；/4/）/对/生产/工艺流程/的/改进/提出/建议/，/指导/、/监督/部门/员工/严格执行/制水/工艺流程/和/相关/规程/；/5/）/贯彻落实/质量/管理体系/，/确保/水厂/各/班组/人员/职责/、/权限/规范化/；/6/）/负责/组织/生产/现场/管理工作/，/做好/劳动防护/管理/措施/和/计划/；/7/）/负责/设备/（/含/公司/的/增压/站/）/巡检/计划编制/及/组织/实施/，/定期维护/保养/生产/设备/，/保证/设备/运行/正常/；/8/）/负责/抓好/生产/安全/教育/，/组织/开展/应急/预案/演练/，/加强/安全/生产/的/控制/与/实施/，/确保安全/生产/；/9/）/协助/组织/生产/事故/、/制水/过程/中/的/水质/问题/进行/调查/；/10/）/负责/建立健全/水厂/各类/生产/原始记录/、/台账/、/统计/核算/报表/；/11/）/负责/控制/电耗/、/药耗/，/做好/相关/统计分析/；/12/）/负责/部门/人员/日常/管理/和/业务/技能/培训/，/提升/员工/工作/能力/；/13/）/负责/部门/员工/的/绩效/管理/，/对/员工/的/工作/进行/考核/；
35238,超捷紧固系统（上海）股份有限公司,【/工作/内容/】/-/协助/品质/总监/完成/日常/质量/管理工作/，/确保/产品/符合/公司/及/行业标准/；/-/跟进/生产/过程/中/的/质量/控制/，/参与/质量/问题/的/分析/与/改进/；/-/协调/跨部门/沟通/，/推动/质量/问题/的/及时/解决/与/预防/；/-/编制/和/维护/质量/相关/文件/及/报告/，/支持/质量体系/的/持续/优化/。/【/任职/要求/】/-/大专/及/以上学历/，/质量/管理/、/汽车/零部件/、/机器人/零部件/等/相关/专业/优先/；/-/5/年/及/以上/品质/管理/或/相关/岗位/工作/经验/，/具备/较强/的/质量/意识/；/-/熟悉/ISO9001/等/质量/管理体系/，/具备/良好/的/数据分析/和/问题/解决/能力/；/-/具备/良好/的/沟通/协调/能力/和/责任心/，/能/适应/一定/的/工作/压力/。/此/岗位/需要/经常/无锡/分公司/短期/出差/。
49665,上海中国弹簧制造有限公司,任职/资格/：/1/机械制造/及/相关/工程/专业本科/及/以上学历/；/2/两年/以上/相关/工作/经历/，/3/掌握/办公自动化/操作/、/具有/网络/、/CAD基础知识/；/具备/新/产品开发/的/先期/策划/知识/，/推广/运用/新/制造/工艺/，/掌握/质量/功能/展开/能力/（/QFD/）/、/D/-/FMEA/、/P/-/FMEA/、/试验/设计/（/DOE/）/、/CAD/（/AutoCAD/、/UG/）/、/CAM/、/CAE/（/Ansys/）/以及/数值/分析/等/技术/4/具有/较强/的/英语/听说读写/能力/，/借助/词典/翻译/图纸/和/技术/资料/；/5/能/熟练地/用/英语/进行/技术/交流/；/6/具有/良好/的/团队/合作/精神/，/善于/学习/，/勇于创新/。/岗位职责/：/1/能够/进行/持续/开发/和/维护/用于/相关/产品/的/设计/软件/和/分解/分析/能力/。/2/能够/根据/需求/计划/进行/技术/分析/、/技术/和/研究/并/得出结论/。/3/能够/推进/工程/、/原理/和/体系/知识/的/共享/和/交流/。/4/能够/根据/APQP体系/和/指定/的/进度/和/成本/要求/计划/并/管理/项目/，/包括/正式/交样/前/的/内部/首次/PPAP评审/。/5/确保/设计/和/分析/软件/能够/有效/使用/。/6/确保/各个/项目/和/分析/的/信息/能够/得到/有效/的/组织/和/传递/，/通过/例会/与/其他/部门/保持联系/并/向/管理层/汇报/进展/。/7/能够/作为/APQP进程/的/一部分/积极/领导/和/参与/多方/小组/。/8/能够/积极/参加/8D质量/问题/解决/小组/。/9/能够/代表/RDC/和/客户/进行/需要/的/联系/。/10/确保/商务/、/质量/、/生产/和/设备/部门/在/产品/工程/上/得到/有效/的/支持/。/11/利用/工程技术/方法/、/知识/基础/和/APQP体系/积极/策划/、/领导/并/参与/持续/改进/。
87077,合肥江淮汽车制管有限公司,【/岗位职责/】/1/、/主导/空调管/路/（/同轴/管等/）/生产线/搭建/及/工艺/开发/，/负责/热/管理/管路/新/产品开发/、/试制/、/量产/导入/全/流程/工作/。/2/、/开展/产品/加工/工艺/分析/、/编制/、/验证/与/优化/，/保证/工艺/文件/正确/、/完整/、/可/落地/。/3/、/深入/生产/现场/，/进行/工艺/巡视/、/现场/服务/与/技术支持/，/处理/生产/过程/各类/技术/问题/。/4/、/指导/车间/模具/调整/、/设备/使用/与/规范/操作/，/编制/细化/到/每/道工序/的/作业/指导/卡/。/5/、/对/生产/人员/进行/工艺/培训/与/指导/，/推动/工艺/落地/执行/。/6/、/参与/内部/工艺/纪律检查/，/负责/工艺/执行/情况/的/监控/、/督查/与/整改/。/7/、/与/客户/进行/技术/交流/、/需求/对接/、/问题/整改/及/技术/方案/汇报/，/维护/良好/客户/技术/关系/。/【/任职/要求/】/1/、/本科/及/以上学历/，/机械/、/材料/、/汽车/零部件/、/制冷/与/空调/、/液压/与/气动/等/相关/专业/。/2/、/具备/汽车/热/管理/、/空调管/路/相关/工艺/开发/经验/。/3/、/熟悉/空调管/路/成型/、/焊接/、/装配/、/检测/等/加工/工艺/及产线/布局/。/4/、/能/独立/主导/新/产品/从/开发/、/试制/到/量产/的/全过程/工艺/工作/。/5/、/熟悉/工艺/文件/编制/：/PFMEA/、/控制/计划/、/作业/指导书/、/工艺流程/图/等/。/6/、/具备/良好/的/现场/问题/解决/能力/，/能/独立/处理工艺/、/模具/、/设备/、/质量/等/现场/问题/。/7/、/具备/良好/的/沟通/表达/与/组织协调/能力/，/可/直接/与/客户/进行/技术/对接/与/交流/。/8/、/工作/认真负责/，/执行力/强/，/能/适应/现场/巡视/、/项目/推进/与/质量/改善/工作/。/9/、/有/空调/同轴/管/工艺/开发/经验/、/热/管理/管路/项目/经验者/优先/。/www/./macrodatas/./cn
58315,江苏弗泽瑞金属科技有限公司,岗位职责/1/、/对/产能/进行/负荷/分析/、/合理/调整/生产/计划/；/2/、/提出/资源/需求/；/ERP订单/流程/处理/。/汇总/订单/明细/完成/生产/计划/排序/、/整理/下发/日/生产/计划/并/跟进/记录/以及/汇报工作/事项/；/3/、/生产/现场/巡视/、/解决/生产/过程/中待料/、/退料/、/补料/和/借料/以及/改制/的/问题/，/制定/需求/计划/并/监督/执行/需求/计划/；/4/、/负责/物料/的/跟进/，/物料/到货/的/安排/、/需求/的/制定/和/到货/进度/跟踪/；/5/、/负责/定期/组织/召开/物料/协调会/，/异常/问题/的/处理/，/总结/完成/情况/。/分析/异常/问题/的/发生/并/针对/问题/改善/；/6/、/安全/库存/物料/的/维护/以及/安全/库存/清单/汇总/工作汇报/；/7/、/负责/ERP系统/数据/完整/及/准确性/；/8/、/针对/销售/订单/或/生产/进行/物料/使用/状况/统计/和/分析/；/9/、/领导/安排/的/其他/工作/。/任职/资格/1/、/大专/及/以上/；/2/、/有/1/-/2/生产/计划/制定/工作/经验/；/3/、/能够/较/准确/地/预测/未来/的/变化趋势/，/并/依据/自己/的/判断/做出/准确/、/详细/的/计划/；/4/、/有/极强/的/协调/、/组织/能力/及/学习/能力/。
42212,上海汇众萨克斯减振器有限公司,"岗位职责/：/1/./""/收集/市场/和/客户/信息/，/与/内部/团队/和/领导/沟通/，/协助/制定/销售/计划/并/得到/批准/。/2/./""/负责/新/项目/的/报价/工作/，/参与/内部/报价/流程/，/取得/报价/批准/。/负责/与/客户/的/商务谈判/。/3/./""/参与/已/定点/项目/的/开发/，/生产/准备/的/过程/，/配合/项目/团队/的/内部/沟通/，/协调/。/协助/与/客户/的/商务谈判/，/跟踪/整个/项目/项目/的/进展/。/4/./""/负责/已/投产/项目/的/商务谈判/，/内部/价格/维护/，/跟踪/货款/回收/进展/。/负责/和/客户/解决/逾期/账款/。/5/./""/组织协调/内部/团队/对应/客户/日常/活动/。/包括/客户/日常/问卷/对应/，/客户/来访/安排/等/。/6/./""/负责/内部/各种/文件/制定/，/对应/领导层/要求/的/内部/报告/。/7/./负责/原材料/浮动/补差/及/因为/产量/下降/导致/的/索赔/。/M岗位/要求/：/1/./本科/以上学历/背景/，/工科/背景/优先/考虑/。/2.3/年/以上/汽车/零部件/行业/工作/经验/（/有/大众/、/奔驰/、/宝马/等/项目/经验/优/）/3/./英语/听说读写/流利/。/4/./""/有/很/强/的/责任心/。/能/独立/负责/内部/文件/制作/。/有/很/强/的/沟通/能力/。/能/独立/和/客户/沟通/并/协调/公司/内部/各/部门/工作/。/"""
80551,青岛双鲸药业股份有限公司,岗位职责/：/1/./销售/和/推广/维生素/D产品/2/./拜访/并/提供/产品/知识/培训/给/目标/医院/和/医生/3/./建立/并/维护/良好/的/客户关系/4/./完成/销售/目标/5/./及时/报告/市场/信息/和/竞争对手/动态/任职/要求/：/1/./医药/及/相关/专业/，/统招/大专/及/以上学历/2/./勤奋/踏实/，/学习/能力/强/，/具备/执行力/3/./良好/的/沟通/能力/和/抗压/能力/4/./具备/三甲/医院/儿科/、/儿保科/、/内分泌/、/妇科/、/产科/、/骨科/等/领域/销售/经验/，/有/良好/的/业绩/记录/5/./具备/大/客户/管理/经验/，/专业性/强/职位/福利/：/五险/一金/、/带薪/年/假/、/定期/体检
7238,大连普冷獐子岛冷链物流有限公司,岗位职责/：/1/、/一线/单证/作业/统筹/与/带训/，/负责/核心/单证/的/日常/处理/，/单证/业务/全能手/；/2/、/统/开展/新/员工/入职/带教/与/在/岗/辅导/，/解决/一线/单证/作业/中/的/实操/难题/，/提升/团队/整体/业务/能力/；/3/、/编制/填报/日常/各种/报表/，/按/要求/上报/单证/主管/，/为/客户/管理/优化/提供/基础/数据/支持/；/任职/要求/：/1/、/大专/及/以上学历/，/物流/管理/、/财务管理/、/文秘/等/相关/专业/优先/；/2/、/1/-/2/年/以上/仓储///前置/仓/单证/作业/或/相关/数据处理/经验/，/熟悉/物流/单证/基础/流程/，/会/操作/WMS///ERP系统/者/优先/3/、/练/使用/Excel/（/数据录入/、/基础/统计/）/，/具备/较强/的/细致/度/与/数据/核对/能力/；/沟通/协调/能力/良好/；/4/、/责任心/强/、/执行力/强/、/抗压/能力/强/，/严格遵守/规章制度/，/能/适应/仓内/运营/节奏/（/接受/夜班/）/。/福利待遇/1/、/五险/一金/，/税前/薪金/：/5000/-/6000/元/2/、/月/休/4/天/，/工作餐/；/3/、/带薪/北京///天津/培训/；/上班/地址/：/金州/十三里/地铁站/普洛斯/大连/汽车/产业园/内
43851,杭州东方华康康复医院有限公司,任职/资格/要求/岗位/核心/职责/1/、/负责/公司/全面/预算/管理/，/监控/预算/执行/，/对/超预算/支出/项目/进行/专项/分析/与/管控/。/2/、/按照/集团/确定/的/统一/会计/政策/进行/会计核算/，/确保/每月/财务报表/及时/、/准确/，/同时/符合/企业/会计准则/及/公司/财务制度/的/规定/。/2/、/建立/并/优化/产品/研发/全/生命周期/的/项目化/核算/体系/，/确保/研发/费用/精确/归集/。/3/、/主导/高新技术/企业资质/的/维护/、/研发/费用/加计/扣除/、/政府/科技/项目/补助/的/全程/财务/工作/，/确保/合规/并/*/*/*/化/获得/政策/红利/。/4/、/深入/理解/研发/流程/，/建立/研发/投入产出/分析模型/，/为/项目/立项/、/优先级/排序/、/资源/调配/及/定价/策略/提供/关键/财务数据/支持/。/5/、/完善/公司/各项/内部/控制/流程/，/确保/经营/各/事项/审批/流程/符合/集团/相关/制度/的/要求/。/六/、/任职/资格/要求/（/一/）/必备条件/：/1/、/学历/与/资质/：/统招/本科/及/以上学历/，/财务/、/会计/、/金融/等/相关/专业/，/中级/会计师/职称/；/持有/中国/注册/会计师/（/CPA/）/证书/优先/录取/。/2/./行业/经验/：/具备/8/年/以上/财务管理/工作/经验/，/其中/至少/3/年/以上/在/高新技术/制造业/（/如/机器人/、/高端/装备/、/半导体/、/新能源/汽车/等/）/担任/财务/负责人/或/高级/财务经理/的/经验/。/3/./能/适应/经常/短期/出差/。/（/二/）/核心/能力/：/1/./精通/制造业/成本/管理/：/深刻理解/BOM/、/工费/分摊/、/标准/成本/与/实际成本/差异/分析/、/产研/共线/的/会计/处理/等/。/2/./熟悉/高新/企业/财税/政策/：/精通/研发/费用/核算/、/加计/扣除/、/政府/补助/等/专项/财税/处理/。/3/./出色/的/领导力/与/沟通/能力/：/能/有效/领导/团队/，/并/与/其他/业务部门/高效/协作/。/七/、/我们/为/您/提供/1/./广阔/的/平台/：/作为/公司/核心/管理层/，/直接参与/决定/公司/未来/发展/的/战略决策/。/2/./丰厚/的/回报/：/极具/吸引力/的/薪酬/体系/，/并/提供/股权///期权/激励/，/共享/公司/成长/红利/。/3/./专业/的/团队/：/与/一群/*/*/*/的/技术/专家/和/充满/激情/的/同事/共事/，/共同/挑战/前沿/科技/。/4/./清晰/的/职业/路径/：/公司/处于/高速/发展期/，/此/职位/是/财务/负责人/的/当然/人选/。/5/./完善/的/福利/：/五险/一金/、/带薪/年/假/、/节日/福利/、/培训/发展/机会/等/。/6/./工作/地点/：/浙江/嘉兴/区/7/./工作/单位/：/嘉兴/智康/机器人/有限公司
76923,东方海洋生命科技有限公司,岗位职责/：/1/./协助/完成/实验/方案设计/、/执行/与/数据/记录/，/包括/但/不/限于/：/试剂/配方/调试/、/生物/样本/处理/、/性能/对比/实验/等/。/2/./参与/研发/阶段/的/产品/性能/评估/，/协助/进行/灵敏度/、/特异性/、/精密度/、/线性/范围/等/关键/指标/测试/。/3/./负责/实验/试剂/的/配制/、/校准/品/的/稀释/、/以及/实验/仪器/的/日常/操作/与/维护/。/规范/、/清晰/地/撰写/实验/记录/、/数据/汇总/报告/和/阶段性/技术/报告/。/4/./学习/并/遵守/公司/质量/管理体系/和/研发/相关/的/法规/要求/。/任职/要求/：/1/./生物/技术/、/生物工程/、/医学/检验/、/化学/、/药学/、/生物医学/工程/、/医疗器械/工程/等/相关/专业本科/大三///大四/、/硕士/或/博士/在读/。/2/./能/快速/学习/新/知识/，/在/指导/下能/独立/完成/实验/任务/。
7237,獐子岛集团股份有限公司,任职/要求/：/1/、/安全工程/、/环境工程/或/相关/专业/，/本科/及/以上学历/；/需/持有/安全/管理人员/培训/合格证/，/有/注册/安全/工程师/证书者/优先/；/2/、/五年/以上/中/、/大型/渔业/或/食品/生产/、/加工/企业/安全/管理工作/经验/，/掌握/相关/法律法规/要求/，/熟悉/相关/技术标准/、/规范/，/掌握/安全/管理/知识/；/3/、/诚实/正直/、/原则性/强/、/秉公/尽责/、/严守/法纪/、/积极向上/；/4/、/熟练/操作/办公/软件/。/岗位职责/：/1/、/协助/制定/集团/年度/安全/生产/目标/，/识别/和/获取/适用/的/安全/生产/法律法规/、/标准规范/与/其他/要求/，/并/贯彻/、/落实/。/2/、/协助/集团/安全/生产/委员会/办公室/日常/工作/。/3/、/监督/、/指导/集团/各/单位/安全/管理/，/包括/但/不/限于/环境/管理/、/安全/作业管理/、/职业/健康/管理/、/消防安全/管理/、/事故/管理/、/应急/管理/、/工伤/管理/、/安全/风险管理/和/隐患/排查/治理/、/建设项目/安全/管理/等/。
2572,上海新大洲物流有限公司,工作/职责/：/1/、/负责/店面/日常/销售/接待/，/解决/用户/提出/的/问题/，/促进/销售/。/2/、/负责/摩托车/销售/的/所有/相关/业务/（/开票/、/买/保险/、/缴纳/购置税/、/上/牌/）/等/。/3/、/完成/品牌方/下达/的/新/媒体/计划/。/4/、/完成/领导/交代/的/其他/相关/工作/。/任职/条件/1/、/具有/高中/以上学历/。/2/、/年龄/：/25/-/35/岁/性别/*/*/*/3/、/具备/摩托车/、/汽车/销售类/相关/工作/背景/。/技能/要求/：/1/、/能够/出境/直播/。/2/、/熟练/使用/办公自动化/软件/。/其他/要求/：/1/、/热爱/本职/，/坚持原则/，/遵章守纪/，/保守机密/，/具有/良好/的/职业道德/。/2/、/有/强烈/的/事业心/、/责任感/和/团队/协作/精神/，/服务/意识/强/3/、/具有/较强/的/组织/管理/、/协调/沟通/及/语言表达/能力/4/、/身体健康/。/来源/：/马/克/团/队
2573,上海新大洲物流有限公司,工作/职责/：/1/、/负责/日常/店面/摩托车/维修/事宜/，/积极/完成/部品/销售/计划/；/2/、/按/品牌方/要求/参加/公司/组织/的/培训/，/并/取得/品牌方/的/认证/，/获取/相关/证书/；/3/、/负责/日常/部品/三包/、/协助/销售/完成/事故/车/的/定损/，/以及/定期/统计/部品/缺件/，/确保/店面/正常/运作/。/教育/学历/：/1/、/具有/高中/以上学历/。/2/、/年龄/：/25/-/40/岁/性别/*/*/*/3/、/具备/摩托车/修理/相关/工作/经历/。/4/、/有/摩托车/驾照/的/优先/。
2583,新大洲本田摩托（苏州）有限公司,一/、/招聘/要求/：/1/、/大学本科/及/以上学历/，/电子/、/电气类///机电/、/自动化类/专业/；/2/、/摩托车/行业/&/amp/;/车辆/灯具/行业/5/年/以上/灯具/开发/工作/经历/；/3/、/熟悉/摩托车/电装/品性/能/要求/；/4/、/熟悉/摩托车/电装/部品/研究/和/测试/；/5/、/熟悉/摩托车/相关/国家/法规/。/二/、/岗位职责/：/1/、/负责/灯具/法规/检讨/、/结构设计/、/整车/数据/校核/。/2/、/灯具/图纸/发行/及/管理/；/3/、/市场/问题/解析/与/对应/；/4/、/VA///CR推进/；/5/、/先进/技术/预研/，/A06编写/。
45211,东海证券股份有限公司,岗位职责/:/1/、/协助/进行/公司/模型/风险管理/相关/工作/；/2/、/协助/风险/计量/模型/的/开发/、/验证/、/监控/工作/；/3/、/协助/公司/风险/数据/收集/和/整理/工作/；/4/、/熟悉/证券公司/风险/控制/指标/相关/规定/；/5/、/做好/领导/安排/的/其他/工作/。/任职/要求/:/1/、/为人正直/，/具备/团队/协作/精神/；/2/、/在读/本科/或/研究生/；/3/、/具备/证券/从业/资格/，/熟悉/证券/、/金融市场/；/4/、/具有/较强/的/语言表达/、/沟通/能力/，/具有/较强/的/书面/写作能力/，/能/熟练/运用/各种/办公室/软件/；/5/、/具有/较强/的/工作/责任心/及/敬业精神/，/能/承受/较大/的/工作/压力/。
56315,中煤西安设计工程有限责任公司,【/工作/内容/】/-/负责/煤化工/领域/相关/技术/的/研究/与/开发/，/包括/但/不/限于/化工/材料/、/催化剂/及/新能源/方向/；/-/参与/项目/立项/、/实验设计/、/数据分析/及/成果/总结/，/推动/技术/成果/转化/；/-/协同/团队/进行/技术/攻关/，/撰写/研究/报告/及/专利/文件/；/-/跟踪/国内外/煤化工/技术/发展趋势/，/参与/行业/交流/与/合作/。/【/任职/要求/】/-/博士/研究生/学历/，/化学工程/、/化工/工艺/、/材料科学/等/相关/专业/，/2026/年/应届/毕业生/；/-/具备/扎实/的/化工/理论/基础/，/熟悉/煤化工/、/催化剂/或/新能源/相关/研究/方向/；/-/有/较/强/科研/能力/，/能/独立/开展/实验/和/数据分析/；/-/具备/良好/的/沟通/能力/和/团队/协作/精神/，/有/发表/论文/或/参与/课题/经验者/优先/。/来自/马/-/克/-/数/-/据/-/官网
64080,东莞市九丰化工有限公司,一/、/岗位职责/1/、/负责/指定/品种/的/盘面/交易/，/实时/跟踪/盘面/行情/，/制定/并/执行/交易/策略/，/把握/市场/交易/机会/，/协助/部门/达成/利润/目标/。/2/、/协助/开展/甲醇/期现/结合/交易/业务/，/统筹/期货/与/现货/联动/操作/，/优化/期现/套利/、/套保/等/交易/模式/。/3/、/负责/交易/全/流程/风险/控制/，/建立/并/完善/风险/管控/体系/，/监控/仓位/、/资金/及/价格/波动/风险/，/确保/业务/合规/稳健/运行/。/4/、/维护/上下游/客户资源/，/拓展/业务/渠道/，/收集/市场/信息/并/形成/分析/研判/。/5/、/完成/交易/数据分析/、/工作/总结/及/上级/交办/的/其他/业务/工作/。/二/、/任职/要求/1/、/全日制/本科/及/以上学历/，/金融/、/经济/、/化工/、/贸易/等/相关/专业/优先/。/2/、/熟悉/甲醇/品种/特性/，/精通/盘面/操作/与/行情/分析/，/具备/扎实/的/期货/、/现货交易/实操/经验/。/3/、/深度/熟悉/华东/甲醇/市场/格局/、/产业链/供需/、/价格体系/及/主流/贸易/模式/。/4/、/具备/较强/的/风险/识别/与/风控/能力/，/有/成熟/的/交易/逻辑/与/风控/思维/，/无/重大/交易/风险/事故/记录/。/5/、/工作/严谨/负责/，/抗压/能力/强/，/具备/良好/的/市场/敏感度/、/决策/力/与/沟通/协调/能力/。
64088,惠州市港湾公用化工仓储有限公司,岗位职责/：/1/./检查/管廊/门/、/围网/及/围网/立柱/是否/完好/，/无/破损/，/各/出入/门锁/好/；/检查/管架/防腐/是否/破坏/，/管架/是否/整洁/，/管架/附件/、/标识/等/是否/完整/；/检查/管道/限位/支架/固定/在/管架/两边/，/没有/被/拉坏/。/管道/，/管托/无/移位/；/检查/管道/接地线/完好/无/破损/、/缺失/，/管道/保冷/完好/；/检查/管架/状态/，/管架/沉降/，/管架/周围/情况/是否/正常/；/检查/靠近/河边/的/斜坡/应/完好/，/管/廊柱/无/倾斜/，/基础/无/下沉/；/检查/管廊/区域/杂草/，/垃圾/；/检查/跨/路桥/架上/及/管廊/内/的/警告/标识/无/缺少/、/破坏/；/2/./闲杂人员/不得/进入/管廊/区域/，/如/其他/单位/人员/须/进入/管廊/区域/施工/，/须/具备/批准/的/作业/许可证/，/并/有/安全员/在/现场/进行/施工/监护/，/行为/符合/安全/规章/要求/；/3/./管道/运行/巡查/时/查看/管线/震动/情况/，/是否/有/跑冒滴漏/；/巡查/中/发现/周边/外部环境/有无/影响/管廊/；/检查/管道/标识/、/断面图/清晰/、/完整无缺/失/；/4/./检查/发现/的/问题/需要/用/防爆/手机/拍照/留存/，/重要/隐患/马上/用/对讲机/或/手机/上报/；/5/./巡查/发现/有/危害/管廊/、/管道/安全/的/行为/时/，/应立即/进行/制止/，/无法/处置/时/，/应/向/相关/部门/报告/。/任职/要求/：/1/./大专/及/以上学历/，/化学工程/、/化学工程/与/工艺/、/石油化工/技术/、/油气/储运/技术/、/石油/工程技术/等/相关/专业/；/2/./具备/1/年/以上/石油/、/化工行业/生产/或/管道/巡线/相关/工作/经历/，/熟悉/油气/管道/巡线/基础/流程/及/现场/安全/巡查/要点/；/3/./具备/扎实/的/安全/常识/和/强烈/的/安全/责任意识/，/能/严格遵守/石油化工/行业/安全/管理/及/巡线/作业/相关/规定/；/4/./工作/严谨/细致/，/具备/吃苦耐劳/的/优良作风/，/拥有/较强/的/工作/主动性/和/责任意识/，/能/适应/户外/巡线/作业/。
81691,北京赛诺膜技术有限公司,"岗位职责/：/1/./及时/掌握/市场动态/以及/竞争对手/策略/，/制定/区域/销售/计划/,/实现/销售/目标/；/2/./做好/区域/内/产品/存量/业务/的/深耕/与/增量/业务/的/拓展/；/3/./根据/公司/要求/结合/区域/特点/搭建/渠道/网络/并/做好/开发/管理/及/维护/；/4/./负责/项目/开拓/、/跟进/，/收集/区域/内/竞争对手/及/价格/波动/情况/信息/等/销售/相关/工作/；/5/./负责/完成/上级领导/交待/的/其他/工作/任务/。/任职/要求/：/1/./本科/及/以上学历/，/4/~/5/年水/处理/行业/工作/经历/；/2/./有水/处理/行业/技术/相关/背景/；/3/./有水/处理/行业/工程/销售/或者/产品销售/背景/；/4/./沟通/能力/强/，/具备/良好/的/客户/维护/能力/和/谈判/能力/;/5/./有/事业心/、/目标/感强/、/有/拼搏精神/和/开拓精神/，/具备/抗压/能力/。/此/岗位/常驻/地为/：/合肥/，/根据/公司/安排/不定期/到/北京/总部/汇报工作/。/来源/：/百度/马/克/数据网"
90947,华恒物流,工作/职责/：/一/、/负责/建立/集团/及其/子公司/财务管理/、/会计核算/、/预算/等/相关/制度/:/1/./协助/制定/公司/发展/战略/，/建立/科学/、/系统/符合/企业/实际/情况/的/财务/核算/体系/和/财务/监控/体系/，/进行/有效/的/内部/控制/;/2/./组织/会计人员/正确/、/及时/的/处理/账务/，/办理/现金/收支/，/及时/做好/账务/登记/；/能/及时/提供/真实/的/会计核算/资料/，/组织/经营/活动/分析/，/为/公司/决策/提供/依据/；/3/./负责/组织/全员/经营/预算/体系/，/编制/公司/年度/、/季度/、/月度/成本/、/资金/、/成本/、/费用/等/财务指标/计划/与/预算/工作/；/定期检查/、/监督/、/跟进/预算/执行/的/情况/，/并/能/及时/调整/与/控制/；/二/、/对/公司/税收/进行/整体/筹划/与/管理/，/制定/、/管理/和/实施/公司/的/经济/、/财务/标准/和/程序/；/分析/并/改进/现有/流程/，/组织/资金/筹措/，/加强/资金运用/管理/，/保证/企业/运营/所/需/资金/的/正常/运转/；/三/、/为/企业/经营/发展/及/对外/投资/等/事项/提供/专业/的/财务/分析/和/决策依据/；/对/重大/投资/项目/和/经营/活动/进行/风险/评估/、/指导/、/跟踪/和/财务/风险/控制/；/四/、/协调/公司/与/银行/、/工商/、/税务/等/政府部门/的/关系/，/维护/公司/利益/；/任职/要求/：/1/./本科/及/以上学历/，/财务/、/会计专业/；/2/./至少/10/年/相关/工作/经验/，/必须/有/5/年/以上/企业/财务管理/经验/；/3/./熟悉/企业/财务管理/的/相关/法规/和/政策/，/熟悉/财务/分析/和/报告/的/编制/方法/，/具备/良好/的/财务管理/和/分析/能力/;/4/./具备/良好/的/团队/管理/和/协作/能力/，/能够/有效/地/领导/和/激励/团队/；/5/./具备/较强/的/抗压/能力/和/应变能力/，/能够/在/压力/下/保持良好/的/工作/状态/；/该/数据/由/</马克/数据网/>/整理
47934,上海大众公用事业（集团）股份有限公司,工作/职责/：/1/、/负责/目标/资产/包/收购/等/业务/工作/，/主要/方向/为/不良资产/，/包括/项目/立项/、/尽职/调查/、/估值/分析/、/方案/制作/实施/、/后期/管理/等/工作/，/实现/投/、/管/、/退全/流程/闭环/；/2/、/收集/、/整理/、/分析/、/研究/行业/信息/、/市场/及/政策/参与/行业/调研/、/撰写/行业/研究/报告/，/开展/行业/分析/工作/等/；/3/、/负责/业务/渠道/拓展/，/做好/目标/市场/的/维护/和/项目/拓展/。/4/、/组织/制订/、/执行/、/监督/和/完善/各项/业务管理/制度/；/5/、/协助/完成/公司/交办/的/其他/相关/工作/，/协调/本/部门/与/公司/内/其他/部门/的/配合/联动/。/任职/资格/：/1/、/本科/及/以上学历/，/金融/、/经济/、/管理/、/法律/等/相关/专业/优先/考虑/。/2/、/5/年/以上/资产/管理/公司/、/律师/事务所/、/银行/、/基金/等/相关/工作/经验/，/熟悉/资产/管理/、/不良资产/处置/、/股权/投资/等/业务/领域/。/3/、/在/资产/管理/、/股权/投资/、/不良资产/收购/和/处置/等/方面/有/渠道/资源者/优先/。/4/、/具有/敏感/的/商业/和/市场/意识/，/敏锐/的/市场/判断/洞察力/及/行业/趋势/分析/能力/。/5/、/具有/优秀/的/商务谈判/能力/、/协调/沟通/能力/、/资源整合/能力/和/业务/推进/能力/。/关注/公众/号/马/克/数/据/网
34148,凯龙高科技股份有限公司,1/、/按照/国家/相关/法规/制定/公司/会计/政策/及/各项/制度/，/组织/公司/会计核算/及/财务管理/工作/，/编制/公司/各期/财务报表/和/年度/会计/决算/报告/，/配合/外部/审计/机构/完成/年度/审计工作/。/2/、/按照/证监会/及/交易所/的/要求/组织/完成/上市公司/的/信息/披露/工作/，/对/财务报告/及时/、/真实/、/准确/、/完整/负责/。/3/、/按照/国家/税法/体系/制定/税务/计划/，/办理/税务/申报/、/缴纳/及/汇算/清缴/工作/，/对/税务/合法/、/筹划/有效/负责/。/4/、/按照/国家/融资/政策/及/公司/生产/经营/的/需要/合理/地/筹集资金/，/优化/融资/结构/，/降低/资金/成本/，/维护/良好/的/融资/渠道/和/资源/；/合理/分配/和/运用/资金/，/提高/资金/使用/效率/。/5/、/负责/对/各/子公司/财务/工作/的/指导/、/监督/和/检查/。/6/、/建立/会计/档案管理/制度/，/妥善/地/保管/会计/档案/，/合理/有效/地/利用/会计/档案/。/7/、/配合/财务总监/组织/、/协调/、/督导/财务管理/工作/。/8/、/定期/对/公司/经济/形势/、/财务状况/、/成本/管理/进行/预测/、/分析/，/保证/公司/净资产/的/保值/增值/，/提高/企业/管理水平/和/盈利/能利/。/9/、/对/公司/的/投资决策/、/融资/决策/和/股利/分配/政策/进行/分析/论证/和/评估/。/10/、/解释/、/解答/与/公司/的/财务会计/有关/的/法规/和/制度/。/11/、/每月/提供/人力资源部/绩效考核/与质/管部/所/涉及/到/的/财务数据/，/以及/提供/其他/部门/所/需/的/相关/财务数据/。/12/、/维护/财务人员/的/IT/中/的/权限/的/设置/。/13/、/配合/完成/政府/资助/项目/工作/，/提供/相关/的/财务数据/及/凭据/。/任职/资格/1/、/坚持原则/，/能/承受/较大/工作/压力/。/2/、/熟悉/国家/财经/法律/、/法规/、/规章/和/方针/、/政策/，/掌握/本行业/业务管理/的/有关/知识/。/3/、/有/较/强/的/组织/、/协调/能力/。/更/多/数据/：/搜索/马克/数据网/来源/：/www/./macrodatas/./cn
27994,浙江省环境科技股份有限公司,1/./必须/具备/环保类/中级/及/以上/职称/；/2/./环境工程/、/环境/科学/、/环境监测/等/专业/，/本科/及/以上学历/；/3/./具有/较强/的/责任感/，/团队/协作/能力/和/沟通/能力/较强/；/4/./负责/对接/各级/政府/、/各类/企业/，/协助/区域/主管部门/，/提供/环保/技术咨询/有关/的/各种/服务/；/5/./工作/地点/：/萧山/6/./要求/有/驾照/，/能/独立/开车/。/来自/：/马/克/团/队
14537,达州清新环境科技有限公司,岗位职责/：/1/、/环境/体系/维护/维护/公司/环境/管理体系/，/并/负责/公司/的/环境/标志/产品认证/及/年检/的/工作/。/2/、/定时/更新/法律法规/提出/贯彻/国家/、/省/、/市/有关/环境保护/各项/方针/、/政策/、/法令/和/有关/标准/的/落实/方案/，/检查/落实工作/，/以/确保/公司/遵守/国家/法律法规/和/各项/规章制度/3/、/参加/公司/新建/技术改造/项目/的/设计/审查/及/技术/方案/论证/，/参加/环保/设备/的/选型/，/负责/公司/建设项目/环境影响/评价/报告/的/编制/和/报批/工作/，/监督/环保/制度/的/执行/情况/和/工程/竣工/验收/工作/，/以/确保/公司/建设项目/的/合法性/4/、/监测/工作/联系/、/组织/对本/企业/污染源/进行/定期/、/定点/、/定项/的/监测/，/对/超标/项/积极/提出/技术/治理/和/整改措施/，/防止/污染/事故/，/监督/全/公司/环境保护/设施/的/运行/和/污染物/的/排放/，/在/授权/范围/内/对/污染/单位/进行/考核/，/以/确保/公司/污染物/达标排放/5/、/与/政府/环保部门/联系/联系/环保局/，/对/环保局/下达/的/各项任务/进行/贯彻落实/，/向/环保局/申请/各项/环保/荣誉/及/专项资金/，/确保/公司/与/政府部门/建立/和谐/的/关系/6/、/环保/日常/巡查/监督/公司/环保/设施/、/设备/的/正常/运行/，/对/出现/的/问题/提供/技术/指导/、/跟踪/解决/，/确保/公司/不/产生/环境污染/事故/7/、/环保/宣传教育/宣传教育/环境保护/知识/，/对/新/员工/进行/入职/环保/知识/教育/，/以/增加/员工/环保/知识/，/提高/员工/环保/意识/，/并/符合/环境/管理体系/的/要求/8/、/完成/领导/交付/的/各项/临时性/工作/任职/要求/：/1/、/本科/及/以上学历/，/环境工程/相关/专业/；/2/、/有同/岗位/1/年/以上/工作/经验/；/3/、/工作/细心/、/踏实/，/能/吃苦/。/4/、/以下/情况者/，/不得/参加/应聘/：/（/1/）/属于/四川/发展/中层/正职/及/以上/管理人员/的/主要/利害/关系人/(/即/配偶/、/子女/及其/配偶/)/报名/人员/应该/提供/完整/、/真实/、/有效/的/个人信息/，/提供/虚假/信息者/，/一经/发现/，/公司/有权/取消/应聘/、/聘用/资格/或/解除/劳动合同/；/（/2/）/属于/清新/环境/总裁/助理级/人员/、/清新/环境/部门/中层/正职/，/直接/出资/企业/和/重要子/企业/党组织/书记/、/董事长/（/含/按/中层/正职/配备/的/董事/）/、/总经理/的/主要/利害/关系人/(/即/配偶/、/子女/及其/配偶/)/。/5/、/报名/人员/应该/提供/完整/、/真实/、/有效/的/个人信息/，/提供/虚假/信息者/，/一经/发现/，/公司/有权/取消/应聘/、/聘用/资格/或/解除/劳动合同/。
45931,中设国联无锡新能源发展有限公司,岗位职责/：/1/、/全面/预算/管理/：/①/组织/全面/预算/的/编制/、/评审/、/下达/与/调整/工作/，/建立/并/完善/预算/管理体系/；/②/监督/预算/执行/情况/，/开展/预算/分析/，/提出/管控/建议/；/③/负责/公司/中长期/财务/规划/与/年度/经营/目标/的/衔接/与/落实/。/2/、/财务/分析/与/决策/支持/：/①/负责/公司财务/分析/，/编制/财务/分析/报告/；/②/优化/财务/分析模型/与/指标体系/，/支持/经营/决策/与/业绩/评估/；/③/跟踪/行业/与/对标/企业财务/动态/，/提供/竞争/分析/与/业务/建议/。/3/、/海外/财务/体系/建设/与/管理/：/①/负责/海外/业务/的/财务管理/体系/、/内部/控制/与/业务流程/建设/；/②/统筹/海外/资金/管理/、/税务/筹划/、/外汇/风险/防控/、/财务报告/编制/；/4/、/部门/其它/业务/①/内控/合规/管理/：/审核/合同/经济/业务/条款/、/付款/计划/、/发票/事宜/，/将/对/经济/业务/合同/有/异议/的/部门/及时/反馈/；/②/资金/管理/：/按照/公司/财务管理/制度/、/对/各类/付款单/据/进行/严格/审核/，/确保/资金/付款/合理/、/安全/；/③/成本/管理/：/收集/数据/、/成本/归集/与/分配/、/生/成分/业务/单元/的/成本/汇总表/、/成本/多维度/分析/、/输出/决策/建议/；/④/税务/管理/：/接受/税务局/通知/、/了解/税务/调查/事项/、/针对/调查/事项/进行/分析/、/提供/方案/、/完成/税务/检查/；/⑤/领导/交办/的/其它/事项/。/任职/资格/：/1/、/“/双/一流/”/全日制/本科/及/以上学历/，/财务/、/会计/、/经济/、/金融/等/相关/专业/；/2/、/持有/CPA/、/ACCA/、/中级/会计师/及/以上/专业/资格/；/3/、/8/年/以上/财务/工作/经验/，/其中/3/年/以上/全面/预算/管理/或/财务/分析/经验/，/具备/投融资/经验/、/海外/财务管理/或/跨国公司/相关/经验者/优先/；/4/、/熟悉/新能源/、/电力/、/基础设施/等/行业/特点/，/有/项目/投资/分析/经验/；/5/、/英语/可/作为/工作/语言/，/具备/优秀/的/双语/沟通/与/报告/撰写/能力/；/6/、/具备/战略思维/、/数据/敏感性/和/业务/洞察力/；/7/、/责任心/强/，/具备/团队/管理/与/跨部门/协作/能力/。
715,如东天楹环保能源有限公司,学习热/控/检修/相关/工作
55666,上海市信息网络有限公司,岗位职责/：/1/、/公司/品牌/文化/宣传/：/了解/公司/品牌/定位/、/核心/价值/与/业务/特点/，/结合/市场动态/、/受众/客户/类型/，/制定/具有/创新性/和/针对性/的/公司/宣传/。/包括/：/公众/号/运营/、/宣传/内容/收集整理/撰写/、/公司简介/制作/、/宣传/海报/构思/制作/、/企业/名片/、/品牌/周边/涉及/等/、/日常/拍摄/活动/照片/、/视频/；/公司/宣传片/构思/涉及/、/方案/、/对接/制作/；/线/上线/下/活动/组织/与/执行/；/2/、/公司/质量/管理工作/：/日常/制度/建设/管理/、/内审/、/外审/工作/对接/；/专项/质量/管理工作/；/3/、/公司/车辆管理/：/制度/建设/、/平台/维护/、/数据/统计分析/、/对接/司机/保养/维修/需求/、/对接/服务方/管理/、/财务/报销/统计/核对/、/车辆/安全/保险/、/车辆/购买/报废/及/日常/检查/等/工作/；/4/、/前台/保洁/管理/：/前台/标准化/工作/流程/制定/执行/及/优化/管理/、/卫生/保洁/工作/标准化/工作/及/优化/管理/；/任职/要求/：/1/、/本科/及/以上学历/；/管理/、/市场/、/宣传类/专业/为佳/；/2/、/党员/优先/；/3/、/具有/良好/的/沟通/协调/能力/和/积极主动/的/服务/意识/；/4/、/具备/优秀/的/文字/撰写/能力/，/能够/熟练/撰写/各类/宣传/文案/与/稿件/；/掌握/一定/的/设计/技能/，/能够/运用/设计/软件/制作/简单/的/宣传/海报/与/视频/素材/；/有/一定/的/活动/策划/与/组织/能力/；/5/、/了解/车辆/基本/构造/与/原理/，/熟悉/车辆保养/与/维修/知识/；/能够/与/驾驶员/、/维修厂/等/有效/沟通/；/掌握/一定/的/安全/管理/知识/，/能够/制定/、/优化/并/执行/车辆/安全/管理制度/；/6/、/具备/基本/的/前台/接待/礼仪/知识/，/能够/热情/、/周到/地/接待/来访/客人/；/7/、/工作/认真负责/，/具有/较强/的/责任心/与/执行力/，/能够/按时/、/高质量/地/完成/各项/工作/任务/；/具备/良好/的/团队/合作/精神/，/能够/与/公司/各/部门/密切配合/，/共同/推动/公司/业务/发展/；/具有/较强/的/学习/能力/和/应变能力/，/能够/主动/思考/，/积极/解决/工作/中/出现/的/问题/；/具备/一定/的/抗压/能力/，/能够/高效/处理/各项/工作/事务/。/。/马/克/数/据/网
55663,天翼安全科技有限公司,学历/要求/硕士/及/以上学历/；/专业/要求/计算机/、/网络安全/、/通信工程/、/电子信息/、/软件工程类/相关/专业/岗位职责/1/./负责/产品/或/项目/的/交付/实施/及/实施/过程/中/的/相关/支持/工作/，/确保/产品/按时/完成/交付/。/2/./负责/产品/或/项目/的/售后/运营/，/支撑/客户/产品/售后/使用/，/进行/客户/的/故障/处置/和/答疑/等/工作/。/3/./负责管理/产品/运营/文档/，/编写/、/维护/和/更新/与/产品/交付/和/运营/相关/的/技术/文档/，/包括/操作手册/、/故障/处理/指南/、/知识库/文章/等/。/4/./负责/内部/协作/与/流程/优化/，/持续/分析/和/优化/交付/及运维/流程/、/工具/和/方法/，/提升/服务质量/和/客户/满意度/。/应聘/资格/要求/1/、/2026/年/毕业/的/海内外/院校/硕士/及/以上学历/学位/的/应届/毕业生/，/计算机/、/网络安全/、/通信/等/相关/专业/。/2/、/具有/扎实/的/计算机网络/，/网络安全/等/基础知识/，/熟练掌握/路由/、/交换/、/NAT/、/VPN/等/网络/基础/技术/。/3/、/熟悉/网络安全/产品/，/如/防火墙/、/WEB防火墙/、/入侵/检测/系统/、/终端/防护/等/系统/，/或/了解/信息安全/基础知识/，/有/安全事件/分析/研判/能力/，/能够/进行/安全/日志/、/安全事件/应急/分析/处置/工作/。/4/、/工作/认真/、/踏实/严谨/、/积极主动/、/团结/协作/，/具有/高度/责任心/和/敬业精神/。/5/、/具备/CISSP/、/HCIA///HCIP///HCIE/等/相关/证书者/优先/考虑/。
47959,百视通网络电视技术发展有限责任公司,岗位职责/1/./负责/云/游戏/平台/在/渲染/、/网络/、/边缘/节点/等/方面/的/性能/调优/；/2/./跟踪/并/引入/云/游戏/、/边缘/计算/、/实时/渲染/等/前沿技术/；/3/./设计/动态/算力/、/CDN调度/等/方案/，/平衡/体验/与/成本/；/4/./建立/系统/高/可用/与/灾备/机制/，/提供/技术/视角/的/业务/建议/。/任职/要求/：/1/./3/年/以上/云/计算///游戏/平台/研发/经验/，/精通/C///C++///Go/，/熟悉/MFC///QT/；/2/./具备/云/游戏/、/边缘/计算/、/实时/音视频/系统/架构/与/优化/经验/；/3/./熟悉/Windows///Linux/底层/开发/，/能/贴近/业务/提供/技术/支撑/。/。/来自/：/马/克/团/队
1703,华数传媒网络有限公司,岗位职责/:/1/、/根据/区域/业务/发展/需要/，/负责/华数/相关/业务/在/区域/的/商务/拓展/;/2/、/负责/区域/内/通信/运营商/等/客户关系/维护/及/资源/协调/，/对/所/负责/业务/的/经营/指标/负责/，/包括/但/不/限于/客户/合同/签署/、/对账/结算/、/数据分析/等/工作/;/3/、/协同/内部/各类/资源/，/落实/合作/业务/的/项目/落地/及/运营/等/相关/工作/;/4/、/根据/业务/需要/进行/行业/信息/搜集/、/数据分析/、/产品/优化/、/营销/推广/、/商务/方案/等/工作/;/5/、/完成/上级/交办/其他/工作/。/任职/要求/:/1/、/遵守/中国/宪法/和/法律/，/具有/对党/忠诚/的/政治/品格/，/具有/职务/所/需/的/工作/能力/、/文化/水平/、/专业知识/及/身体/条件/；/2/、/大学本科/及/以上学历/，/传媒类/、/设计类/、/中文类/、/市场营销类/、/工商管理类/等/相关/专业/可/优先/考虑/，/一般/不/超过/40/周岁/;/3/、/具有/2/年/及/以上/工作/经验者/可/优先/考虑/；/4/、/能够/提供/业务/咨询/和/项目/建设/方案/，/能够/独立/完成/项目前期/方案/的/设计/，/具备/良好/的/PPT制作/能力/，/优秀/的/资源整合/和/沟通/能力/;/5/、/较强/的/工作/责任感/，/以及/团队/协作/意识/；/6/、/具有/运营商/工作/经验/或/有/良好/的/运营商/人脉关系/，/能够/迅速/将/运营商/资源/投入/现有/业务者/可/优先/考虑/。/报名/时间/：/自/发布/之/日/不少/于/5/个/工作日/，/招满/即止/。
33221,广东南方网络电视传媒有限公司,一/、/岗位职责/?/1/、/负责/公司/电竞/、/少儿/、/影视/专区/策划/和/需求/迭代/；/2/、/撰写/产品/宣推/文案/、/功能/说明/文档/、/活动/策划/方案/；/3/、/协助/上级/完成/公司/产品/业务/推广/，/增加收入/，/制定/、/完善/、/执行/上级领导/运营/策略/和/运营/计划/，/规范/产品/运营/，/完善/产品/订购/流程/；/?/4/、/结合/公司///业务部门/的/整体/目标/和/产品/规划/管理/流程/输出/产品/原型/及/需求/文档/，/跟进/产品/从/设计/、/开发/、/测试/到/落地/的/全/流程/管理/5/、/能够/基于/数据分析/和/量化/目标/，/发现/产品/问题/及/提出/解决方案/，/对/产品/进行/持续/的/优化/迭代/和/改进/，/对/产品/上线/的/数据/效果/和/全/生命周期/负责/。/?/二/、/任职/要求/?/1/、/本科/及/以上学历/，/市场营销/、/影视/传媒/、/计算机相关/专业/优先/；/?/2/、/3/年/以上/互联网///智能/电视机/厂家///广电/行业/产品策划/经验/，/有/影视/类产品/（/视频/平台///IPTV///OTT/）/策划/经验者/优先/；/?/3/、/可/使用/原型/设计/工具/优先/考虑/；/4/、/文案/功底/扎实/，/可/撰写/产品/说明/、/宣推/文案/及/策划/方案/，/逻辑/清晰/且/富有/感染力/；/?/5/、/有/较/强/的/思维/逻辑/、/对外/沟通/能力/，/具备/良好/的/用户/需求/洞察/和/数据分析/理解力/；/6/、/创意/丰富/、/思维/活跃/，/能/提出/创新性/产品/思路/；/7/、/具备/较/好/的/抗压/能力/和/执行力/，/能/主动/发现/和/高效/解决问题/。
93570,武汉凌云建筑装饰工程有限公司,（/来源/马克/数据网/）/。/一/、/岗位职责/1/./预算/管理/：/能够/在/他人/指导/下/开展/年度/财务预算/及/项目/预算编制/工作/、/监督/部门/及/项目/的/预算/执行/情况/；/2/./核算/管理/：/能够/独立/或/在/他人/指导/下/开展/会计核算/与/利润/核算/工作/、/支出/审核/、/资产/管理工作/；/3/./税务/管理/：/能够/独立/或/在/他人/指导/下/开展/税务/筹划/工作/、/税收/申报/及/缴纳/工作/、/税收/风险/排查/、/提示/工作/；/4/./资金/管理/：/能够/独立/或/在/他人/指导/下/开展/公司/投融资/管理工作/、/资金/计划编制/及/执行/监督/工作/；/5/./其他/：/完成/领导/交办/的/其他/工作/。/6/./以上/工作/根据/实际/需求/安排/。/二/、/基本/要求/1/./教育/水平/：/大学本科/及/以上学历/（/双/一流/院校/优先/）/2/./经验/要求/：/2/-/4/年/相关/岗位/工作/经验/2/./政治面貌/：/中共党员/（/含/预备党员/）/优先/3/./专业/要求/：/财务/、/会计/相关/专业/，/熟悉/建筑/装饰/行业/财务/核算/业务/优先/4/./职称/要求/：/具有/会计/初级/及/以上/职称/优先/5/./计算机/技能/：/能够/熟练/使用/办公/软件/，/熟悉/金蝶/EAS财务/核算/软件/优先/6/./自然/条件/：/身体健康/7/./其他/能力/：/具有/较强/的/沟通/协调/能力/、/抗压/能力/、/应急/处置/能力/三/、/工作/地点/上海/、/广州/、/南京/四/、/其他/与/第三方/劳务/公司/签订合同/，/包/食宿
75388,广东韶能集团股份有限公司,工作/地点/：/广东省/韶关市/区/或者/韶关/县城/岗位职责/：/1/、/建立/和/完善/公司/的/财务/内部/控制/体系/;/2/、/管理/公司/财务部/的/日常/财务会计/工作/;/3/、/对/公司/的/资本/支出/和/战略/投资/提出/财务/方面/的/建议/;/4/、/做好/公司/的/财务/分析/，/协助/公司/的/业绩考核/;/5/、/对/公司/的/财务预算/进行/汇总/编制/、/初审/及/分析/。/财务/负责人/职位/要求/：/1/、/财会/、/金融/、/经济/、/管理/、/会计/等/相关/专业/统招/本科/及/以上学历/；/会计师/以上/职称/，/有/注册/会计师/资格者/优先/；/2/、/五年/以上/财务会计/等/相关/工作/经验/，/2/年/以上/大中型/制造型/企业/财务管理/经验/，/有/制浆/厂/或/造纸厂/财务管理/经验者/优先/；/3/、/熟悉/国家/财税/、/金融/的/法律法规/和/相关/政策/，/熟悉/新/企业/会计准则/;/4/、/具备/较强/的/沟通/、/协调/、/管理/能力/以及/分析/解决问题/的/能力/;/5/、/能/承受/工作/压力/和/挑战/，/保密/守信/，/且/有/良好/的/职业道德/。/6/、/薪资/可/面议/。/职位/福利/：/五险/一金/、/周末/双休/、/补充/医疗保险/、/定期/体检/、/绩效奖金/、/包住/来自/：/www/./macrodatas/./cn
42113,广州发展碧辟油品有限公司,一/、/主要/工作/职责/：/1/./负责/油库/机械设备/（/储罐/、/机泵/、/阀门/、/管线/等/机械设备/）/检/维修/相关/工作/；/2/./负责/设备/登记/及/相关/检/维修/记录/台账/建议/与/更新/；/3/./开展/机械设备/，/掌握/了解/设备/工况/，/跟踪/设备/维修/后/情况/，/提出/检/维修/建议/；/4/./负责/制定/机械设备/维护/所/需/物资/计划/；/5/./协助/机械/工程师/完成/油库/机械设备/技术改造/及/相关/管理工作/；/6/./协助/完善/机械/相关/规章制度/管理/规定/；/7/./完成/领导/交办/的/其他/工作/。/二/、/任职/资格/要求/：/1/./机械/、/自动化/相关/专业/大学专科/及/以上学历/，/或/具有/相关/中级职称///职业资格/；/2/./具有/二年/及/以上/相关/工作/经验/（/应届/毕业生/不/限/工作/年限/）/；/3/./具有/较强/的/学习/能力/和/动手/能力/，/喜欢/钻研/技术难题/；/4/./熟练/操作/办公/软件/（/Word/、/Excel/、/PPT/等/)/。
2748,韶能集团耒阳蔡伦纸品有限公司,职责/与/任务/：/1/./根据/公司/发展/规划/，/逐步完善/工艺/管理/各项/制度/；/负责/对/公司/原材料/使用/技术/展开/研究/，/指导/现有/生产工艺/的/优化/升级/，/同时/为/公司/项目/提供/所/需/的/设计/资料/及/相关/数据/支持/。/2/./全面/掌握/制浆/造纸工业/新/原料/开发利用/动态/，/牵头/开展/新/原料/试验/研究/，/为/公司/可/持续/发展/提供/稳定/的/纤维/原料/保障/，/助力/优化/原料/结构/、/降低生产/成本/；/结合/公司/产品/结构调整/方向/，/开展/前期/可行性/论证/试验/，/并/依据/新/产品/的/使用性能/与/质量/要求/，/完成/浆料/结构/、/辅料/配方/工艺/试验/。/3/./密切/关注/制浆/造纸工业/辅料/发展趋势/，/结合/公司/实际/生产/情况/推进/辅料/推广应用/；/通过/持续/优化/、/筛选/，/向/公司/推荐/优质/高效/的/化工/辅料/，/配合/生产部/开展/试验/，/实现/降低/辅料/成本/、/提升/产品/使用/效率/的/目标/。/4/./负责/收集/、/整理/并/发布/造纸/行业/及/相关/行业/的/技术/动态/，/以及/新/技术/、/新/产品/、/新/设备/信息/；/收集/、/整理/行业/内/先进经验/，/及时/报送/相关/领导/与/部门/，/为/公司/决策/提供/参考/。/5/./按时/完成/上级领导/安排/的/其他/工作/任务/。/任职/资格/：/1/./教育/背景/：/全日制/本科毕业/及/以上/，/造纸/及/相关/专业/。/2/./工作/经验/：/具备/5/年/及/以上/制浆/造纸/相关/工作/经验/，/具备/一定/管理/能力/。/3/./能力/素质/：/熟悉/生产成本/控制/逻辑/与/统筹/运作/方法/，/能/从/成本/与/效率/角度/优化/生产/环节/；/精通/制浆/造纸/生产/作业/流程/及/工艺/规程/，/可/精准/把/控/生产/各/环节/技术/要点/；/掌握/生产/质量/控制/管理体系/，/保障/产品质量/稳定/；/具备/独立/分析/、/处理/生产/设备/故障/的/能力/，/可/快速/响应/生产/技术/问题/。/4/./其他/要求/：/具备/较强/的/吃苦/精神/与/责任心/，/拥有/良好/的/团队/协作/意识/，/能/高效/配合/跨部门/工作/。/福利/：/带薪/年/假/，/免费/体检/，/员工/宿舍/，/餐补/，/节假日/福利/等
74201,深圳赤湾胜宝旺工程有限公司,"岗位职责/：/1/./深入/了解/并/主导/解决/结构设计/相关/问题/；/审核/详设/结构/专业/图纸/及/报告/相关/设计/文件/。/Possess/in/-/depth/understanding/and/lead/the/resolution/of/structural/design/-/related/issues/;/review/and/approve/detailed/design/documents/for/the/Structural/discipline/,/including/drawings/and/reports/./2/./对接/加/设/结构/专业/，/结构类/材料/采购/支持/。/Provide/support/for/Shop/design/structural/discipline/and/Procurement/for/structural/materials/./3/./完成/项目/设计/经理/安排/的/其他/结构设计/相关/的/设计/工作/。/Complete/other/interface/and/engineering/work/assigned/by/Project/Engineering/Manager/./4/./配合/完成/EPC投标/结构/详设/相关/工作/。/Assist/Bidding/Engineering/Manager/to/complete/related/EPC/bidding/work/./技能/及/相关/素质/要求/：/1/./本科/及/以上学历/，/工科类/专业/，/英语/四级/以上/，/可/作为/工作/语言/；/Bachelor/'/s/degree/or/above/,/Mechanical///Structural///Mechanical/Engineering/Major/,/with/CET/-/4/or/above/,/able/to/use/English/as/a/working/language/../2/./至少/10/年/油气/行业/相关/专业/详细/设计/工作/经验/，/至少/3/年/油气/行业/结构/详细/设计/专业/团队/管理/经验/；/Min.10/years/of/experience/of/Detail/Design/work/in/O/&/G/Industry/./Min.3/years/of/experience/of/DDE/structural/team/management/work/in/O/&/G/./3/./熟悉/油气/行业/通常/使用/的/相关/国际标准/和/行业/规范/；/Be/familiar/with/the/international/standards/and/codes/in/O/&/G/Industry/./4/./良好/的/沟通/协调/能力/及/团队/合作/精神/，/能/熟练/运用/办公/软件/。/Possessing/excellent/communication/and/coordination/skills/as/well/as/a/strong/sense/of/teamwork/,/and/being/proficient/in/using/office/software/."
33582,江苏迅邦建设工程有限公司,要/有/经验/，/懂/流程/，/主要/做/内账/、/考勤/、/报销/、/员工/的/社保/增减/等
8623,广州智光电气技术有限公司,岗位职责/：/1/、/负责/储能/PCS/及/升压/一体/仓/产品/的/业务/开拓/，/建立/行业/客情/关系/，/完成/销售/指标/；/2/、/负责/做好/市场调研/工作/，/搜集整理/PCS设备/的/市场行情/及/项目/信息/；/3/、/负责/组织/客户/活动/，/提高/品牌/的/市场份额/及/占有率/；/任职/要求/：/1/、/本科/以上学历/，/经验丰富者/可/放宽/至/大专/学历/；/2/、/有/3/年/以上/的/PCS销售/经验/，/组串式/PCS销售/经验/优先/；/拥有/储能/PCS/及/升压/一体/仓/产品/的/销售/经历/并/取得/过/良好/业绩者/优先/；/3/、/对/储能/行业/有/较为/熟练/的/销售/技能/及/客户/基础/积累/，/并/在/行业/内/有着/丰富/的/项目/经验/及/成功/案例/；/4/、/丰富/的/商务谈判/合作/经验/，/行业/内有/丰富/的/人脉/资源/等/；/5/、/工作/细致/严谨/，/积极主动/，/责任心/强/，/具有/较/好/的/组织协调/沟通/能力/，/能/吃苦耐劳/，/深入/现场/。/（/macrodatas/./cn/）
61509,宁波东方电缆股份有限公司,岗位职责/：/1/、/全面/统筹/中/低压/陆缆/的/生产/计划/制定/、/组织/实施/及/现场/调度/管理/，/保障/按时/高效/交付/；/2/、/主导/生产/过程/管控/，/严格监督/工艺/执行/、/质量/保障/与/成本/控制/，/确保/各项/生产指标/达成/；/3/、/负责/生产/团队/的/建设/与/管理/，/组织/开展/技能/培训/与/绩效/提升/，/持续/增强/团队/执行力/；/4/、/推动/安全/生产/及/现场/管理/落实/，/不断/优化/生产流程/，/提升/设备/利用率/及/运行/稳定性/。/任职/要求/：/1/、/本科/及/以上学历/，/电缆/工程/、/电气工程/等/相关/专业/；/2/、/5/年/以上/电缆/行业/生产/管理/经验/，/熟悉/中/低压/电缆/制造/工艺流程/；/3/、/具备/较强/的/组织协调/能力/、/现场/问题/解决/能力/及/团队/领导/能力/；/4/、/责任心/强/，/抗压/能力/好/，/能够/适应/临时性/、/紧急性/任务调度/。/。/（/来自/马克/数据网/）
25194,深圳市欧盛自动化有限公司,工作/内容/：/1/、/搭建/AI/+/仿真/+/设计/一体化/研发/流程/，/基于/SolidWorks/、/达索/平台/实现/快速/建模/、/自动/仿真/、/智能/优化/，/提升/研发/效率/与/设计/质量/。/2/、/梳理/工程/数据/，/建立/设计/知识/图谱/与/数据库/，/沉淀/设计方案/，/实现/数据/与/方案/快速/复用/。/3/、/开发/强度/、/疲劳/、/振动/、/热场/等/AI预测/模型/，/前置/预判/设计/风险/，/支撑/结构/优化/与/仿真/自动化/落地/。/4/、/建立/“/数据/→/AI/→/仿真/→/试验/”/闭环/体系/，/支撑/核心/项目/技术/攻关/与/产品/迭代/升级/。/5/、/负责/智能/物流/与/自动化/产线/整体/方案设计/，/包含/AGV调度/、/机械手/上下/料/、/机器/视觉/、/整线/集成/与/落地/实施/。/6/、/完成/AGV路径/规划/、/多车/协同/、/与/WCS///WMS///MES系统/对接/，/实现/产线/数字化/管控/。/负责/工业/机器人/编程/调试/、/夹具/设计/、/多/设备/联动/控制/、/视觉/定位/、/手眼/标定/、/视觉/引导/抓取/等/应用/开发/。/负责/AGV/+/机械手/+/视觉/+/产线/全/流程/联调/与/问题/攻关/，/提升/产线/自动化率/、/稳定性/与/OEE/，/实现/少人化/、/无人化/生产/。/任职/资格/：/1/、/本科/及/以上/，/机械/、/力学/、/自动化/、/AI人工智能/、/机电/一体化/等/相关/专业/。/2/、/5/年/及/以上/相关/工作/经验/，/具备/CAE仿真///结构设计/或/智能/物流///自动化/产线/集成/经验/，/两者/兼具/优先/。/3/、/精通/SolidWorks/及/Simulation/，/熟悉/达索/平台/优先/；/具备/工程/数据/治理/、/仿真/流程/自动化/、/AI模型/落地/经验/优先/。/4/、/熟悉/AGV///AMR调度/、/导航/方式/、/WCS系统/，/熟练/机械手/编程/调试/、/气动///真空/夹具/设计/。/5/、/了解/2D///3D视觉/、/手眼/标定/、/视觉/引导/抓取/，/熟悉/PLC/、/现场/总线/，/具备/整线/联调/能力/。/6/、/能/独立/搭建/技术/体系/、/输出/整体/解决方案/，/抗压/与/跨部门/协同/能力/强/。/有/锂电/、/汽配/行业/经验/优先/。
28832,双杰电气合肥有限公司,【/工作/内容/】/-/负责/箱/变成/套/环网柜/产品/的/结构设计/与/优化/，/确保/产品/符合/技术规范/和/客户/需求/；/-/参与/产品/方案设计/、/图纸/绘制/及/技术/文档/编写/；/-/协同/电气/、/工艺/等/部门/进行/产品开发/与/测试/，/解决/设计/中/的/技术/问题/；/-/跟进/产品/生产/过程/，/提供/技术支持/与/现场/指导/。/【/任职/要求/】/-/专科/及/以上学历/，/机械设计/、/电气工程/或/相关/专业/；/-/熟悉/环网柜/结构设计/及/相关/标准/，/具备/良好/的/图纸/阅读/与/绘制/能力/；/-/具备/较强/的/学习/能力/和/责任心/，/能够/适应/团队/协作/与/项目/推进/；
83369,惠州市立华家禽有限公司,岗位职责/：/(/1/)/根据/企业/会计准则/和/会计核算/手册/，/负责/公司/各种/单据/审核/和/账务/处理/工作/；/(/2/)/准确/编制/会计凭证/，/要求/正确/使用/会计科目/；/(/3/)/编制/年度/、/季度/、/月度/经营/预算/、/资金/预算/；/(/4/)/负责/公司/固定资产/、/生物/资产/的/资产/安全/，/并/参与/资产/盘点/工作/；/(/5/)/根据/税务/申报/要求/，/及时/准确/完成/各项/税务/申报/及/发票/开具/工作/；/(/6/)/监督/公司/内部/控制/制度/执行/情况/，/定期/开展/财务检查/工作/；/(/7/)/负责/会计凭证/、/账册/、/报表/等/各项/电子/档案/和/纸质/档案/的/整理/、/保管/、/装订/和/归档/；/(/8/)/具备/较强/的/数据分析/能力/与/数据/敏感性/；/(/9/)/协助/上级领导/完成/的/其他/工作/。/岗位/要求/：/(/1/)/诚信/正直/、/廉洁自律/、/严谨/敬业/，/对/企业/文化/高度/认同/；/(/2/)/工作/细致/谨慎/，/有/责任心/，/有/较/好/的/沟通/能力/，/能/承受/一定/的/压力/；/(/3/)/会计学/和/财务管理/专业本科/及/以上/学位/；/(/4/)/1/-/3/年/财务/工作/经验者/优先/考虑/；/(/5/)/熟练/使用/金蝶/ERP/、/OA/、/Office/等/办公/软件/；/。/详见/官网/：/www/./macrodatas/./cn
75698,罗牛山,一/、/食品/、/环境/安全/管理/1/、/负责/原材料/、/工序/、/成品/检验/标准/及/规程/的/制定/，/建立/、/执行/和/维护/公司/食品安全/管理体系/2/、/负责/公司/食品安全/管理体系/的/内审/和/外审/3/、/负责/监督/检查/各/部门/食品安全/管理体系/的/执行/情况/，/督导/规范/管理/4/、/负责/包装材料/标识/的/审查/，/负责/对/供应商/产品质量/进行/评审/5/、/负责/病害/猪/无害化/处理/补贴/的/申报/工作/二/、/产品质量/管理/1/、/负责/对/不合格品/查处/及/原因/分析/，/提出/纠正/和/预防措施/，/并/对/实施/过程/和/效果/进行/跟踪/和/验证/2/、/负责/验证/策划/工作/，/及/操作性/前提/方案/实施/的/验证/，/审核/相关/质量/记录/和/检验/记录/三/、/团队/建设/1/、/负责/部门/团队/建设/，/并/就/人才/选拔/、/配备/向/公司/提出/建议/2/、/负责/分配/、/指导/、/检查/下属/工作/，/考核/并/激励/下属/3/、/负责/培养/下属/，/并/就/下属/发展/向/公司/提出/建议/4/、/负责/团队/持证/上岗/培训/四/、/制度/流程/建设/1/、/负责/组织/制定/与/实施/公司/质量/管理/相关/制度/2/、/负责/组织/制定/与/实施/本/部门/工作/职责/、/质量检验/标准/及/流程/五/、/素质/要求/较强/的/部门/工作/统筹/和/团队/管理/能力/，/出色/的/分析/、/沟通/、/协调/和/应变能力/，/良好/的/口头/表达/和/文字水平/，/熟练/使用/办公/软件/，/抗压/能力/强/、/保密/意识/较强/，/具备/良好/的/职业/素养/。
33192,江苏立华食品集团股份有限公司,"岗位职责/：/1/./负责/商品/、/宠物/、/人物/等/短/视频/拍摄/工作/，/包括/静物/、/模特/及/场景/布置/，/确保/图片/、/视频/质量/符合/传播/标准/。/2/./拍摄/并/剪辑/高质量/的/新/媒体/视频/，/包括/产品/介绍/、/使用/教程/等/。/3/./善于/使用/灯光/、/及/各类/器材/。/4/./与/设计/团队/紧密/合作/，/确保/拍摄/内容/满足/营销/和/广告/需求/。/5/./管理/和/维护/摄影/摄像/设备/，/保证/设备/处于/良好/状态/。/6/./参与/创意/讨论/，/提出/创新/的/拍摄/方案/和/视觉效果/。/7/./定期/评估/和/优化/拍摄/流程/，/提高/工作效率/。/任职/要求/：/1/./拥有/相关/专业/背景/，/至少/2/年/以上/电商/摄影/摄像/经验/。/2/./精通/摄影/摄像/技术/，/熟悉/后期/处理软件/（/如/Photoshop/,/Lightroom/,/Premiere/等/）/。/3/./具备/良好/的/审美观/和/创新能力/，/能够/独立/完成/创意/拍摄/。/4/./有/强烈/的/团队/合作/精神/和/良好/的/沟通/能力/。/5/./能够/在/快节奏/的/工作/环境/中/保持/高效/和/积极/的/工作/态度/。/6/./有/良好/的/时间/管理/和/组织/能力/，/能够/按照/项目/计划/完成/任务/。/（/来/自/马/克/数/据/网/）"
83366,合肥立华畜禽有限公司,负责/简单/生产/操作/要求/:/年龄/18/-/50/岁/，/会/写字/，/身体健康/，/吃苦耐劳/。/正式/生产/期/工资/6000/-/8000/元///月/，/入职/交五险/。/工作/地点/：/合肥市/长丰县/造甲乡/六方/村立华/孵化/中心/。/原/标题/：/《/车间/普工/》
76165,东瑞食品集团股份有限公司,工作/内容/：/协助/总经理/全面/负责/猪场/的/日常/经营/和/管理/，/确保/猪场/高效/运行/和/业绩/达成/。/主要职责/：/-/负责/万头/规模/的/自繁自养/一体化/猪场/管理/，/确保/统一/的/运营/标准/和/流程/。/-/制定/并/实施/猪场/生产/计划/，/合理/分配/和/管理/生产/资源/。/-/管理/和/优化/猪场/的/生产流程/、/设备/和/设施/，/提高/猪场/的/整体/运营/水平/。/-/负责/制定/和/更新/猪场/的/培训/计划/，/关注/员工/技能/提升/和/知识/储备/。/职位/要求/：/-/本科/及/以上学历/，/动科动/医等/相关/专业/，/8/年/以上/猪场/管理/经验/。/-/熟悉/猪场/管理模式/，/具备/繁殖/和/育肥/两端/的/生产实践/和/管理/经验/。/-/具备/良好/的/沟通/和/领导/能力/，/擅长/处理/复杂/问题/。/-/具备/较强/的/责任心/和/团队/合作/精神/，/能够/承担/一定/的/工作/压力/。
63990,明新旭腾新材料股份有限公司,职位/描述/：/我们/正在/寻找/一位/充满/激情/且/经验丰富/的/车/品类/产品/设计师/。/您/将/深度/参与/从/概念/构思/到/量产/上市/的/全/流程/，/主导/汽车/周边/用品/的/创新/设计/与/开发/。/您/不仅/需要/出色/的/创意/和/设计/能力/，/更/需要/强大/的/落地/执行/与/供应链/协调/能力/，/确保/设计/兼具/美感/、/功能性/与/可/制造性/。/核心/职责/1/./产品策划/与/设计/：/o独立/负责/车/品类/新/产品/的/工业/设计/、/CMF设计/及/用户/体验/规划/。/o进行/市场/与/用户/研究/，/分析/趋势/，/提出/创新/产品/概念/和/设计方案/。/o输出/高质量/的/产品/效果图/、/设计/故事/板及/演示/文档/。/2/./设计/与/工程/落地/：/o熟练/使用/Rhino/进行/产品/3D建模/、/细节/推敲/及/结构/可行性研究/。/o运用/Illustrator/等/软件/完成/产品/表面/工艺/图示/、/图纸/、/平面/物料/设计/。/o主导/或/深度/参与/手板/制作/、/调试/和/设计/验证/，/具备/解决/打样/问题/的/实际/动手/能力/。/3/./供应链/对接/与/生产/跟进/：/o/作为/设计/与/技术/桥梁/，/直接/对接/广州/及/周边地区/的/供应商/与/工厂/。/o精通/各类/材料/（/如/塑胶/、/硅胶/、/金属/、/皮革/、/织物/等/）/及/辅料/（/如/海绵/、/卡扣/、/织带/等/）/的/特性/、/工艺/与/成本/。/o跟踪/开模/、/试产/、/量产/全过程/，/确保/设计/意图/在/生产/中/被/完美/实现/，/并/处理/生产/中/的/工艺/问题/。/4/./项目管理/与/跨部门/协作/：/o/管理所/负责/项目/的/设计/进度/、/质量/与/成本/，/确保/项目/按计划/推进/。/o/与/市场/、/销售/、/结构/工程师/、/品质/等/部门/紧密/沟通/，/高效/协同/。/o具备/优秀/的/自我管理/能力/，/能/同时/处理/多个/项目/。/（/此/岗位/base/嘉兴/，/需/定期/广州/或/供应商/所在地/出差/）/任职/要求/?/必备条件/：/o工业/设计/、/产品设计/等/相关/专业本科/及/以上学历/。/o3/年/以上/专注/车/品类/（/汽车用品///配件/）/的/产品设计/开发/经验/，/有/完整/成功/上市/案例/。/o精通/Rhino/3D建模/和/KeyShot/渲染/，/精通/Adobe/Illustrator/。/o丰富/的/供应商/对接/经验/，/熟悉/产品开发/流程/及/模具/、/生产工艺/。/o对/材料/、/工艺/有/深刻/认知/和/强烈/的/敏感度/。/o出色/的/沟通/能力/、/团队/协作/精神/和/抗压/能力/。/o必须/愿意/并/能够/定期/出差/广州/及/主要/供应链/区域/。/?/优先/条件/：/o/拥有/从/设计/到/量产/全/流程/主导/经验/，/有/打板/、/改板/亲手/实操/经验者/优先/。/o具备/较强/的/动手/能力/和/问题/解决/能力/，/能/独立/完成/或/指导/样机/组装/调试/。/o对/汽车/文化/有/浓厚兴趣/，/对车/主持/有/深度/洞察/。
64003,明新旭腾新材料股份有限公司,主要职责/和/责任/1/、/完成/新/产品/材料/开发/及/评估/及/可行性/分析/；/2/、/完成/新/产品/材料/持续/降/本/实施/；/3/、/完成/新/产品/材料/相关/检测/标准/建立/；/4/、/完成/新/产品/材料/成型/工艺/可行性/分析/及/落地/实施/；/5/、/完成/领导/临时/交办/的/任务/。/任职/资格/1.3/年/以上/研发/经验/硕士/及/以上/（/应届/博士/可/放宽/）/，/需/有/弹性///软体/材料/（/如/硅橡胶/、/水/凝胶/、/TPU/、/形状记忆/聚合物/）/或/功能性/高分子/（/自/修复/、/导电/高分子/）/项目/经历/；/2/./高分子/材料/、/软/物质/科学/、/柔性/电子/、/仿生/材料/、/化学工程/等/相关/专业/；/3/./有/跨学科/背景/（/如/力学/+/材料/、/生物医学/工程/+/高分子/）/作为/加/分项/；/4/./行业/偏好/：/医疗器械/（/如/人工/肌肉/）/、/柔性/机器人/、/可/穿戴/设备/、/智能/包装/等/。/5/./熟悉/自由基/聚合/、/溶胶/-/凝胶/法/、/交联/技术/等/；/能/优化/材料力学/性能/（/如/弹性模量/、/断裂/伸长率/）/。/6/./参与/过/软体/机器人/驱动/、/传感器/集成/或/生物/相容性/材料/开发/项目者/优先/；/7/./熟悉/3D打印/（/如/DLP/、/FDM/）/或/微纳/加工/技术/（/光刻/、/软/光刻/）/；/8/./具有/较强/的/问题/收集/、/问题/分析/、/数据分析/、/推断/评估/、/经验/固化/能力/，/问题/闭环/处理/能力/；/9/./具有/较强/的/结果/导向/意识/及/客户服务/意识/；/微信/公众/号/马克/数据网
78371,肃宁县京南裘皮城有限公司,相关/岗位/经验/5/年/以上/，/直接/向/总经理/负责
79574,兴业皮革科技股份有限公司,1/./工程/、/科学/或/相关/领域/的/本科/及/以上学历/；/2/./对/ISO/9001/等/质量/管理体系/标准/有/深入/了解/；/3/./有/质量体系/工程师/或/相关/领域/的/工作/经验/；/4/./善于/解决问题/和/进行/项目管理/；/5/./擅长/沟通/和/协调/，/善于/与/他人/合作/。
90802,红蜻蜓,因/公司/业务/发展/需要/，/现/招聘/导购员/一名/，/年龄/25/--/45/岁/，/沟通/能力/强/，/责任心/强/，/有/团队/意识/及/协作/精神/有/相关/导购/经验者/优先/，/工资/面议/。
87907,中车成型科技(青岛)有限公司,岗位职责/:/1/、/协助/制定/公司/行业/业务/发展/规划/，/并/实施/销售策略/；/2/、/开发/行业/客户/，/完成/销售/任务/；/3/、/负责/客户/项目/获取/（/招投标/等/）/、/报价/提交/、/合同/谈判/和/签订/、/内部/输入/、/项目/沟通/、/货款/回收/、/质量/问题/等/事宜/的/协调/沟通/；/4/、/内部/各/部门/之间/的/沟通/协调/、/项目/需求/的/输入/、/对外/与/客户/沟通/等/；/5/、/其他/一些/书面/工作/、/展会/论坛/交流/等/。/任职/要求/:/1/、/本科/以上学历/，/熟练/使用/PowerPoint/、/excel/等/办公/软件/，/能够/看/懂/图纸/和/数模/；/2/、/工作/认真负责/，/具有/丰富/的/销售/经验/、/销售/方面/专业知识/和/商务/素养/、/沟通/能力/；/3/、/适应/经常性/出差/，/开发/客户/、/获取/项目/；/4/、/具备/3/年/以上/工作/经验/；/5/、/严谨/职业/操守/、/高度/的/责任心/、/自我/要求/和/保密/意识/:/6/、/丰富/的/客户资源/遍及/终端/客户/、/一级///二级/等/供应商/客户/等/；/7/、/碳纤维/复材/行业/从业/背景/优先/，/熟悉/成本核算/为佳/；
87381,统一石油化工有限公司,岗位职责/：/1/、/负责/日常/收支/的/管理/和/核对/；/2/、/办公室/基本/账务/的/核对/；/3/、/负责/收集/和/审核/原始凭证/，/保证/报销/手续/及/原始/单据/的/合法性/、/准确性/；/4/、/负责/登记/现金/、/银行存款/日记账/并/准确/录入/系统/，/按时/编制/银行存款/余额/调节/表/；/5/、/负责/记账/凭证/的/编号/、/装订/；/保存/、/归档/财务/相关/资料/；/6/、/负责/开具/各项/票据/；/7/、/负责/办公室/财务管理/统计/汇总/。/任职/资格/：/1/、/大学专科/以上学历/，/会计学/或/财务管理/专业/毕业/；/2/、/具有/3/年/以上/出纳/工作/经验/；/3/、/熟悉/操作/财务软件/、/Excel/、/Word/等/办公/软件/；/职位/福利/：/五险/一金/、/带薪/年/假/、/节日/福利/、/补充/医疗保险/、/定期/体检/、/包吃/微信/公众/号/马克/数据网
60455,南京威尔药业集团股份有限公司,【/职位/描述/】/1/./负责/生物/合成/项目/的/提取/工艺/优化/；/2/./负责/生物/合成/项目/样品/制备/；/3/./负责/生物/合成/项目/提取/端/产业化/转移/工作/的/技术支持/，/能够/独立/进行/提取/端的/放大/工作/；/4/./技术支持/生物/提取/端/平台/建设/，/设备/安装/，/现场/规范/，/仪表/设备/使用/和/维护/等/。/【/任职/要求/】/1/./具有/氨基酸/，/功能性/糖类/提取/理论知识/，/3/年/以上/的/生物/发酵类/产物/提取/生产/工作/经验/；/2/./熟练掌握/单效/蒸发器/，/双效/蒸发器/，/三效/蒸发器/，/各类/陶瓷膜/，/有机/膜/的/，/树脂/柱/等/分离/设备/的/使用/；/3/./具有/较强/的/分析/，/解决问题/和/实验/总结/能力/；/4/./熟练/使用/办公/软件/，/独立/撰写/实验设计/方案/等/；/5/./本科/及/以上学历/，/生物工程/，/生物/技术/，/微生物/等/相关/专业/；/6/./能够/吃苦耐劳/，/较强/的/执行力/，/团队/协作/能力/，/学习/能力/；/诚实/守信/，/遵守/职业道德/。
18649,苏州中晟环境修复有限公司,岗位职责/：/1/./贯彻执行/安全/生产/法律法规/、/标准规范/及/项目/安全/管理制度/，/落实/安全/技术/措施/。/2/./参与/编制/专项/施工/方案/、/安全/技术/交底/，/监督/现场/按/方案/施工/。/3/./开展/日常/安全/巡查/，/排查/隐患/并/跟踪/整改/、/闭环/管理/，/制止/违章/作业/与/指挥/。/4/./组织/安全/教育/培训/、/班前/安全/活动/、/安全/技术/交底/及/应急/演练/。/5/./负责/安全/防护/设施/、/机械设备/、/临时/用电/等/验收/与/日常/检查/。/6/./参与/安全事故/上报/、/现场/保护/及/调查/处理/，/做好/记录/与/台账/。/7/./整理/完善/安全/资料/，/建立健全/安全/管理/档案/。/任职/要求/：/1/./大专/及/以上学历/，/安全工程/、/建筑工程/、/机电/等/相关/专业/优先/。/2/./持有/安全员/C证/（/或/对应/岗位/有效/安全/上岗/证书/）/，/有/施工现场/安全/管理/经验者/优先/。/3/./熟悉/国家/及/行业/安全/生产/法律法规/、/规范/标准/，/掌握/施工现场/安全/管理/流程/。/4/./能/独立/开展/安全/巡查/、/隐患/排查/、/整改/跟踪/、/资料/整理/及/安全/教育/培训/。/5/./工作/认真负责/，/坚持原则/，/沟通/协调/能力/强/，/具备/较强/的/责任心/与/执行力/。/6/./能/熟练/使用/办公/软件/，/完成/安全/台账/、/日志/、/报表/等/资料/编制/。
3297,鸿基创能科技（广州）股份有限公司,1/./客户/产品质量/标准/和/检验/方法/的/制定/与/完善/；/2/./相关/标准/的/内部/宣贯/与/培训/；/3/./客户/相关/质量/信息/收集/、/调查/及/验证/；/4/./客诉/问题/调查/、/沟通/、/协调/和/处理/；/5/./客诉/和/制程/问题/改进/推动/；/6/./新/产品开发/质量/相关/工作/、/交付/物/的/推动/与/落实/，/如/技术/协议/，/质量/协议/，/APQP/，/PPAP/等/。/任职/要求/1/./5/年/以上/质量/岗位/工作/经验/，/其中/3/年/以上/客户/质量/相关/工作/，/有/机械/制程/、/燃料电池/行业/经验/更佳/；/2/./熟悉/IATF/16949/等/体系/知识/，/熟悉/工厂/基本/运作/流程/，/管理/知识/；/3/./了解/和/使用/APQP/，/PPAP/等/应用/工具/；/4/./熟练/应用/5why/，/8D/等/方法/进行/问题/分析/和/改进/；/5/./组织协调/能力/、/沟通/能力/、/判断能力/强/。
29278,上海沃施国际贸易有限公司,职位/描述/：/主要/是/运营/独立/站/（/1/）/能/独立/接待/客户/，/参加/展会/，/完成/报价/，/接单/等/贸易/相关/事宜/；/（/2/）/出货/安排/(/制作/报价/、/合同/、/包装/寄样/、/订舱/、/出货/收款/、/采购/交接/等/）/。/任职/要求/：/（/1/）/本科/及/以上学历/，/英语/或/国际贸易/，/电子商务/专业/；/（/本/岗位/也/接受/应届生/或/往届生/）/（/2/）/英语/CET/-/4/及/以上/，/听说读写/熟练/；/（/3/）/1/-/3/年/独立/站/实操/经验者/优先/。/无/经验/但/有/进取心/，/机会/同时/赋予/敢于/尝试/，/愿意/学习/新知/且/有/活力/的/年轻人/。/（/4/）/有/较/强/的/学习/能力/和/沟通/能力/，/良好/的/团队/合作/精神/。/公司/在/颛桥/，/北桥/，/马桥/等/有/班车/。/上班时间/8.30/-/17.00/双休/工作餐/职位/福利/：/五险/一金/、/绩效奖金/、/年终/分红/、/员工/食堂/职位/亮点/：/上市公司/下属/企业/，/各/方面/都/正规/稳定/。
61622,中曼石油天然气集团股份有限公司,铆/焊工/1/：/负责/生产线/中/的/总装/部分/的/铆焊/工作/；/焊接工/2/：/负责/生产线/中侧/墙/、/端墙/和/屋顶/部分/的/铆焊/工作/；/铆/焊工/3/：/负责/门/、/窗等/小件/部分/的/制作/和/安装/，/以及/总焊/和/剪板/、/折弯/、/下料/等/设备/的/操作/和/施工/。/关注/公众/号/马/克/数/据/网
39687,上海赛科石油化工有限责任公司,"岗位职责/:/-/落实/SECCO/的/HSSE各项/工作/。/Carry/out/all/kinds/of/HSSE/work/of/SECCO/;/-/严格执行/《/电气/安全/操作规程/》/，/完成/电力系统/的/各类/日常/操作/。/Implement/Electric/Safety/Operation/Procedure/and/relevant/regulations/strictly/and/complete/all/kinds/of/operation/of/electricity/systems/;/-/完成/对/电气设备/的/巡回检查/，/能/及时/判断/、/处理/一般/的/电气/故障/。/Complete/patrol/inspection/on/electric/equipment/and/be/able/to/judge/and/handle/general/electric/failures/;/-/熟悉/掌握/电力系统/的/一/、/二次/的/接线图/。/Familiar/with/primary/and/secondary/wiring/drawings/of/electric/systems/;/-/负责/电气设备/的/日常/维护/的/各类/操作/和/工作/许可/。/Responsible/for/routine/maintenance/,/all/kinds/of/operation/and/permits/to/work/of/electric/equipment/;/-/担负/电气系统/的/运行/倒班/，/负责/各项/电气/能源/隔离/和/临时/电源/装接/。/Responsible/for/operation/shifts/of/electric/systems/,/all/electric/energy/isolation/and/connection/of/short/-/term/power/supplies/;/-/负责/运行/倒班/期间/的/电气/故障/处理/和/应急/检修/。/Responsible/to/handle/electric/failures/and/emergency/repair/during/operation/shifts/./-/及时/完成/上级领导/分配/的/其他/工作/。/Complete/other/work/assigned/by/superiors/./任职/资格/:/-/大专/及/以上学历/，/电气/及/其他/相关/专业/。/Bachelor/degree/or/above/in/electric/or/related/majors/;/-/具有/3/年/以上/电气/操作/、/电气/维修/经验/，/至少/有/1/年/以上/电力系统/的/工作/经验/。/More/than/3/-/year/work/experience/of/electric/operation/and/maintenance/,/at/least/1/-/year/work/experience/in/electricity/industry/;/-/对/电气/行业/安全/、/技术/国家有关/法令/等/情况/和/要求/有/深刻/了解/。/In/-/depth/understanding/of/safety/and/technology/of/electric/industry/and/relevant/national/laws/and/rules/;/-/有/良好/的/沟通/能力/和/应变能力/。/Good/at/communication/and/contingency/ability/;/-/有/较/强/的/责任心/，/积极主动/完成/工作/。/Strong/sense/of/responsibility/,/complete/work/in/self/-/initiative/way/."
39689,中石化碧辟（浙江）石油有限公司,工作/职责/:/1/./财务报告/与/经营/分析/1.1/负责/编制/公司/核心/财务指标/报表/及/管理层/经营/分析/报告/1.2/跟踪/收入/、/成本/、/费用/关键/数据/，/形成/月度/经营/分析/洞察/1.3/参与/公司/资金/预测/与/现金流/管理工作/2/./预算/管理/与/费用/控制/2.1/协助/搭建/预算/模型/，/参与/年度/预算编制/全/流程/2.2/监控/各/部门/预算/执行/情况/，/定期/输出/预算/执行/分析/报告/2.3/深度/参与/费用/管控/项目/，/为/业务部门/提供数据/支持/3/./业务/支持/与/决策/赋能/3.1/深入/业务/一线/，/为/运营/团队/提供/专项/财务/分析/支持/3.2/参与/营销/活动/效果/评估/与/优化/建议/3.3/响应/业务部门/数据/需求/，/提供/精准/的/财务数据/服务/4/./专项/分析/与/系统/支持/4.1/参与/投资/项目/的/前期/测算/与/经济效益/分析/4.2/开展/专题研究/，/为/管理决策/提供数据/支撑/4.3/配合/财务/数字化/项目/，/参与/系统/测试/与/流程/优化/任职/资格/:/1/、/教育/背景/：/硕士/研究生/学历/，/财务/、/会计/等/相关/专业/；/985///211/及/国内外/知名/财经类/院校/优先/。/2/、/专业/能力/：/熟悉/财务报表/编制/与/分析/，/熟练/使用/Excel/、/SQL/等/数据分析/工具/，/具备/优秀/的/数据处理/和/分析/能力/。/3/、/综合/素质/：/具备/业务/敏感度/，/沟通/协作/能力/强/，/工作/严谨/细致/，/适应/多任务/工作/节奏/，/能/主动/推动/问题/解决/。
88144,洲际高能科技(北京)有限公司,岗位/内容/：/1/./负责/机械设备/的/安装/调试/、/维护/保养/和/故障/分析/。/2/./做好/相关/技术/资料/的/整理/和/归档/，/协助/编写/维护/手册/和/使用/说明书/。/3/./参与/机械设备/的/升级/改造/，/提供/技术支持/和/方案设计/。/4/./根据/要求/负责/公司/产品/研发/中/关键设备/定制/开发/，/工装/夹具/、/模具/等/开发/，/产线/规划/、/设计/、/设备/选型/及/安装/调试/等/。/任职/要求/：/1/./具备/机械/或/自动化/相关/专业知识/。/2/./熟悉/机械设备/的/安装/调试/流程/，/掌握/机械/维修/与/保养/的/基本技能/。/3/./具备/一定/的/设备/升级/改造/和/技术支持/经验/，/了解/相关/行业标准/和/法律法规/。/4/./具有/团队/合作/和/沟通/协调/能力/，/具备/责任心/和/服务/意识/，/身体健康/，/适应/出差/。
68082,上海南方模式生物科技股份有限公司,"工作/职责/:/1/、/负责/独立/开发/网站/功能模块/，/优化/前端/代码/结构/与/性能/，/提升/页面/加载/速度/和/交互/体验/；/2/、/负责/其它/网站/前端/或/后/端的/开发/工作/；/3/、/负责/运用/专业/SEO工具/开展/网站/优化/工作/，/提升/公司/网站/在/各大/搜索引擎/的/收录量/、/关键词/排名/及/自然/流量/；/4/、/负责/网站/关键词/的/策划/、/数据分析/与/效果/评估/，/建立/并/维护/行业/词库/，/深度/挖掘/长尾/关键词/，/制定/科学/的/关键词/布局/方案/并/落地/实施/；/5/、/负责/定期/分析/行业/内/网站/的/SEO策略/与/关键词/表现/，/持续/优化/并/实现/核心/关键词/排名/管理工作/；/6/、/负责/结合/网站/实际/运行状况/，/诊断/并/优化/网站/架构/与/页面/结构/，/快速/定位/、/分析/及/解决/技术性/问题/；/7/、/领导/安排/的/其它/工作/。/任职/资格/:/1/、/3/年/以上/的/SEO///前后/端/工作/经验/，/专科/以上/；/2/、/有/PHP前端/或/后/端/开发/工作/经验/,/能/独立/二次开发/；/3/、/精通/搜索引擎/SEO/的/原理/和/优化/，/对于/搜索引擎/SEO/的/应用/有/丰富/的/经验/和/实战经验/；/3/、/能够/分析/行业/的/SEO策略/，/并/合理/运用/，/不断/提高/网站/的/SEO效果/；/4/、/善于/利用/各种/主流/网络营销/渠道/宣传/推广/公司/产品/和/网站/；/5/、/能够/生成/全面/的/优化/报告/并/提出/可/操作/的/建议/；/6/、/较强/的/逻辑/分析/问题/和/实际/动手/解决问题/的/能力/；/7/、/具有/良好/的/沟通/理解能力/，/有/团队/互帮互助/合作/意识/，/具有/敬业/负责/的/精神/。"
26941,广州海博特医药科技有限公司,1/./参与/数据结构/说明书/审核/；/2/./撰写/及/审核/SAS核查/代码/；/3/./撰写/审核/校对/SAS统计分析/代码/；/4/./开发/及/优化/和/维护/SAS宏程序/；/5/./探索/SAS代码/与/数据/标准化/的/链接/；/6/./协助/领导/完成/部门/内部/SAS培训/工作/；/7/./协助/领导/完成/部门/内部/SAS培训/课件/的/制作/及/行业/信息/的/获取/工作/。/8/./熟悉/R/，/Python/优先/。
32979,康龙化成（宁波）科技发展有限公司,"Main/Responsibilities/岗位/主要职责/：/（/1/）/EHS/Be/responsible/for/reporting/EHS/events/in/the/production/place/according/to/EHS/requirements/of/Company/,/and/assisting/the/DF/to/achieve/the/annual/EHS/Target/根据/公司/EHS要求/，/负责/汇报/生产/环境/中/的/EHS事件/，/负责/协助/区域/达成/年度/EHS目标/（/2/）/Compliance/合规/:/Be/responsible/for/the/implementation/of/the/production/process/according/to/Company/and/compliance/requirements/,/to/ensure/that/the/product/quality/meets/the/requirements/根据/公司/及/合规/要求/，/负责/实施/生产/过程/中/的/工作/，/确保/产品/生产/质量/符合要求/（/3/）/Routine/Operations/R/&/amp/;/R///日常/操作/职责/：/Be/responsible/for/completing/the/job/training/on/time/according/to/the/job/training/plan/负责/按照/岗位培训/计划/，/按时/完成/岗位培训/Be/responsible/for/the/completion/of/chemical/filling/and/chemical/packaging/according/to/the/production/plan/;/负责/根据/生产/计划/，/保质/完成/化学品/分装/和/化学品/包装/任务/；/Be/responsible/for/handling/the/abnormal/production/line/,/responsible/for/supporting/the/investigation/and/resolution/of/abnormal/problems/负责/处理/生产线/的/生产/异常/，/负责/支持/异常/问题/的/调查/及/解决/；/Assist/supervisor/to/investigate/and/rectify/the/deviations/and/customer/complaints/on/site/针对/现场/偏差/及/客户/投诉/，/负责/协助/主管/进行/操作过程/的/调查/及/问题/整改/；/Be/responsible/for/6s/work/on/site/负责/现场/6s/工作/。/（/4/）/Improvement/改进/Identify/optimization/opportunities/through/daily/operation/and/take/part/in/project/to/continuous/improvement/quality/operation/system/and/procedures/./通过/日常/工作/识别/改善/机会/并/参与/生产/项目/，/从而/持续/改进/生产/操作系统/及/相关/程序/。/（/5/）/Others/其他/Other/duties/assigned/by/line/manager/其他/由/直线/经理/分配/的/工作/Qualification/Requirement/岗位/能力/素质/要求/：/1/./Associate/degree/or/above/./中专/及/以上/。/2/./2/years/or/above/experience/in/chemical/or/life/science/industry/./2/年/及/以上/化工/或/生命科学/行业/经验/3/./Good/attitude/,/hard/-/working/,/can/accept/shift/./态度端正/，/吃苦耐劳/，/能/接受/倒班/4/./Strong/sense/of/responsibility/and/team/spirit/./有/较/强/的/责任心/和/团队精神"
31893,南京药石科技股份有限公司,岗位职责/：/1/、/PSM体系/建设/：/1/)/根据/国家/、/地区/的/法律法规/，/配合/上级领导/进行/集团/及/南京/场地/的/PSM体系/文件/建设/，/以及/文件/内容/的/推动/落实工作/，/如/PHA/、/PSSR/、/MOC/等/。/2/)/依据/风险/场景/执行/过程/危害/分析/工作/，/如/HAZOP/、/SCL/、/JSA/等/，/并/依据/分析/结果/进行/安全措施/制定/和/闭环/管理/。/3/)/执行/并/跟进/PSM相关/的/合规性/审计/行动/。/4/)/执行/工艺/安全/相关/的/培训/工作/。/5/)/参与/工艺/安全事故/事件调查/，/以及/与/工艺/安全/相关/的/行动/项/的/跟进/落实工作/。/2/、/项目风险/管理/：/1/)/公斤级/及/车间/生产/项目/的/风险/辨识/，/风险/评估/，/和/安全措施/制定/工作/。/2/）/以/生产/项目/为/对象/，/跨/团队/进行/业务部门/和/生产/场地/之间/的/沟通/工作/，/推进/项目/的/安全/生产/。/任职/资格/：/1/、/本科/及/以上学历/，/化学工程/、/化学/工艺/、/安全工程/等/相关/专业/。/2/、/5/年/及/以上/精细化工/或/CDMO企业/的/工艺/安全/管理/经验/./3/、/有/PSM管理/经验/，/如/PHA/、/PSSR/、/MOC/、/风险/闭环/管理/，/事故/管理/等/；/具有/危险/化学品/，/危险/工艺/风险/评估/经验/，/可以/解读/安全/评估/报告/；/熟练掌握/HAZOP/，/SCL/，/JSA/等/风险/分析方法/。/4/、/有/较/强/执行力/、/较强/的/逻辑性/，/独立思考/能力/。
66606,安徽天地生命科技有限公司,（/更/多/数据/，/详见/马克/数据网/）/一/、/岗位职责/：/1/、/负责/公司/的/设备/、/设施/的/日常/管理/、/巡检/、/维护/、/故障/排除/、/安装/维修/等/工作/；/2/、/负责/屏蔽泵/、/磁力泵/、/真空泵/、/化工泵/、/清水泵/、/立式/或者/卧式/泵/等/的/基本/维修/和/维保/工作/；/3/、/负责/维修/各类/风机/，/能够/做好/相关/设备/巡检/工作/；/4/、/负责/双头/承重/灌装机/及/自动/灌装机/等/灌装/设备/维护/和/保养/工作/；/5/、/能/独立/完成/好/部门/分配/责任区/的/5S工作/；/6/、/参与/部门/的/月度/安全/活动/、/操作规程/等/相关/培训/工作/；/7/、/完成/部门/及/公司/领导/交代/的/其他/工作/。/二/、/任职/要求/1/、/40/周/*/以下/，/高中/及/以上学历/，/机电/专业/优先/，/优秀者/可/适当/放宽/；/2/、/3/年/以上/工作/经验/（/化工企业/）/；/3/、/持有/应急部/颁发/的/低压/电工证/和/防爆/电工证/和/焊工/证等/相关/工作/优先/；/4/、/能/吃亏/耐劳/、/做人/踏实/，/有/责任心/，/执行力/强/、/有/团队/合作/精神/，/具备/良好/的/个人/素养/和/职业道德
21878,广东南能汇智节能科技有限公司,注/：/本/岗位/需/驻场/南网/公司/进行/工作/，/上班/地点/为/黄埔区/。/岗位职责/：/1/./票据/与/合同/管理/：/负责/销售/合同/结算/条款/梳理/，/建立/并/维护/合同/管理/台账/，/确保/合同/信息/完整/、/可追溯/；/重点/审核/电费/收入/结算/单及/各类/相关/票据/，/核对/数据/准确性/、/合规性/，/梳理/核算/过程/中/出现/的/争议/点/并/记录/反馈/。/2/./收支/台账/核算/：/录入/项目/收支/明细/，/汇总/整理/收支/台账/，/严格/把/控/数据/质量/，/确保/台账/信息/准确/、/完整/、/可/查/；/每月/按时/完成/业财/对账/工作/，/排查/对账/差异/，/协同/相关/部门/完成/差异/整改/。/3/./结算/流程/推进/：/及时/将/审核/无误/的/结算/单/转交/管理/部门/及/经营/单位/开具/发票/，/同步/接收/各类/票据/并/准确/传达/给/对应/业务人员/，/保障/开票/、/传票/流程/高效/衔接/，/不延误/结算/进度/。/4/./沟通/协调/对接/：/协调/业务/、/财务/、/管理/部门/及/经营/单位/等/各方/，/沟通/解决/核算/、/结算/过程/中/的/各类/问题/，/反馈/争议/点/解决方案/，/保障/核算/及/结算/工作/顺利/推进/；/做好/各方/沟通/记录/，/确保/信息/传递/准确无误/。/5/./辅助/核算/相关/工作/：/协助/完成/光伏/电站/电费/单/编制/、/账单/处理/等/相关/运营/结算/辅助/工作/（/有/相关/经验者/优先/）/；/配合/完成/项目/核算/相关/的/其他/临时性/工作/。/任职/要求/：/1/./学历/要求/：/本科/及/以上学历/，/财务/、/会计/、/工商管理/、/项目管理/等/相关/专业/优先/。/2/./经验/要求/：/1/-/2/年/及/以上/业务/助理/、/项目/助理/或/核算/结算/相关/工作/经验/；/具备/光伏/电站/电费/结算/、/账单/处理/或/运营/结算/经验者/优先/，/熟悉/光伏/电价/政策/及/结算/流程者/优先/考虑/。/3/./核心/能力/：/-/具备/较强/的/票据/、/合同/审核/能力/，/细心/严谨/，/能/精准/排查/数据/及/条款/中/的/问题/，/确保/工作/零/失误/；/-/熟练掌握/台账/建立/、/数据录入/与/汇总/技巧/，/能/熟练/使用/Excel/等/办公/软件/，/具备/基础/的/数据/整理/与/分析/能力/；/-/沟通/协调/能力/突出/，/善于/对接/多方/主体/，/能/清晰/表达/需求/、/反馈/问题/，/高效/推进/事项/解决/；/-/具备/良好/的/责任心/、/执行力/和/团队/协作/意识/，/能/按时/完成/各项/工作/任务/，/主动/应对/工作/中/的/各类/突发/情况/；/-/了解/相关/财务/核算/规范/、/合同/管理/基础/流程/，/有/光伏/行业/相关/从业/经验者/可/适当/放宽/条件/。/4/./其他/要求/：/工作/认真负责/，/原则性/强/，/具备/良好/的/职业/素养/和/保密/意识/；/能/适应/基础/的/加班/及/临时性/工作/安排/。
21882,广东南能汇智节能科技有限公司,岗位职责/1/、/运维/体系/搭建/：/负责/储能/站/运维/体系/的/搭建/与/完善/，/制定/设备/日常/巡检/、/维护/保养/、/检修/等/管理制度/与/标准/流程/，/保障/运维/工作/规范化/开展/。/2/、/运维/管理工作/：/组建/并/带领/运维/团队/开展/设备/日常/监控/、/故障/排查/与/维修/，/确保/储能/系统安全/、/稳定/运行/，/提升/设备/可用率/。/3/、/电站/运营/管理/：/结合/电力/市场/规则/与/电价/走势/，/制定/并/优化/电站/的/充放电/策略/，/协同/交易员/提升/电站/运营/收益/。/对接/电力/交易/相关/部门/，/参与/电力/市场/交易/（/如/现货/、/辅助/服务/等/）/的/申报/、/结算/等/工作/，/确保/交易/合规/、/收益/稳定/。/4/、/团队/与/安全/管理/：/负责/运维/团队/的/建设/、/培训/与/考核/；/落实/安全/生产/责任制/，/组织/应急/演练/，/确保/合规/运营/。/任职/要求/1/、/大专/及/以上学历/，/电力系统/、/电气工程/、/新能源/、/储能/等/相关/专业/。/?/精通/储能/系统/（/电池/、/PCS/、/BMS/、/EMS/）/的/运行/原理/、/故障诊断/及/日常/维护/；/能够/分析/电站/运行/数据/（/如/电池/健康/度/、/充放电/效率/）/，/提出/优化/建议/。/2/、/具备/储能/运维/体系/搭建/能力/，/熟练掌握/运维/管理/流程/，/能/有效/统筹/运维/团队/开展/工作/；/懂/储能/策略/制定/与/电力/市场/交易/实操者/优先/。/3/、/至少/3/年/以上/储能/电站/或/新能源/场站/（/光伏/、/风电/）/的/运维/经验/，/其中/至少/2/年/独立/负责/或/主导/大储///独立/储能///网侧/储能/电站/的/现场/运营/管理/经验/。/4/、/具备/较强/的/安全意识/、/数据分析/能力/与/应急/处置/能力/，/能/及时处理/运维/与/运营/过程/中/的/突发/问题/。/5/、/持有/电工证/、/登高/证/、/注册/安全/工程师/、/中级/及/以上/工程师/职称/等/相关/运维/资质证书者/优先/。/来源/：/百度/搜索/马克/数据网
80507,南方电网综合能源股份有限公司,岗位职责/：/1/./与/团队/经理/签订/岗位/责任书/、/安全/责任状/、/按照/公司/各项/管理/规定/开展/相关/工作/；/根据/中心/的/年度计划/，/编制/个人/的/年度///季度///月度/计划/，/并/执行/。/2/./负责/中心/的/项目/造价/管理工作/。/3/./负责/项目前期/投资/经济/分析/，/进行/项目/投资/估算/、/概算/、/施工图/预算/，/做好/项目/投资/预算/管理/。/4/./负责/组织/询价/、/招标/项目/的/限价/编制/和/审核/，/工程量/计算/审核/，/进行/日常/成本/测算/，/项目/实施/期间/设计变更/造价/审核/，/做好/项目/投资/成本/控制/。/5/./负责/项目/实施/的/工程款/支付/审核/，/变更/合同/审核/及/处理/索赔/事宜/，/做好/项目/投资/结算/管理/。/6/./负责/跟踪/本/专业/市场/人工费/、/材料/、/机械设备/价格/的/变化/情况/，/掌握/最新/的/预算/价格/。/7/./按计划/完成/各项/督办/任务/，/完成/领导/交办/的/其他/工作/。/任职/条件/：/1/./工作/经验/：/3/年/及/以上/造价/管理/相关/工作/经验/。/2/./专业知识/：/掌握/国家/能源/电力行业/，/尤其/是/新能源/、/节能/等/行业/法律法规/、/条例/；/熟悉/南方电网/及南网/能源/公司/相关/管理/规章制度/。/具有/较/丰富/的/造价/管理工作/经验/，/较/全面/的/节能/项目/工程/相关/知识/、/技术/经济/、/投资/管理/、/项目/成本/构成/分析/管理工作/经验/，/能够/有效/组织/和/督促/团队/人员/完成/各项/相关/工作/任务/；/具备/建章立制/的/能力/，/能够/组织/开展/管理/的/标准化/及/规范化/工作/，/并/根据/发展/需要/及时/修订/，/并/能够/组织/落实/。/熟练/使用/Office/办公/软件/。/3/./能力/素质/：/政治素质/过硬/，/具备/较强/的/分析判断/能力/，/具备/较强/的/组织协调/能力/、/沟通/表达能力/、/逻辑/分析/能力/和/应急/处置/能力/，/具备/运用/专业知识/解决/相关/问题/能力/。/公文/写作能力/，/能/独立/报告/、/总结/等/材料/；/原则性/强/，/作风严谨/，/良好/的/团队/合作/精神/和/敬业精神/，/冷静/果断/的/决策/能力/。/数据/由马/克/团/队/整理
80509,南方电网综合能源股份有限公司,岗位职责/：/1/./与/团队/经理/签订/岗位/责任书/、/安全/责任状/、/按照/公司/各项/管理/规定/开展/相关/工作/；/根据/中心/的/年度计划/，/编制/个人/的/年度///季度///月度/计划/，/并/执行/。/2/./负责/中心/的/项目/造价/管理工作/。/3/./负责/项目前期/投资/经济/分析/，/进行/项目/投资/估算/、/概算/、/施工图/预算/，/做好/项目/投资/预算/管理/。/4/./负责/组织/询价/、/招标/项目/的/限价/编制/和/审核/，/工程量/计算/审核/，/进行/日常/成本/测算/，/项目/实施/期间/设计变更/造价/审核/，/做好/项目/投资/成本/控制/。/5/./负责/项目/实施/的/工程款/支付/审核/，/变更/合同/审核/及/处理/索赔/事宜/，/做好/项目/投资/结算/管理/。/6/./负责/跟踪/本/专业/市场/人工费/、/材料/、/机械设备/价格/的/变化/情况/，/掌握/最新/的/预算/价格/。/7/./按计划/完成/各项/督办/任务/，/完成/领导/交办/的/其他/工作/。/任职/条件/：/1/./工作/经验/：/3/年/及/以上/造价/管理/相关/工作/经验/。/2/./专业知识/：/掌握/国家/能源/电力行业/，/尤其/是/新能源/、/节能/等/行业/法律法规/、/条例/；/熟悉/南方电网/及南网/能源/公司/相关/管理/规章制度/。/具有/较/丰富/的/造价/管理工作/经验/，/较/全面/的/节能/项目/工程/相关/知识/、/技术/经济/、/投资/管理/、/项目/成本/构成/分析/管理工作/经验/，/能够/有效/组织/和/督促/团队/人员/完成/各项/相关/工作/任务/；/具备/建章立制/的/能力/，/能够/组织/开展/管理/的/标准化/及/规范化/工作/，/并/根据/发展/需要/及时/修订/，/并/能够/组织/落实/。/熟练/使用/Office/办公/软件/。/3/./能力/素质/：/政治素质/过硬/，/具备/较强/的/分析判断/能力/，/具备/较强/的/组织协调/能力/、/沟通/表达能力/、/逻辑/分析/能力/和/应急/处置/能力/，/具备/运用/专业知识/解决/相关/问题/能力/。/公文/写作能力/，/能/独立/报告/、/总结/等/材料/；/原则性/强/，/作风严谨/，/良好/的/团队/合作/精神/和/敬业精神/，/冷静/果断/的/决策/能力/。
93444,观典防务(河北)特种装备有限公司,岗位职责/：/1/、/销售/体系/中/台/搭建/：/负责/销售/运营/流程/、/制度/与/数据/体系/的/从/0/到/1/规划/与/搭建/，/为/销售/规模化/增长/奠定/坚实基础/；/2/、/商机/与/流程/管理/：/设计/并/实施/客户/与/商机/分级管理/机制/，/优化/销售/漏斗/，/有效/提升/商机/转化率/，/对/销售/结果/负责/；/3/、/销售/目标/与/绩效/管理/：/负责/销售/目标/的/分解/、/追踪/与/预测/模型/搭建/；/设计/销售/激励/政策/、/绩效考核/方案/与/奖金/提成/核算/机制/，/激发/团队/动能/；/4/、/数据分析/与/经营/洞察/：/进行/销售/数据/多维分析/及/阿米巴/经营/分析/，/精准/定位/业务/问题/与/提升/点/，/为/管理层/提供/决策/支持/，/驱动/业务/持续/改进/；/5/、/销售/系统/项目/实施/：/主导/或/深度/参与/CRM/、/ERP/等/销售/相关/系统/的/选型/、/上线/及/优化/工作/，/打通/销售/-/财务/-/供应链/数据流/，/提升/协同/效率/；/6/、/招投标/与/重大项目/支持/：/统筹/招投标/流程/管理/，/并/针对/重要/项目/编制/控标/方案/，/为/前线/提供/关键/武器/。/任职/资格/要求/1/、/统招/本科/及/以上学历/，/市场营销/、/企业/管理/、/数学/、/统计学/、/计算机/等/相关/专业/；/2/、/具备/3/年/以上/销售/运营/、/商业/分析/或/销售/管理体系/相关/工作/经验/，/拥有/销售/运营/中台/从/0/到/1/搭建/或/深度/重构/的/成功经验/；/3/、/精通/销售/数据分析/，/能/独立/搭建/预测/模型/，/有/通过/数据/诊断/业务/并/推动/改进/的/实际/案例/（/请/于/简历/中/说明/提升/的/具体/指标/，/如/：/曾/将/商机/转化率/从/X%/提升/至/Y%/）/；/4/、/具备/CRM///ERP系统/上线/或/深度/优化/经验/，/理解/销售/工具/与/业务流程/的/融合/；/5/、/具备/出色/的/销售/目标/管理/、/过程/管控/及/激励/方案设计/能力/，/对/提升/团队/目标/完成率/有/直接/贡献/；/6/、/有/招投标/统筹/及/大型项目/控标/方案/编写/经验者/优先/；/7/、/具备/PMP/、/敏捷/认证/或/数据/分析师/证书者/优先/。
89090,上海庞源机械租赁有限公司,岗位职责/：/负责/公司/塔式起重/机/、/施工/升降机/报装/报检/资料/及/系统/申报/工作/。/任职/要求/：/大专/及/以上学历/，/熟悉/塔机/、/施工/梯/报装/报检/整套/流程/。/此/岗位/工作/地点/：/珠海/（/来自/马克/数据网/）
91023,浙江海控南科华铁数智科技股份有限公司,岗位职责/：/1/./根据/区域/内/具体/的/叉车/租赁/目标/，/执行/租赁/计划/，/保证/实现/本/区域/的/市场占有率/和/租赁/目标/。/2/./评估/客户/资信/，/跟踪/资信/使用/情况/，/确保/其/处于/正常/范围/，/分析/每月/应收/帐/反馈/信息/，/确保/货款/，/业务/合同/，/业务/单据/等/的/顺利/回收/。/3/./根据/销售/部门/的/费用/预算/指标/完成/叉车/租赁/任务/，/审核/、/控制/并/不断/降低/销售费用/，/保证/完成/公司/的/销售费用/控制/指标/。/4/./拜访/本/区域/的/重要/客户/，/了解/客户/需求/动态/，/挖掘/潜在/客户/，/建立/顺畅/的/客户/沟通/渠道/。/及时处理/客户/异议/和/投诉/，/以/提高/客户/满意度/，/建立/长期/、/良好/、/稳固/的/区域/客户关系/。/5/./与/售后服务/、/技术/等/部门/积极/协作/所/辖/区域/的/收/发货/、/协调/维修/等/工作/，/共同/实现/售后服务/目标/。/6/./收集/本/区域/的/市场行情/变化/信息/，/综合/分析/、/预测/并/制定/对策/，/及时/向/相关/部门/提供/建议/；/通过/对/客户档案/、/交易/记录/的/分析/，/为/采购/、/生产/等/决策/提供/支持/。/7/./按/公司/及/所属/部门/要求/及时/做好/每天/工作/台账/：/包括/但/不/限于/业务/记录/、/客户/信息/、/拜访/客户数/、/应收/账款/，/业务/合同/，/业务/单据/等/信息/。/任职/要求/：/1/./一年/以上/叉车///工程机械/销售/工作/经验/。/2/./大专/以上学历/，/能够/操作/基本/的/办公设备/及/办公/软件/。/3/./年龄/在/20/-/35/岁/之间/。/4/./吃苦耐劳/、/踏实/勤奋/，/具备/较强/的/公关/、/组织/、/应变能力/，/诚实/稳重/，/亲和力/好/，/责任感/强/。/5/./需/自备/车辆/（/公司/提供/车补/和/油费/补贴/）/。
91025,浙江海控南科华铁数智科技股份有限公司,岗位职责/：/1/./根据/区域/内/具体/的/叉车/租赁/目标/，/执行/租赁/计划/，/保证/实现/本/区域/的/市场占有率/和/租赁/目标/。/2/./评估/客户/资信/，/跟踪/资信/使用/情况/，/确保/其/处于/正常/范围/，/分析/每月/应收/帐/反馈/信息/，/确保/货款/，/业务/合同/，/业务/单据/等/的/顺利/回收/。/3/./根据/销售/部门/的/费用/预算/指标/完成/叉车/租赁/任务/，/审核/、/控制/并/不断/降低/销售费用/，/保证/完成/公司/的/销售费用/控制/指标/。/4/./拜访/本/区域/的/重要/客户/，/了解/客户/需求/动态/，/挖掘/潜在/客户/，/建立/顺畅/的/客户/沟通/渠道/。/及时处理/客户/异议/和/投诉/，/以/提高/客户/满意度/，/建立/长期/、/良好/、/稳固/的/区域/客户关系/。/5/./与/售后服务/、/技术/等/部门/积极/协作/所/辖/区域/的/收/发货/、/协调/维修/等/工作/，/共同/实现/售后服务/目标/。/6/./收集/本/区域/的/市场行情/变化/信息/，/综合/分析/、/预测/并/制定/对策/，/及时/向/相关/部门/提供/建议/；/通过/对/客户档案/、/交易/记录/的/分析/，/为/采购/、/生产/等/决策/提供/支持/。/7/./按/公司/及/所属/部门/要求/及时/做好/每天/工作/台账/：/包括/但/不/限于/业务/记录/、/客户/信息/、/拜访/客户数/、/应收/账款/，/业务/合同/，/业务/单据/等/信息/。/任职/要求/：/1/./一年/以上/叉车///工程机械/销售/工作/经验/。/2/./大专/以上学历/，/能够/操作/基本/的/办公设备/及/办公/软件/。/3/./年龄/在/20/-/35/岁/之间/。/4/./吃苦耐劳/、/踏实/勤奋/，/具备/较强/的/公关/、/组织/、/应变能力/，/诚实/稳重/，/亲和力/好/，/责任感/强/。/5/./需/自备/车辆/（/公司/提供/车补/和/油费/补贴/）/。
91027,浙江海控南科华铁数智科技股份有限公司,工作/内容/：/1/、/新/设备/接机/、/设备/调拨/相关/工作/准备/、/实施/、/闭环/，/异议/问题/时/及时/反馈/。/2/、/设备/进场/时/设备/选择/、/辅助/吊装/及/运输/、/客户/联系/、/进场/单/填写/跟踪/、/交机/培训/到位/、/相关/线上/流程/闭环/。/3/、/设备/退场/时/客户/确认/、/设备/信息/核对/、/设备/缺损/情况/检查/、/退场/单/填写/跟踪/、/完成/实际/退场/工作/，/设备/定损/并/将/相关/线上/流程/闭环/。/4/、/设备/技改/、/维修/、/巡检/、/保养/、/返场/检修/等/现场/实施性/工作/按/标准/可靠/实施/、/相关/信息/录入/。/5/、/设备/报停/信息/核对/，/现场/工作/按/标准/要求/实施/到位/。/6/、/级/领导/交办/的/其他/事务/。/任职/资格/：/1/、/学历教育/：/学历/不/限/，/机械/、/车辆/、/电气/等/相关/专业/。/2/、/专业知识/：/全面/的/专业知识/、/设备/服务/保障/处理/经验/；/熟悉/相关/服务/流程/。/3/、/工作/经验/：/1/年/以上/的/一线/服务/相关/工作/经验/。/4/、/技能/技巧/：/有/良好/的/沟通/能力/，/有/良好/的/纪律性/、/自律性/以及/对/工作/认真/、/细致/、/负责/的/态度/，/并/能/在/压力/下/工作/；/能/较/熟练/使用/EXCEL/、/WORD/等/办公/软件/，/能/熟练/使用/手机/独立/完成/相关/信息/录入/。/5/、/有/驾驶证/优先/，/能够/驻工地/工作/，/并/适应/长期/驻外/工作/。/6/、/征信/良好/，/过往/无/违规/违纪行为/。/来源/：/马/克/数/据/网
91024,浙江海控南科华铁数智科技股份有限公司,岗位职责/：/1/./根据/区域/内/具体/的/销售/目标/，/执行/销售/计划/，/保证/实现/本/区域/的/市场占有率/和/销售/目标/2/./评估/客户/资信/，/跟踪/资信/使用/情况/，/确保/其/处于/正常/范围/，/分析/每月/应收/帐/反馈/信息/，/确保/货款/，/业务/合同/，/业务/单据/等/的/顺利/回收/。/3/./根据/销售/部门/的/费用/预算/指标/完成/销售/任务/，/审核/、/控制/并/不断/降低/销售费用/，/保证/完成/公司/的/销售费用/控制/指标/。/4/./拜访/本/区域/的/重要/客户/，/了解/客户/需求/动态/，/挖掘/潜在/客户/，/建立/顺畅/的/客户/沟通/渠道/。/及时处理/客户/异议/和/投诉/，/以/提高/客户/满意度/，/建立/长期/、/良好/、/稳固/的/区域/客户关系/。/5/./与/售后服务/、/技术/等/部门/积极/协作/所/辖/区域/的/收/发货/、/协调/维修/等/工作/，/共同/实现/售后服务/目标/。/6/./收集/本/区域/的/市场行情/变化/信息/，/综合/分析/、/预测/并/制定/对策/，/及时/向/相关/部门/提供/建议/；/通过/对/客户档案/、/交易/记录/的/分析/，/为/采购/、/生产/等/决策/提供/支持/。/7/./按/公司/及/所属/部门/要求/及时/做好/每天/工作/台账/：/包括/但/不/限于/业务/记录/、/客户/信息/、/拜访/客户数/、/应收/账款/，/业务/合同/，/业务/单据/等/信息/。/任职/资格/：/1/./一年/以上/销售/工作/经验/，/设备/租赁/、/工程/机械行业/销售/经验者/优先/。/2/./大专/以上学历/，/能够/操作/基本/的/办公设备/及/办公/软件/。/3/./吃苦耐劳/、/踏实/勤奋/，/具备/较强/的/公关/、/组织/、/应变能力/，/诚实/稳重/，/亲和力/好/，/责任感/强/。/4/./需/自备/车辆/（/公司/提供/车补/和/油费/补贴/）
47839,傲锐汽车部件（上海）有限公司,1/./负责/协助/完成/新/产品开发/的/可行性/分析/及/相关/文件/和/资料/的/建立/；/2/./负责/决定/和/建立/产品规格/和/用量/；/新/产品/批量/试制/过程/的/技术/指导/；/3/./负责/协助/模具/工程师/和/采购/工程师/对/模具/供应商/定点/；/4/./负责/协助/采购/开发新/供应商/；/5/./负责/和/客户/保持/沟通/并/解决/工程/问题/；/6/./负责/工程/更改/的/追踪/和/关闭/；/7/./负责/配合/持续/改进/小组/进行/有关/降低成本/，/提高效率/的/活动/；/8/./负责/新/项目/的/前期/报价/技术支持/。/任职/资格/：/1/、/统招/大学本科/或/以上学历/（/纺织机械/、/机械工程/、/汽车/工程/）/；/2/、/拥有/生产工艺/方面/的/专业知识/；/3/、/产品/及/工艺技术/应用/方面/的/知识/；/4/、/良好/的/英语/听/、/说/、/读/、/写/能力/；/5/、/思维/缜密/，/能够/承受/较强/的/心理压力/。/6/、/熟悉/汽车/地毯/行业者/或/与/汽车/主机厂/有/相关/配套/经验/3/年/以上/优先/；
11561,江苏天翔家纺有限公司,【/工作/内容/】/-/参与/设备/日常/维护/与/管理/，/确保/设备/正常/运行/；/-/协助/完成/设备/巡检/、/故障/排查/及/维修/记录/整理/；/-/学习/并/掌握/设备/操作/流程/及/相关/技术/知识/；/-/配合/部门/完成/设备/采购/、/验收/及/档案管理/工作/。/【/任职/要求/】/-/本科/及/以上学历/，/机电/一体化/及/电气/自动化/专业/优先/；/-/对/设备/管理/有/浓厚兴趣/，/具备/良好/的/学习/能力/和/责任心/；/-/具备/较强/沟通/能力/与/团队/协作/精神/；/-/无/工作/经验/要求/，/欢迎/应届/毕业生/或/转行/人员/应聘/。
34027,深圳全棉时代科技有限公司,该/需求/包含/商品/、/营销/等/几类/中台业/财/方向/，/新增/若干/HC/，/欢迎/投递/。/岗位职责/:/1/./协助/对应/BU/的/财务/分析/与/预算/管理/，/支持/业务/决策/2/./跟进/核心/业务/数据/，/提供/财务/视角/的/业务/洞察/与/建议/3/./参与/财务/流程/优化/，/提升/业务/财务管理/效率/4/./对应/BU年度/核心/项目/的/落地/跟进/任职/要求/：/1/、/本科/及/以上学历/，/财务管理/、/会计/等/相关/专业/优先/2/、/善于/沟通/、/按时/完成/上级/交给/的/工作/3/、/拥有/良好/的/团队/合作/精神/，/能/迅速/融入/团队/4/、/有/较/强/的/Excel/能力/，/擅长/数据处理/和/分析/，/对/数据/敏感/5/、/具备/良好/的/学习/能力/，/能够/不断改进/工作/方法
33463,江苏聚杰微纤科技集团股份有限公司,【/工作/内容/】/-/负责/企业/质量/、/环境/或/职业/健康/安全/等/管理体系/的/建立/、/维护/与/持续/改进/，/确保/符合/ISO9001///IATF16949/等/国际标准/及/行业/规范/；/-/参与/制定/标准化/流程/文件/（/如/SOP/、/检验/规程/）/，/推动/跨部门/协作/实现/流程/规范化/管理/；/-/定期/组织/内部/审核/与/管理/评审/，/识别/体系/运行/风险/并/提出/改进/建议/；/-/协调/外部/认证/机构/完成/体系/审核/准备/及/整改/闭环/，/保障/认证/资质/有效性/；/-/结合/业务/发展/需求/，/主导/新/项目/体系/导入/规划/及/现有/体系/数字化/升级/方案设计/；/-/收集/分析/内外部/合规性/要求/变化/，/动态/更新/体系/文档/并/组织/全员/培训/宣贯/。/【/任职/要求/】/-/大专/及/以上学历/，/机械工程/、/质量/管理/、/工业/工程/等/相关/专业/优先/；/-/熟悉/ISO9001///IATF16949///QMS/等/至少/一项/管理体系/标准/条款/及/实施/要点/；/-/具备/基础/办公/软件/操作能力/（/Excel/数据处理/、/PPT汇报/制作/）/及/Office/自动化/工具/应用/经验/；/-/拥有/良好/的/沟通/协调/能力/，/能/独立/开展/跨部门/合作/并/推动/问题/解决/；/-/工作/细致/严谨/，/责任心/强/，/适应/阶段性/高强度/工作/节奏/；/-/接受/过/系统化/质量/管理/培训者/或/持有/内审员/资格证书者/优先/考虑/。
60519,上海水星电子商务有限公司,岗位职责/：/1/、/负责/各/品牌/新/产品/的/绣花/制版/和/绗/缝制版/制作/，/可/协助/设计/效果/评估/；/2/、/绣花/的/试样/及/绣花/成本/的/核算/，/解决/生产/中/绣花/出现/的/各种/问题/；/3/、/制作/、/审查/和/签署/绣花/工艺技术/文件/，/绣花/工艺/标准/等/。/岗位/要求/：/1/、/具有/3/年/以上/绣花/制版/工作/经验/，/家纺/行业/工作/经验/优先/考虑/；/2/、/熟悉/田岛/或/威尔/克姆/软件/，/有/较/强/的/绣花/专业/技术/，/对于/绣花针/法可/灵活运用/，/精通/贴布/绣/、/立体/绣/、/等/多种/绣法/；/3/、/熟知/绣花/生产流程/及/过程/，/有/创新/及/成本/控制/意识/；/4/、/懂/绣花机/的/性能/及/简单/操作/，/可/预先/品控/；/5/、/具有/较强/的/责任心/和/团队/合作/精神/，/能/承受/一定/的/工作/压力/。
61076,南京云锦研究所有限公司,岗位职责/：/1/./负责/直播/账号/直播/运营/体系/搭建/，/直播/整体/运营/方向/把/控/，/直播/团队/建设/及主播/招募/培养/，/落地/直播/项目/玩法/，/对/直播/结果/负责/；/2/./对/账号/定位/，/粉丝/人群/画像/，/直播间/人/货场/，/流量/数据/等/进行/相应/分析/，/做好/竞品/账号/数据/采集/和/评估/分析/，/挖掘/新/的/业绩/增长点/，/优化/直播/效果/，/提升/直播/业绩/；/3/./规划/直播间/月度/季度/活动/，/包括/直播/排期/，/直播/脚本/，/短/视频/内容/，/主题/策划/，/货品/选品/及/促销/机制/，/直播间/场景/设计/，/玩法/落地/等/；/4/./每场/直播/数据/实时/监控/与/分析/，/组织/主播/复盘/直播/结果/，/提出/改善/优化/方案/，/推动/团队/PDCA闭环/。/任职/要求/：/1/./大学本科/及/以上学历/，/3/年/及/以上/店铺/运营/管理/经验/，/服装/品类/优先/；/2/./抖音/直播/账号/单月/销售额/百万/以上/，/有/成功/起号/或/增量/运营/经历/，/有/矩阵/账号/运营/管理/经验/；/3/./具备/优秀/的/统筹/协调/能力/与/合作/沟通/能力/，/熟悉/抖音/平台/运营/规则/，/熟练/使用/云图/，/千川/等/后台/，/思维/灵活/；/4/./逻辑/清晰/，/执行力/强/，/规划/能力/强/，/有/很/强/的/自躯/能力/和/抗压/能力/；/5/./有服/配饰/达/人/合作/资源/优先/。/抖音///视频/号/账号/：/南京/云锦/研究所
13575,上海嘉麟杰纺织品股份有限公司,1/、/财务/、/审计/、/会计/等/经管类/专业/，/本科/及/以上学历/；/2/、/有/复杂/制造业/成本核算/经验/，/熟悉/成本/模块/核算/工作/；/3/、/3/年/以上/成本会计/工作/经验/，/有/零到/一/的/成本/体系/搭建/经验/优先/，/有/制造业/成本核算/经验/优先/；/4/、/熟悉/原材料/、/半成品/、/产成品/入库/与/出库/，/有/工业/产品/制造/工艺/生产/核算/经验/；/有/ERP上线/经验/优先/；/5/、/良好/的/学习/能力/、/业财/融合/能力/、/独立/工作/能力/和/财务/分析/能力/；/工作/细致/，/责任感/强/，/良好/的/沟通/能力/、/团队精神/。
61075,上海维格娜丝时装有限公司,岗位职责/：/1/、/按照/公司/品质/标准/，/运用/美标/四分/制对/大货/面辅料/进行/检验/，/出具/检验/报告/；/2/、/根据/面辅料/质量/状态/参考/品质/标准/，/出具/疵布/标识/样/；/3/、/协助/业务部门/处理/解决/面辅料/的/异常/问题/；/赋能/供应商/，/提升/面辅料/品质/。/任职/资格/：/1/、/纺织/相关/专业/专科/及/以上学历/；/2/、/5/年/以上/真丝/、/毛呢/等/面料/品类/检验/实操/经历/与/经验/；/3/、/对/真丝面料/、/毛呢/面料类/织造/，/染整/工艺/了解/来源/：/马/克/团/队
15737,广州伊韵电子商贸有限公司,岗位职责/：/1/、/负责/化妆品/进口/及/保税仓/报关/事务/，/跟进/货物/进口/的/整个/流程/，/跟踪/货物/入仓/进度/；/2/、/负责/与/仓库/，/报关/公司/及/货代/公司/等/外部/服务商/的/对接/沟通/，/负责/处理/进出/仓/申报/，/货物/区间/调拨/的/相关/事宜/；/3/、/负责/整理/月度/库存/出入库/表格/，/包括/但/不仅/限于/货物/调拨/、/库存/核对/等/；/4/、/跟进/保税区/仓库/、/一般/贸易/仓/的/出入库/操作/及库/管/管理/优化/等/；/3/、/B2C异常/订单/跟进/处理/，/对接/一般/贸易/仓库/进出/库/；/5/、/供应链/其他/相关/工作/及/领导/交办/的/其他/工作/任务/。/任职/要求/：/1/、/大专/以上学历/，/国际贸易/、/物流/管理/等/相关/专业/；/2/、/1/年/及/以上/美妆个/护/品类/一般/贸易/和/跨境/电商/进口/实操/经验/，/同时/熟悉/化妆品/大贸仓/和/保税仓库/存/管理/及/有/实操/经验/；/3/、/能/熟练/运用/EXCEL/等/办公/软件/，/熟悉/ERP流程/和/操作/、/进销存/，/熟悉/保税区/操作/；/4/、/具有/电商/平台/（/天猫/、/京东/、/唯品/、/小红书/等/新/媒体/）/、/进口/化妆品/跟单/工作/经验者/优先/；/5/、/沟通/协调/能力/强/，/有/责任心/，/能/吃苦/，/可以/接受/加班/。
43283,中基宁波集团股份有限公司,岗位职责/：/1/、/日常/付款/、/支票/填写/、/资金/划拨/、/结汇/购汇/划汇/、/综合/费用/及/报销/，/TT付款/线/上网/银/操作/及/线下/境内外/汇款/申请书/填写/、/关税/支付/；/2/、/各/银行/的/对账/工作/对账/（/保证金/）/，/实时/掌握/公司/各/账户/的/资金/动态/，/建立/资金/台账/3/、/各/银行/电子/银行/承兑汇票/的/新开/、/接收/、/背书/转让/、/贴现/及/登记/4/、/办理/银行/开销/户/，/收汇/申报/及/登记/、/营改/增发/票/网上/预约/开票/等/5/、/沉淀/资金/表/（/非银/企直联/流水/导账/；/收/付款/水单/截图/）/任职/条件/：/1/、/本科/及/以上学历/，/2/年/以上/银行/对公/业务/及/贸易/公司/资金/岗/优先/2/、/了解/基本/会计准则/、/税务/常识/3/、/良好/的/逻辑思维/、/沟通/能力/及/抗压/能力/4/、/熟练/运用/Excel/等/办公/软件
48781,江西蓝恒达化工有限公司,岗位职责/：/1/、/根据/新/发布/国家/法律法规/和/地方/政府/要求/参与/制定/公司/安全/培训/教育/计划/并/落实/；/2/、/参与/安全/生产/标准化/建设/，/负责/完善/安全/科/相关/资料/；/3/、/参与/双重/预防/体系/建设/实施方案/及/实施/指南/的/制定/与/落实/；/4/、/对/承包商/进厂/服务/人员/进行/入厂/安全/教育/，/对/施工/过程/进行/监督/、/考核/；/5/、/参与/日常/安全隐患/排查/、/重大/危险源/隐患/排查/、/并/督促/落实/整改措施/；/6/、/辨识/作业/活动/范围/内/的/危险/危害/因素/，/制定/、/落实/控制措施/，/防止/各种/伤害/和/事故/；/7/、/制止/和/纠正/违章/指挥/、/强令/冒险/作业/、/违反/操作规程/的/行为/，/督促/落实/安全/生产/整改措施/；/8/、/参与/生产/安全事故/调查/，/参与/分析/安全/生产/事故/原因/，/统计/报告/工作/；/9/、/监督/动火/作业/、/受限/空间/等/高危/作业/安全措施/的/落实/；/任职/要求/：/1/、/本科/及/以上学历/，/具备/注安/证书/，/化工/、/安全/相关/专业/优先/；/2/、/有/从事/化工行业/安全/经验者/优先/；/3/、/认真细致/、/责任心/强/，/具备/良好/的/团队/合作/精神/和/抗压/能力/。
47649,上海医疗器械进出口有限公司,全面/负责/助听器/产品/的/销售/体系/搭建/、/团队/管理/及/业绩/达成/。/岗位职责/：/1/./战略规划/：/结合/国企/品牌优势/、/产品/定位/（/国内/高端/助听器/）/及/市场需求/，/制定/全面/的/线下/销售/战略/、/年度/销售/计划/及/业绩/目标/，/统筹/推进/销售/工作/落地/，/确保/达成/公司/既定/销售/指标/。/2/./渠道/搭建/：/主导/线下/销售/渠道/的/规划/、/拓展/与/维护/，/重点/布局/药店/渠道/（/连锁/药店/、/社区/药店/）/、/自营/体验/中心/、/区域/代理商/等/渠道/，/建立/完善/的/渠道/体系/，/提升/渠道/覆盖率/与/终端/动销/能力/。/3/./团队/管理/：/搭建/并/管理/销售/团队/（/区域/销售/、/渠道/专员/、/体验/中心/人员/等/）/，/制定/团队/考核/与/激励机制/，/开展/人员培训/、/指导/与/赋能/，/提升/团队/专业/素养/与/销售/能力/，/打造/高效/、/稳定/的/销售/团队/。/4/./品牌/与/产品/推广/：/结合/高端/助听器/产品/特性/，/联动/市场/部门/，/策划/线下/推广/活动/（/药店/体验/、/体验/中心/沙龙/、/代理商/赋能/会/等/）/，/提升/产品/品牌/知名度/与/市场/认可度/，/推动/产品/终端/销售/转化/。/5/./客户/与/代理商/管理/：/维护/核心/药店/、/代理商/合作/关系/，/解决/合作/过程/中/的/关键问题/，/优化/合作/模式/；/统筹/终端/客户服务/规范/，/提升/客户/满意度/与/复/购率/，/树立/国企/品牌/良好/口碑/。/6/./市场调研/与/优化/：/持续/关注/国内/助听器/市场动态/、/竞品/情况/及/政策/变化/（/如/OTC相关/政策/、/医保/政策/）/，/收集/市场/反馈/，/优化/销售策略/、/渠道/布局/及/产品/推广/方案/，/确保/产品/市场/竞争力/。/7/./跨部门/协同/：/与/生产/、/研发/、/市场/、/财务/等/部门/高效/协同/，/对接/产品/供应/、/推广/物料/、/费用/管控/等/事宜/，/保障/销售/工作/顺利/推进/；/定期/向/公司/管理层/汇报/销售/业绩/、/市场动态/及/团队/情况/。/任职/要求/：/一/、/基本/要求/1/./年龄/35/-/45/岁/，/本科/及/以上学历/，/市场营销/、/医药/健康/、/管理类/相关/专业/优先/；/具备/国企/或/大型/健康/产业/、/医疗器械/行业/销售/管理/经验者/优先/。/2/./品行端正/、/责任心/强/，/认同/国企/企业/文化/，/具备/良好/的/职业/素养/、/大局意识/及/抗压/能力/，/能/承受/销售/业绩/目标/压力/。/3/./具备/优秀/的/沟通/协调/、/谈判/决策/及/团队/管理/能力/，/做事/严谨/高效/，/善于/整合/资源/、/解决/复杂/问题/。/4/./能/适应/全国/范围/内/的/出差/（/根据/渠道/拓展/与/团队/管理/需求/）/。/二/、/专业/要求/1/./5/年/以上/助听器/相关/产品销售/管理/经验/，/其中/3/年/以上/销售/总监/或/同等/岗位/任职/经验/，/具备/完整/的/线下/渠道/（/药店/、/体验/中心/、/代理商/）/搭建/与/管理/经验/。/2/./熟悉/国内/中/高端/助听器/市场/格局/、/产品/特性/及/线下/销售/模式/，/了解/药店/渠道/运营/规则/、/代理商/管理体系/，/有/成功/的/渠道/拓展/、/团队/搭建/及/业绩/突破/案例/。/3/./具备/敏锐/的/市场/洞察力/，/能/精准/捕捉/市场需求/与/行业/趋势/，/具备/独立/制定/销售/战略/及/落地/执行/的/能力/。/4/./具备/良好/的/品牌意识/，/能/结合/国企/品牌优势/，/推动/高端/助听器/产品/的/品牌/推广/与/市场/渗透/；/有/政府/、/大型/连锁/药店/、/行业协会/资源者/优先/。/5/./了解/助听器/相关/行业/政策/、/标准/，/熟悉/OTC医疗器械/销售/规范/，/具备/合规/经营/意识/。
2367,珠海水务环境控股集团有限公司,要求/：/1/./本科/及/以上学历/；/2/./需/具备/三年/以上/国企/采购/经验/；/3/./熟悉/招投标/全/流程/及/相关/法律法规/，/可/独立/编制/规范/采购/文件/，/能/准确/处理/质疑/投诉/、/规避/合规/风险/;/4/./持有/造价/工程师/、/政府/采购/培训/证书者/等/优先/；/5/./熟悉/运用/办公/软件/及/各种/招采/平台/软件/;/6/./有带/团队/能力/及/有/良好/的/沟通/能力/；/7/./有/C1驾照/。/。/（/更/多/数据/，/详见/马克/数据网/）
75850,广西粤桂广业控股股份有限公司,此/岗位/招聘/主体/为/粤桂/股份/控股/子公司/广东省/广业/绿色/基金/管理/有限公司/。/岗位职责/：/1/./负责/对/公司/拟/投资/项目/进行/初步/审查/，/从/专业/角度/提出/审查/意见/；/2/./负责/公司/投融资/项目前期/市场调研/报告/的/编制工作/，/系统/收集整理/项目/相关/市场/信息/、/行业动态/，/支撑/项目/决策/；/3/./负责/具体/组织/投资/项目/的/可行性研究/和/项目/设计/的/论证/，/并/提出/审查/意见/；/4/./负责/对/投资/项目/企业/的/监督/和/检查/，/了解/和/分析/企业/的/财务状况/和/经营/成果/；/5/./负责/对/投资/风险/、/投资/回收/等/进行/评价/，/提出/改进/经营/管理/意见/。/6/./完成/部门/领导/交办/的/其他/工作/。/任职/资格/：/1/./学历/要求/：/具备/本科/及/以上学历/，/金融/、/投资/、/经济学/、/工商管理/、/会计学/、/项目管理/等/专业/；/2/./熟悉/国家/及/地方/的/有关/行业/的/政策法规/及/行业/情况/；/3/./掌握/企业/管理/、/战略规划/、/投资/管理/、/投资/分析/、/资本/运营/的/基本知识/；/具备/财务/知识/，/能/对/项目/进行/财务/分析/；/4/./文字/功底/深厚/，/具备/较强/的/沟通/协调/能力/和/逻辑思维/与/分析/能力/；/5/./具有/较强/的/判断/、/计划/与/执行/能力/，/并/具备/一定/的/英语/应用/能力/；/6/./中共党员/优先/。/来自/马/-/克/-/数/-/据/-/官网
48797,宜昌东阳光长江药业股份有限公司,工作/职责/:/①/负责/产品开发/上量/工作/；/②/了解/客户/需求/维护/良好/的/客情/关系/；/③/协助/参与/公司/与/市场/相关/的/推广/活动/；/④/增加/公司/产品/在/目标/终端/和/目标/客户/的/覆盖/；/⑤/根据/公司/销售/计划/完成/销售/目标/。/任职/资格/:/①/市场营销/、/医药/等/相关/专业本科/以上学历/优先/；/②/良好/沟通/表达能力/，/待人/亲/和/，/热情/；/③/执行力/、/抗压/能力/、/学习/能力/强/、/服从/工作/安排/，/吃苦耐劳/，/乐观/向上/，/具有/团队/协作/精神/。/薪酬/待遇/：/底薪/+/绩效奖金/+/提成/、/五险/一金/，/综合/薪资/上/不/封顶/，/多劳多得/。
1500,深圳航空食品有限公司,岗位职责/：/1/、/按照/潮汕/卤味/餐谱/及/标准/要求/，/完成/各类/卤味/（/如/卤/禽肉/、/卤/畜肉/、/卤素/菜/等/）/的/生产/制作/工作/，/涵盖/食材/预处理/、/卤制/、/调味/等/全/环节/；/2/、/严格遵守/收货/、/验货/流程/与/标准/，/定期/对/卤味/原材料/（/如/禽肉/、/畜肉/、/香料/等/）/进行/盘点/，/及时发现/并/处理/库存/问题/，/确保/食材/的/新鲜度/和/有效性/。/反馈/卤味/原材料/质量/和/使用/情况/，/协助/提升/供应链/效率/；/3/、/掌握/卤味/制作/的/核心技术/特点/，/熟知/卤味/烹制/要领/和/技术/要求/（/如/老汤/保养/、/卤制/火候/控制/、/调味/比例/等/）/，/抓好/各类/卤味/成品/的/标准/，/使味感/、/质感/、/观感/及/营养卫生/方面/均/达到/较/高标准/；/4/、/负责/卤味/车间///厨房/每日/的/卫生/，/监控/卤味/制作/过程/中/的/卫生/与/安全/（/如/卤制/设备/清洁/、/操作台/消毒/等/）/，/遵守/食品安全/法规/；/5/、/自觉遵守/公司/的/各项/规则/制度/，/协助/制定/卤味/厨房/管理制度/，/包括/卤味/制作/服务/标准/、/操作规程/及/岗位职责/等/；/6/、/积极参与/卤味/产品/的/创新/与/研发/工作/，/制作/卤味/餐谱/、/提出/建设性/改进/意见/（/如新/品类/开发/、/风味/优化/等/）/，/不断/提升/卤味/品质/和/满意度/；/7/、/与/其他/部门/保持良好/的/沟通/与/合作/，/确保/卤味/供应/服务/的/顺畅/进行/，/提升/整体/运营/效率/。/任职/要求/：/1/、/身心健康/，/年龄/在/25/-/45/岁/（/含/）/；/2/、/持有/国家/颁发/的/厨师/技能/等级证书/，/具有/至少/3/年/（/含/）/以上/厨房/工作/经验/；/3/、/主要/以/潮汕/卤味/为主/，/具备/卤味/师傅/3/年/以上/工作/经验/；/4/、/优先/考虑/具备/2/年/以上/海军/或/偏远地区/从事/烹饪/工作/经验/，/善于/处理/各种/冷冻/食材/的/退役军人/。/五险/一金/、/节假日/福利/丰厚/、/免费/三餐/、/免费/班车/。/注/：/无/宿舍/，/公司/直/签合同/（/非第三方/）/。/工作/地点/：/宝安区/深圳/国际/会展中心/4/号门/9/号馆/负/一楼/。/地铁/：/12/号线/国展/地铁站/C1出口/。
63054,上海吉祥航空股份有限公司,岗位职责/:/1/、/协助/经理/，/开展/职责/范围/内/业务/规划/的/制定/、/动态/评估/与/调整/；/2/、/开展/所/负责/业务范围/的/年度/工作/计划/的/制定/、/定期/复盘/与/调整/；/3/、/负责/公司/资产类/、/存货类/、/低耗/品类/的/账务/处理/及/供应商/往来/结算/及/付款/审核/工作/；/4/、/负责/公司/各项/成本费用/预提/、/列支/与/分摊/账务/处理/以及/供应商/往来/结算/及/付款/审核/工作/；/5/、/负责/员工/个人/费用/报销/、/个人/备用金/清理/、/各/境内外/站/的/账务/处理/工作/；/6/、/负责/各/集中/核算/子公司/的/会计核算/工作/、/工会/会计核算/工作/、/公司党委/、/团委/各项/结算/及/核算/工作/；/7/、/协助/提供/内外部/审计/相关/资料/，/配合/业财/管理/提供/相关/资料/；/8/、/协助/提供/财务/信息化/建设/核算/模块/升级/辅助/工作/；/9/、/领导/交办/的/其他/任务/；/10/、/协助/部门/提升/公司/及/子公司/财务人员/会计核算/专业/能力/，/参与/相关/专业培训/管理工作/。
52742,深圳航空有限责任公司,岗位职责/:/1/./航卫/值班/保障/：/参加/航空/卫生/保障/工作/，/严格执行/体检标准/，/把/控/空勤人员/放飞/工作/；/2/./机载/应急/医疗/设备/更换/：/依据/局方/121/部/的/要求/，/做好/机载/应急/医疗/设备/的/年度/集中/更换/和/临时/更换/工作/；/3/./空勤人员/体检/鉴定/：/做好/空勤/年度/体检/的/准备/工作/，/协助/体检/队/完成/年度/体检工作/；/4/./医疗/突发事件/工作/：/参加/医疗/突发事件/空勤人员/的/救护/及后/送/工作/，/参加/飞行/事故/的/医学/调查/和/研究/工作/；/5/./医疗/疾病防治/、/宣传/：/开展/医疗卫生/、/疾病防治/的/宣传/工作/；/6/./招飞/招乘/初检/筛查/：/配合/人力资源部/做好/招飞/、/招乘/初步/体检工作/；/7/./地面/人员/航卫/保障/：/负责/地面/人员/的/疾病/预防/、/卫生保健/、/和/辅助/体检工作/；/8/./空勤人员/健康/管理/：/依据/空勤人员/年度/体检/结果/，/结合/疾病/危险/因素/，/对/空勤人员/进行/健康/宣教/，/对/重点/关注/人员/进行/追踪/随访/。/任职/资格/:/1/./教育/程度/：/大学本科/（/医学/及/相关/专业/）/。/2/./英语水平/：/公共英语/三级/（/或托业/405/分/、/职称/英语/及/其他/国家/认可/的/其他/同等/英语等级/）/及/以上/。/3/./具备/执业/医师资格/证书/。/4/./具有/计算机/基础知识/，/熟悉/办公/软件/、/设备/使用/。/5/./了解/卫生部门/的/法律法规/和/民航局/航空/卫生/规章制度/；/了解/公司/与/医疗/相关/的/法规/制度/；/了解/公司/航空/卫生/相关/规章制度/。
1499,深圳机场国际货站有限公司,岗位/描述/1/./接受/上级/、/直属/领导/（/单证/主任/）/以及/MOD/的/命令/和/任务/指派/；/2/./遵照执行/各/航空公司/的/不同/操作/要求/，/对进/、/出港/的/货物/单据/进行/相应/操作/；/3/./向/客户/收款/、/出具/发票/及/其他/所/需/的/单证/；/4/./操作过程/中/随时/与/代理///航空公司/保持/沟通/，/及时处理/操作/中/遇见/的/问题/；/5/./根据/委托书/通知/收货人///代理/货物/已经/到达/本站/，/并/发放/运单/；/6/./其他/上级/安排/的/工作/。/岗位/要求/：/1/./熟练/运用/微软/办公/软件/；/2/./适应/倒班/工作/，/且/能/接受/夜班/；/3/./具备/强烈/的/责任心/、/有/耐心/和/细心/；/4/./具备/良好/的/服务/意识/及/沟通/能力/。
1511,海直通用航空有限责任公司,岗位职责/：/1/./关注/最新/财税/政策/，/分析/对/公司/业务/的/影响/，/提供/合规/建议/及/税务/筹划/支持/。/2/./配合/税务/检查/、/稽查/工作/，/维护/与/税务机关/的/良好/关系/，/办理/税务/登记/、/变更/等/事宜/。/3/./负责/发票/的/开具/、/认证/及/进项/税/抵扣/勾选/，/规范/发票/使用/流程/。/4/./负责/增值税/、/企业/所得税/、/个税/等/各项/税费/的/月度/、/季度/及/年度/申报/缴纳/，/确保/及时/准确/。/5/./整理/归档/税务/申报表/、/完税/凭证/等/资料/，/确保/税务/档案/完整/合规/。/6/./编制/内部/税务/分析/报表/，/协助/财务/分析/及/审计工作/。/7/./负责/日常/资金/收付/结算/，/审核/收/付款/凭证/及/相关/单据/，/确保/资金/流转/合规/。/8/./登记/银行存款/、/现金/日记账/，/编制/银行/余额/调节/表/，/管理/资金/台账/，/保障/账证/、/账实/、/账账/相符/。/9/./监控/企业/资金/存量/与/流量/，/跟踪/大额/资金/支付/流程/，/排查/资金/风险/，/防范/账户/安全隐患/。/10/./参与/资金/预算编制/，/跟进/预算/执行/情况/，/分析/收支/差异/，/协助/制定/资金/筹措/与/调配/方案/。/11/./定期/编制/资金/收支/报表/，/反馈/资金/管理/情况/，/配合/内外部/审计/提供/相关/资料/。/12/./保管/资金/相关/票据/、/网银/U盾/、/印章/等/重要/物品/，/对接/银行/、/税务/等/外部/机构/，/处理/结算/异常/问题/。/任职/要求/:/1/./全日制/本科/及/以上学历/（/公办/院校/，/非公办/院校/*/*/*/）/，/会计/、/财务管理/等/相关/专业/；/持有/中级/会计师/或/税务师/资格证书者/优先/考虑/。/2/./三年/以上/全盘/账务/或/税务/实操/经验/，/具有/资金/岗位/工作/经验者/优先/，/熟悉/企业/资金/管理/与/税务/申报/流程/。/3/./熟练/操作/SAP/、/用友/等/财务/系统/，/精通/Excel/、/PPT/等/办公/软件/，/具备/良好/的/数据处理/与/报告/撰写/能力/。/4/./精通/国家/现行/税收法律/法规/，/包括/但/不/限于/增值税/、/企业/所得税/、/个人所得税/等/，/熟悉/一般/纳税人/税务/申报/流程/。/5/./自我/驱动力/强/，/具备/主动/思考/与/创新/意识/，/能够/以/结果/为/导向/推动/问题/解决/；/具备/良好/的/沟通/协调/能力/与/团队/合作/精神/，/抗压/能力/强/；/工作/细致/严谨/，/责任心/强/，/具有/良好/的/职业/操守/。/该/数据/由/</马克/数据网/>/整理
80694,江苏普飞科特信息科技有限公司,岗位职责/1/、/聚焦/当地/快递/快运/企业/、/各类/批发市场/（/农产品///小商品///建材/等/）/货主/群体/，/开展/客户/开发/与/精准/对接/，/主动/推广/“/发货/帮/”/平台/下单/流程/及/无人/车/配送/服务/优势/。/?/2/、/深度/挖掘/货主/运输/需求/，/结合/无人/车/运力/特点/（/如/时效/、/成本/、/覆盖/场景/）/，/制定/针对性/合作/方案/，/引导/货主/通过/“/发货/帮/”/平台/完成/下单/操作/。/?/3/、/主导/商务/合作/全/流程/洽谈/，/包括/需求/沟通/、/服务/报价/、/合同/签订/、/回款/跟进/，/确保/货主/与/平台/的/合作/稳定/落地/，/达成/无人/车/配送/订单/转化/目标/。/?/4/、/负责/现有/货主/客户关系/维护/，/定期/回访/了解/平台/使用/体验/及/配送/服务/满意度/，/收集/反馈/并/协调/内部/团队/优化/，/提升/客户/复购率/与/平台/粘性/。/?/5/、/调研/当地/物流/市场动态/、/货主/运输/习惯/及/竞品/服务/情况/，/输出/市场/分析/报告/，/优化/销售策略/与/平台/推广/方案/，/助力/提升/“/发货/帮/”/平台/市场/渗透率/。/?/任职/要求/1/、/大专/及/以上学历/，/物流/管理/、/市场营销/等/相关/专业/优先/，/具备/3/年/以上/物流/行业/销售/经验/，/且/有/货主/客户/开发/、/商务洽谈/实战/案例/。/?/2/、/熟悉/当地/快递/快运/市场/规则/、/各类/批发市场/运营/模式/，/熟悉/优质/货主/资源/（/如/批发市场/商户/、/中小/物流/企业/、/生产型/企业/）/者/优先/。/?/3/、/具备/独立/客户/对接/、/需求/挖掘/及/商务谈判/能力/，/能够/快速/建立/信任/关系/，/推动/合作/签约/及/平台/下单/转化/。/?/4/、/了解/物流配送/流程/，/对/智能/物流/、/无人/车/运力/有/一定/认知/，/能够/快速/掌握/“/发货/帮/”/平台/功能/、/下单/流程/及/无人/车/配送/服务/标准/。/?/5/、/具备/较强/的/场景/拓展/意识/与/市场/敏感度/，/能/结合/货主/需求/（/如/应急/配送/、/批量/运输/）/匹配/无人/车/运力/解决方案/，/主动/挖掘/潜在/合作/机会/。
20594,嘉会物流（张家港）有限公司,1/根据/部门/制定/的/营销/规划/，/协助/部门经理/制定/市场/销售/的/年度计划/。/2/目标/客户/的/业务/开拓/。/3/制定/销售/的/方案/，/推进/项目/运营/的/优化/。/4/日常/客户/管理/，/维护/重点/客户/，/并/与/客户/保持良好/的/可/持续/发展/的/合作/关系/。/5/负责/召开/新/项目/启动/大会/。/6/负责/产品/的/报价/，/参与/合同/谈判/，/合同/签订/等/工作/。/7/协助/客服部/完成/应收/货款/的/回收/。/8/负责/定期/拜访/相关/客户/，/了解/客户/动态/及/竞争对手/的/情况/。/9/收集/行业/情报/，/分析/市场动态/，/制定/相应/的/销售策略/。/来源/：/百度/马/克/数据网
61188,广州市三景电器设备有限公司,【/工作/内容/】/-/负责/公司/日常/的/应付账款/核算/与/管理/，/确保/账务/数据/准确无误/；/-/审核/采购/发票/、/合同/及/相关/单据/，/完成/付款/流程/的/处理/；/-/与/供应商/保持良好/沟通/，/处理/账务/问题/及/对账/工作/；/-/协助/完成/月度/、/季度/财务报表/的/编制/与/分析/。/【/任职/要求/】/-/大专/及/以上学历/，/财务/、/会计/相关/专业/优先/；/-/1/-/2/年/相关/工作/经验/，/熟悉/财务软件/及/Excel/操作/；/-/具备/良好/的/职业/操守/和/责任心/，/工作/细致/严谨/；/-/具备/一定/的/沟通/协调/能力/，/能/适应/工作/压力/。
22543,武汉新宁物流有限公司,岗位职责/1/、/根据/公司/的/生产/、/运营/、/物流/等/需要/，/制定/合理/的/调度/计划/，/确保/各个环节/的/协调/和/高效/运转/；/2/、/负责/主持/本部/的/全面/工作/组织/、/部署/并/督促/部门/人员/全面完成/其/职责/范围/内/的/各项/工作/任务/；/3/、/负责/公司/车辆/的/运输成本/及/安全/管控/相关/工作/；/4/、/负责/运输成本/管控/，/以及/对外/报价/工作/；/5/、/负责/调度/团队/的/管理/和/培训/，/确保/团队/成员/的/工作效率/和/能力/提升/；/6/、/负责/外部/运输/资源/的/开发/；/7/、/执行/上级/安排/的/其他/任务/；/任职/资格/：/1/、/大专/及/以上学历/，/物流/管理/、/供应链/管理/等/管理类/专业/优先/；/2/、/三年/以上/物流/相关/领域/管理工作/经验/，/有/物流/现场/管理/调度/管理工作/经验/优/优先/；/3/、/良好/的/沟通/及/谈判/能力/、/团队/管理/能力/、/分析/能力/、/成本/意识/等/；/4/、/能/接受/不定期/业务/开拓/出差/；
61186,广州市嘉诚国际物流股份有限公司,【/工作/内容/】/-/负责/货物/的/装卸/、/搬运/及/整理/工作/，/确保/物品/安全/无损/；/【/任职/要求/】/1/、/年龄/在/30/-/53/岁/之间/，/身体健康/，/能/适应/体力劳动/；/2/、/无需/相关/工作/经验/，/有/责任心/和/团队/合作/精神/；/3/、/能/接受/一定/强度/的/体力劳动/，/具备/良好/的/执行力/；
62266,天津七一二移动通信股份有限公司,"(/1/)/带领/团队/设计/铁路/专用/宽带/通信/系统软件/；/(/2/)/负责/宽带/通信/系统核心/模块/开发/；/(/3/)/与/产品/、/测试/团队/紧密/协作/，/完成/需求/拆解/、/技术/评审/、/版本/迭代/。/(/1/)/本科/及/以上学历/，/计算机科学/、/电子信息/、/通信工程/等/相关/专业/，/良好/的/英文/技术/文档/阅读/能力/，/2/年/以上/开发/经验/；/(/2/)/精通/C/、/C++/等/语言/，/具有/Linux/系统/、/嵌入式/Linux/系统/下/软件开发/经验/；/(/3/)/深入/理解/网络通信/原理/，/熟练掌握/SIP协议/栈/开发/、/RTP///RTCP传输/优化/、/NAT穿透/（/STUN///TURN///ICE/）/技术/，/熟悉/一种/主流/的/开源/SIP项目/优先/；/(/4/)/具备/音视频/编解码/（/H.264///H.265///ARM/-/WB///OPUS///G.711/等/）/开发/经验/，/能/独立/完成/编解码/参数/调优/；/(/5/)/具备/良好/的/问题/排查/能力/，/能/快速/定位/并/解决/网络/延迟/、/通话/卡顿/、/音视频/不/同步/等/复杂/问题/,/有/分布式/通信/系统/开发/经验/，/或/企业级/IP电话/系统/落地/案例者/优先/。"
23373,湖北鼎龙控股股份有限公司,工作/职责/:/1/、/协助/高级/研发/工程师/或/独立/开展/金属/基/陶瓷/复合材料/的/研发/，/实施/新/产品/的/研制/；/2/、/负责/热沉/材料/全/流程/工艺/开发/，/制定/工艺/参数/及/作业/指导书/；/3/、/协助/完成/课题组/相应/的/设计/和/开发/任务/，/并/按期/提交/相应/阶段/的/文件/报告/；/任职/资格/:/1/、/硕士/及/以上学历/，/无机化学/、/冶金/、/材料/、/电子/等/相关/工科/专业/；/2/、/熟悉/粉末冶金/工艺/或/热压/烧结/工艺/过程/，/有/相关/研发/经验/。/3/、/熟悉/用/MPCVD做/金刚石/生长/工艺/或/金刚石/镀膜/工艺/。/4/、/具备/较强/的/研发/技术/能力/、/技术/分析/解决问题/的/能力/和/动手/能力/；/5/、/有/较/强/的/上进心/和/敬业精神/。
45309,厦门赛特勒电子有限公司,岗位职责/：/1/、/负责/开发/及/拓展/新/客户/。/2/、/与/现有/客户/保持良好/沟通/，/实时/把握/客户/需求/；/为/客户/提供/主动/、/热情/、/满意/、/周到/的/服务/。/3/、/执行/并/完成/公司/产品/月度/、/年度/个人/销售/计划/。/4/、/根据/公司/产品/、/价格/及/市场策略/，/独立/处置/询盘/、/报价/、/合同条款/的/协商/及/合同/签订/等/事宜/；/在/执行/合同/过程/中/，/协调/并/监督/公司/各/职能部门/的/相关/工作/。/5/、/动态/把握/市场/价格/，/定期/向/公司/提供/市场/分析/及/预测/报告/和/个人/工作/周报/；/收集/一线/营销/信息/和/用户意见/，/对/公司/营销/策略/、/售后服务/、/等/提出/参考/意见/。/任职/要求/：/1/、/大专/及/以上学历/，/理工类/、/营销类/相关/专业/优先/。/2/、/2/年/以上/销售/工作/经验/，/有/研发/或/质量/的/工作/背景/优先/。/3/、/熟悉/家电/、/工控/等/市场/资源/。/4/、/性格/坚韧/，/思维/敏捷/，/具有/良好/的/应变/和/抗压/能力/。/（/macrodatas/./cn/）/（/来/自/马/克/数/据/网/）
7119,深圳市得润电子股份有限公司,"1/./熟悉/国际贸易/、/报关/与/货运/等/相关/业务/；/2/./能够/独立/操作/进出口/报关/申报/，/处理/报关/方面/的/异常情况/；/3/./熟悉/保税/、/减免税/、/征税/等/业务/。/主要职责/：/1/、/处理/公司/进口/业务/，/包括/报关单/据/的/""/审核/、/验货/等/；/2/、/处理/进出口/业务/，/包括/报关单/据/的/""/审核/、/验货/等/；/3/、/遇到/问题/做出/及时/反馈/并/协商/解决/,/以/保证/货物/顺利/通关/4/、/外汇局/延期/报告/申报/和免/3C证书/办理/管理/；/5/、/负责/海关/查验/工作/，/对/查验/中/产生/的/问题/及时/与/海关/解释/，/查验/所/需/说明/材料/及时/与/客服/反馈/；/6/、/完成/领导/交办/的/其他/工作/。/素质/要求/：/1/./具有/良好/的/人际关系/沟通/能力/和/工作/协作/能力/；/2/./能够/处理/与/海关/等/部门/的/沟通/协调/工作/。/3/./国际贸易/物流/相关/专业"
16186,清远天赐高新材料有限公司,"1/./叉车/操作/：/安全/、/高效/的/操作/叉车/进行/货物/装卸/、/搬运/和/堆垛/；/根据/仓库/或/生产/需求/，/将/货物运输/到/指定/位置/；/确保/货物/在/叉/运/途中/不/受/损坏/；/根据/发货/需求/，/及时/、/准确/的/完成/货物/的/搬运/和/配送/。/2/./货物/管理/：/协助/仓管员/进行/货物/清点/，/分类/和/存储/；/确保/货物/堆放/整齐/，/符合/安全/要求/。/3/./设备/维护/及/安全/管理/：/定期检查/叉车/的/运行/状态/，/确保/设备/处于/良好/的/工作/状态/；/及时/报告/叉车/的/异常/和/故障/情况/，/并/协助/维修/人员/进行/维护/保养/；/遵守/公司/及/仓库/的/安全/操作规程/，/防止/事故/发生/。/4/./涉及/体力活/，/需要/以/滚动/的/形式/来/运输/400/斤/的/吨/桶/,/一天/大概/在/130/吨/左右/，/计薪/方式/为/计件/。/5/./积极/完成/上级/交办/的/其他/任务/。/关注/微信/公众/号/马克/数据网"
55902,杭州联合农村商业银行股份有限公司,岗位/描述/：/从事/银行/综合/金融业务/，/根据/个人/工作/表现/、/专业/素养/、/发展/潜能/、/职业规划/等/，/不/定向培养/至/分支机构/零售/金融/、/公司/金融/、/财富/管理/等/岗位/。/后续/有/机会/参与/各类/人才/竞聘/选拔/，/获得/多/方向/职业/发展/机会/。/岗位/条件/：/1/、/境内/院校/：/要求/在/2026/年/1/月/至/2026/年/7/月/期间/毕业/，/按期/获得/国家/认可/的/毕业证/和/学位证/；/境外/院校/：/要求/在/2025/年/1/月/至/2026/年/7/月/期间/获得/学历/（/学位/）/证书/，/并/在/报到/时/取得/国家教育部/的/学历/学位/认证/。/2/、/全日制/本科/及/以上学历/。/3/、/毕业/于/国内外/重点/院校/（/软科/中国大学/排名/主榜前/200/或/全球/QS排名/前/200/）/或/浙江省/重点/建设/高校/。/4/、/专业/不/限/，/金融学/、/会计学/、/法学/、/统计学/、/计算机科学/与/技术/等/相关/专业/优先/。/5/、/热爱/金融/事业/，/具备/较/好/的/服务/意识/、/沟通/表达能力/和/责任心/等/。/6/、/诚实/守信/、/身体健康/，/无/不良行为/记录/。/用工/性质/：/正式/合同工/。/工作/地点/：/杭州/城区/。
73878,平安银行股份有限公司,工作/职责/要求/：/1/、/跟进/国际/国内/资本/监管/相关/改革/动态/，/贯彻落实/监管/当局/各项/资本/监管/政策/和/标准/，/负责/全行/资本/充足率/、/杠杆率/等/监管/资本/管理/；/2/、/建立/和/完善/资本/管理机制/，/开展/资本/规划/、/配置/、/监测/、/评估/、/分析/及/披露/工作/，/推动/提升/全行/资本/经营/效率/水平/；/3/、/制定/和/实施/全行/资产负债/管理/政策/，/制定/、/落实/资产负债/配置/策略/，/开展/资产负债/业务/监测/、/分析/并/提出/优化/建议/。/任职/资格/：/1/、/本科/及/以上学历/，/金融/、/经济/、/会计/、/数学/、/数据分析/、/计算机/等/相关/专业/；/2/、/具备/3/年/（/含/）/以上/国有/商业银行/、/全国性/股份制/商业银行/、/头部/城商行/总行/资本/管理/、/资产负债/管理/相关/工作/经验/优先/；/3/、/掌握/资本/管理/专业知识/，/具备/资本/规划/与/风险/资产/管控/能力/，/能/结合/监管/要求/制定/差异化/资本/策略/；/4/、/具有/较强/的/政策/、/业务/分析/能力/，/能够/熟练/使用/Excel/、/SQL/等/数据分析/工具/，/较/好/的/沟通/能力/及/组织协调/能力/；/5/、/能够/制作/高质量/的/数据/可视化/报表/、/报告/；/具备/良好/的/统计学/基础/，/熟悉/常用/的/数据分析/方法/和/模型/。
53206,九江银行股份有限公司,岗位职责/:/1/./牵头/全行/开展/统计数据/的/监测/与/分析/，/提出/经营/异常/预警/建议/；/2/./分析/统计数据/，/为/行内/经营/决策/提供数据/支持/；/3/./推进/监管/报送/标签/体系/建设/工作/；/4/./其他/需/配合/完成/的/监管/统计/相关/工作/。/任职/要求/:/1/./初始/学历/为/全日制/本科/及/以上/，/统计/、/金融/、/会计/、/财经/等/相关/专业/优先/；/2/./年龄/35/周岁/及/以下/（/1991/年/1/月/1/日后/出生/）/；/3/./具备/财务/、/贷款/等/相关/工作/经验/；/4/./熟练/使用/Word/、/Excel/等/办公/软件/，/有/SQL/、/SAS/、/Python/能力者/优先/；/5/./具备/监管/报送/经验者/优先/。
77065,浙江宁银消费金融股份有限公司,一/、/岗位职责/1/、/为/区域/内/目标/客群/提供/消费/金融服务/，/积极/推广/公司/业务/；/2/、/收集/客户/信息/、/行业动态/以及/同业/信息/，/了解/客户/对/公司/产品/及/服务/的/评价/和/需求/，/及时/反馈/销售/过程/中/存在/的/问题/，/提出/产品/建议/和/其他/合理化/建议/；/3/、/负责/开拓/新/的/目标/渠道/，/深挖/存量/渠道/资源/，/做好/关键/人/维护/；/4/、/负责/组织/客户/团办/活动/、/业务/宣讲/、/贷后/管理/等/工作/。/二/、/任职/要求/1/、/大学本科/及/以上学历/；/2/、/原则上/具有/1/年/以上/消金/公司/、/银行/、/融资/租赁/等/金融/行业/个人/或小微/贷款/营销/工作/经验/，/或/具有/2/年/以上/其他/行业/营销/工作/经验/。/3/、/热爱/营销/工作/，/具备/良好/的/业务/开拓/能力/，/具有/较强/的/语言表达/、/团队/合作/及/协调/沟通/能力/。/三/、/福利待遇/公司/福利/完善/，/包括/五险/二金/、/带薪休假/、/年度/体检/、/过节费/、/交通/补贴/、/住房补贴/、/高温/补贴/等等
53339,上银基金管理有限公司,来自/马克/数据网/工作/职责/1/./根据/工作/要求/处理/英文/材料/笔译/与/口译/2/./负责/撰写/公司/各类/报告/，/组织/安排/重大/会议/及/活动/3/./支持/公司/的/日常/行政事务/任职/要求/：/1/./本科/及/以上学历/，/英语专业/，/具备/专八/、/口译/证等/资格证书/，/双语/能力/强/(/口/笔译/均/能/熟练/运用/)/2/./具备/优秀/的/沟通/能力/及/专业/的/书面///口头/表达能力/。/工作/责任心/强/，/细致/认真/，/具备/良好/的/组织协调/能力/熟练掌握/办公/软件/2026/年/毕业/应届生/实习/后/优先/录用
53277,上海证券有限责任公司,"职责/描述/1/./合法/、/合规/开展/营销/活动/，/拓展/营销/渠道/、/开发/并/服务/个人/高/净值/客户/及/机构/客户/；/2/./维护/存量/客户/，/分析/挖掘/客户/需求/，/结合/客户/风险/承受能力/,/提供/全方位/的/投资/建议/、/财富/分析/和/规划/；/3/./具有/扎实/的/证券/理论知识/基础/，/深入/了解/各类/金融/产品/，/对/金融市场/有/一定/的/见解/；/4/./提供/日常/的/行情/分析/，/证券/投资/分析/，/投资/策略/建议/，/及/市场趋势/，/热点/分析/；/5/./完成/公司/下达/的/绩效考核/指标/，/并/能够/及时/准确/完成/领导/交办/的/工作/任务/；/6/./协助/开展/投资/报告会/、/理财/讲座/等/投资者/教育/活动/。/任职/要求/：/1/./全日制/本科/及/以上学历/，/25/年/应届/毕业生/优先/，/金融/、/经济/、/市场营销类/相关/专业/优先/；/通过/证券/从业/资格考试/（/必备/）/，/基金/从业/资格/（/必备/）/；/2/./具有/较强/的/客户/开发/能力/、/服务/意识/及/综合/职业/素养/。/薪酬/待遇/：/1/./薪资/福利/：/签订/正式/劳动合同/，/高/底薪/+/绩效奖金/、/五险/三金/（/公积金/、/补充/公积金/和/企业/年/金/）/、/补充/医疗/、/各类/工会/节假日/福利/、/福利/补贴/（/交通费/，/午餐费/，/高温/费/等/）/、/带薪/年/假/；/2/./晋升/发展/：/开放/包容/的/管理制度/、/完善/的/成长/培训/计划/、/多轨/的/晋升/通道/、/广阔/的/职业/发展/空间/。/上/嘉/财富/中心/，/专业/为/高/净值/客户/量身/打造/全方位/、/多维度/的/一站式/财富/管理/服务/。/你/的/未来/你/选择/！/你/的/收入/你/决定/！/加入/上/嘉/财富/中心/，/打造/你/的/个人/IP/！/（/macrodatas/./cn/）/（/来/自/马/克/数/据/网/）"
89430,国泰君安期货,岗位职责/：/1/、/负责/协助/机构/业务/总监/建立/与/维护/银行/、/保险/、/基金/、/证券/、/私募/等/机构/客户/的/合作/渠道/，/建立/业务/对接/工作/；/2/、/负责/调研/机构/客户/基本/情况/，/并/有/能力/发掘/机构/客户/的/业务/需求/；/3/、/负责/为/客户/提供/综合/金融服务/，/针对/机构/投资者/的/需求/，/提供/合适/的/金融/产品/与/服务/；/4/、/落实/存量/客户服务/工作/，/并/不断/开拓/新/的/客户/渠道/；/5/、/为/机构/客户/、/产业/客户/、/高/净值/客户/等/资方/客户/提供/大/类/资产/配置/、/财富/管理/等/服务/。/任职/资格/：/1/、/大学本科/及/以上学历/，/金融/、/经济类/专业/优先/；/2/、/热爱/期货/行业/，/具有/较强/的/开拓/能力/；/3/、/具备/期货/从业/资格/或/在/试用期/内/取得/期货/从业/资格/；/4/、/具有/相关/行业/经历/优先/。/来自/马/-/克/-/数/-/据/-/官网
90419,银河期货,岗位职责/：/1/、/负责/机构/客户/开发/及/市场/拓展/工作/，/包括/潜在/客户/的/收集/与/跟进/并/转化/，/存量/客户/的/维护/，/私募/券商/等/机构/产品/户/落地/等/；/2/、/积极参与/并/组织/各类/机构/业务/活动/，/深度/挖掘/客户/需求/，/推进/业务/落地/；/3/、/客户/拜访/、/需求/对接/，/建立/密切/友好/联系/；/4/、/协助/部门/完成/金融/产品/的/销售/推广/，/业务/协同/，/协调/相关/部门/完成/大/客户/的/个性化/投资/需求/；/6/、/严格遵守/公司/各项/规章制度/，/认真负责/完成/领导/交办/的/工作/。/任职/要求/：/1/、/本科/及/以上学历/，/期货/或/市场营销/相关/专业/优先/；/2/、/有/机构/客户/开发/维护/经验/，/熟悉/公募/私募/业务流程/，/具有/期货/从业/资格者/优先/；/3/、/有/较/强/的/市场营销/能力/和/广泛/的/人际关系/；/具备/良好/的/沟通/能力/、/服务/意识/，/以及/出色/的/抗压/能力/，/能/接受/出差/；/4/、/热爱/金融/行业/，/有/团队/合作/精神/。/（/macrodatas/./cn/）/（/来/自/马/克/数/据/网/）
75663,国元期货有限公司,职责/描述/：/1/、/协助/部门经理/，/做好/的/务/开发/工作/，/完成/各项/业绩/指标/；/2/、/积极/开发/期货类/客户/，/包括/但/不/限于/产业/客户/、/金融机构/客户/、/个人/客户/等/，/积极/做好/客户/的/维护/工作/；/3/、/完成/公司/和/领导/安排/的/各项任务/任职/资格/：/1/、/大学本科/及/以上学历/，/具有/期货/从业/资格/，/可/接受/优秀/应届/毕业生/；/2/、/具有/较强/的/沟通/能力/、/交际/能力/和/良好/的/人际关系/，/具有/团队/合作/精神/；/3/、/吃苦耐劳/，/勇于/挑战/自我/、/富有/激情/；/4/、/学习/能力/强/，/愿意/接受/新/的/知识/，/对/金融业务/有/浓厚/的/兴趣/，/有志/在/金融/领域/长期/发展/；/5/、/有/银行/证券期货/从业/经历/和/财富/管理/渠道/资源/优先/。/职位/福利/：/五险/一金/、/全勤奖/、/交通/补助/、/餐补/、/通讯/补助/、/补充/医疗保险/、/定期/体检/、/带薪/年/假
88961,华安期货有限责任公司,（/一/）/岗位职责/1/、/从事/相关/品种/上下游/以及/产业链/研究/，/负责/相关/数据/收集/及/更新/，/即时/追踪/行业/信息/，/将/信息/数据化/、/系统化/，/跟踪/市场动态/；/2/、/负责/相关/品种/的/培训/、/推介/和/高端/客户服务/；/3/、/撰写/投资/策略/报告/、/研究/发现/套利/套保/机会/和/客户/咨询服务/；/4/、/综合/运用/期货/、/期权/等/金融工具/为/客户/提供/最优/的/风险管理/方案/；/5/、/完成/领导/交办/的/其他/工作/。/（/二/）/任职/要求/1/、/硕士/研究生/及/以上学历/，/经济/、/金融/、/理工类/背景/，/35/周岁/以下/；/2/、/良好/的/逻辑思维/能力/与/口头/表达能力/，/善于/沟通/学习/，/工作/积极主动/；/3/、/熟练/使用/OFFICE办公/软件/，/能够/熟练/使用/MATLAB/、/Python/等/数据处理/软件者/优先/；/4/、/热爱/金融/行业/，/对/投资/市场/充满热情/，/有/相关/行业/工作/经验者/优先/；/5/、/通过/期货/从业/资格考试/，/通过/投资/分析/资格考试者/优先/。/职位/福利/：/五险/两金/、/交通/补助/、/带薪/年/假/、/定期/体检/、/节日/福利/。/来自/：/www/./macrodatas/./cn
93537,晟谦(北京)信息技术有限责任公司,一/、/岗位职责/：/1/、/为/销售/业绩/负责/；/2/、/对/所/负责/的/区域/或/行业/市场/具有/良好/的/规划/和/执行/能力/；/3/、/对/新/客户/的/拓展/和/老客户/的/维护/；/4/、/项目/从/商机/挖掘/到/回款/的/全/周期/管理/；/5/、/配合/公司/执行/相关/销售/工作/；/二/、/任职/条件/：/1/、/在/该/领域/有/一定/的/人脉/资源/；/2/、/统招/本科/以上学历/；/3/、/有/两年/以上/政府部门/IT项目/销售/经验/（/有/口岸/、/海关/、/边检/行业/得/销售/经验/优先/，/同意/做/背景/调查/）/；/4/、/能/独立/开展/项目/沟通/和/方案/宣讲/；/5/、/有/执行力/和/出色/的/学习/能力/；/6/、/有/团队/管理/能力/和/经验/的/优先/；/三/、/薪资/福利/1/、/薪资/：/底薪/+/绩效/，/可/面谈/。/2/、/福利/：/六险/一金/、/带薪/年/假/、/定期/团建/、/定期/体检/。/。/（/更/多/数据/，/详见/马克/数据网/）
76027,北京南天信息工程有限公司,岗位/说明/：/1/./中高级/java/后台/开发/，/3/年/以上/经验/；/2/./Java/基础/扎实/，/统招/本科/（/学信/网可查/）/，/计算机相关/专业/3/./负责/银行业务/项目/工作/时间/：/8/：/30/-/12/:/00/14/:/00/-/18/:/00/加班/情况/：/项目/处于/工程/期/，/需要/视/项目/进度/情况/需要/加班/工作/情况/：/java/后台/代码/开发/，/spring/框架/，/oracle/数据库/职位/福利/：/五险/一金/、/带薪/年/假/、/定期/体检/、/节日/福利/、/加班/补助/、/加班/调休/、/年终奖/马/-/克/-/数据
26717,成都旋极星源信息技术有限公司,工作/内容/：/1/、/财务/记账/；/2/、/税务/发票/管理/；/3/、/银行业务/办理/；/4/、/台账/登记/；/5/、/档案管理/；/6/、/团队/协作/：/配合/进行/项目/申报/、/审计/、/尽调/等/资料/提供/工作/；/7/、/协助/本/部门/和/其他/部门/的/相关/工作/及/上级/安排/的/相关/工作/；/8/、/完成/领导/交代/的/其他/工作/任务/。/任职/要求/：/1/．/持有/初级/或/以上/会计职称/，/系统/掌握/会计/、/税法/等/财会/专业知识/。/2/．/有/3/年/以上/财务/工作/经验/3/．/熟悉/国家/财税/法规/4/．/熟练/使用/用友/等/主流/财务软件/，/精通/Excel/（/函数/、/数据/透视/表等/）/5/．/工作/认真细致/，/能/承受/重复性/工作/并/保证/准确性/6/．/有/较/强/的/沟通/协作/能力/7/．/有/积极主动/的/学习/能力/，/能/跟进/最新/的/财税/政策/并/应用/到/工作/中/福利待遇/：/双休/、/年终奖/、/健康/体检/、/生日/福利/、/节假日/福利/、/员工/团建/、/弹性/工作制/、/年/假/等
29579,合肥泽众城市智能科技有限公司,岗位职责/:/1/、/监测/系统/日常/运行/记录/的/填写/工作/，/熟练/使用/Office/办公/软件/；/2/、/问题/单/的/提示/工作/，/及时/准确/的/填写/报表/及/交接班/记录/；/3/、/告警/记录/的/汇报/和/填写/工作/，/负责/报警信号/的/判断/及/报警/处理/工作/；/4/、/有/团队/合作/意识/，/吃苦耐劳/；/良好/的/沟通/能力/，/自我/学习/能力/和/动手/能力/，/积极/、/主动/、/强烈/的/责任心/；/能/承受/一定/的/工作/压力/；/5/、/完成/部门/领导/交办/的/其它/工作/；/任职/资格/:/1/、/遵守/国家/宪法/和/法律/，/身心健康/，/品行端正/，/责任心/强/，/具有/良好/的/人格/和/职业道德/；/2/、/本科/及/以上学历/，/环境工程/、/市政工程/、/安全工程/、/水利工程/、/土木工程/、/化学工程/、/桥梁工程/、/电气工程/等/相关/专业/，/应届/毕业生/也/可/；/3/、/掌握/监控/系统/和/设备/的/配置/、/管理/及/维护/，/有/机房/值守/工作/经验者/优先/；/4/、/身体健康/、/踏实/肯干/；
47401,江苏用友网络科技有限公司,岗位职责/：/1/、/针对/客户/需求/和/行业/特点/，/依据/项目经理/要求/，/在/客户/实施/过程/准确/把握/客户/需求/并/能/加以/实现/；/2/、/按时/保质/实现/项目/交付/和/验收/，/提高/客户/满意度/和/用户/体验/；/3/、/按照/客户/要求/协助/进行/现场/培训/和/指导/，/进行/实施/文档/的/编写/，/完成/项目/实施/进度/报告/，/实施/总结/等/；/4/、/与/客户方/保持良好/的/合作/，/确保/项目/进度/与/质量/。/5/、/完成/上级领导/与/其他/公司/领导/交办/的/任务/；/岗位/要求/：/1/、/本科/及/以上学历/；/2/、/财经类/、/会计类/、/财务管理/、/信息管理/与/信息系统类/专业/，/具备/一定/的/数据库/SQL能力/，/有/ERP财务软件/类/培训/经验/优先/；/3/、/具有/良好/的/思维能力/和/沟通/协调/能力/；/4/、/具有/极强/的/责任心/及/工作/积极性/、/主动性/，/学习/能力/强/；/5/、/要求/实习/不少/于/3/个/月/。
24828,深圳市佳士科技股份有限公司,工作/职责/:/1/./制定/并/落地/品牌/海外/及/国内/传播/策略/，/统筹/全/渠道/宣传/推广/，/策划/高质量/内容/，/强化/品牌/文化/输出/。/2/./主导/品牌/传播/素材/（/视频/、/多语言/内容/）/制作/，/确保/符合/不同/国家/文化/及/品牌/调性/。/3/./撰写/海外/及/国内新闻/稿件/、/擅于/提炼/公司/产品/或/品牌价值/形成/公司/的/品牌/叙事/。/4/./根据/不同/国家/的/媒体/特质/及/业务/需求/，/制定/并/搭建/媒体/策略/，/有效/整合/媒介/资源/。/5/./围绕/公司/国际/重大/节点/、/重要/事件/，/开展/企业/传播/活动/策划/和/实施/，/提升/品牌/曝光/度/和/影响力/。/6/./策划/执行/产品/、/事件/营销/，/红人/KOL营销/等/02PR02传播/计划/，/管理/媒体/与/供应商/关系/。/7/./负责/企业宣传/资料/、/传播/素材/、/传播/规范/的/定期/更新/与/整理/。/任职/资格/:/1/./本科/及/以上学历/，/公关/、/新闻/、/营销/相关/专业/优先/。/2/./英语/可/作为/工作/语言/，/口语/流利/，/有/跨文化/传播/敏感度/。/3/./有/3/-/5/年/PR项目/经验/，/熟悉/国际/媒体/生态/和/海外/媒体/分发/机构/的/后台/使用/。/4/./文字/功底/好/，/能/挖掘/产品/亮点/制造/传播/话题/，/熟练/使用/02PR02监测/工具/和/社媒/平台/。/5/./具备/项目管理/、/跨部门/协调/能力/，/细心/，/抗压/且/有/团队/合作/精神/。
7065,芜湖三花自控元器件有限公司,【/工作/内容/】/-/负责/公司/产品/或/服务/的/市场推广/与/客户/开发/，/完成/销售/目标/；/-/与/客户/建立/长期/合作/关系/，/维护/客户关系/并/提升/客户/满意度/；/-/收集/和/分析/市场/信息/，/为/销售策略/提供/支持/；/-/参与/制定/销售/计划/，/并/根据/公司/战略/推动/业务/增长/。/【/任职/要求/】/-/具备/良好/的/沟通/能力/和/人际交往/能力/，/有/较/强/的/责任心/和/抗压/能力/；/-/拥有/积极主动/的/工作/态度/，/能够/独立/开展/销售/工作/；/-/对/销售/工作/有/浓厚兴趣/，/愿意/在/销售/领域/长期/发展
71344,中邮科技股份有限公司,岗位职责/：/1/./参与/制定/并/落地/匹配/公司/战略/发展/的/采购/策略/，/结合/智能/物流/设备/制造业/采购/特点/，/牵头/推进/采购/管理体系/的/优化/与/完善/，/提升/采购/体系/适配性/与/运营/效率/。/2/./基于/公司/智能/物流/设备/生产/、/业务/发展/的/核心/需求/，/结合/行业/供应链/现状/，/提出/科学/可行/的/供应链/解决方案/，/牵头/跨/组织协调/对接/，/高效/驱动/采购/团队/推进/各项/工作/，/确保/顺利/达成/业务/目标/。/3/./主导/或/参与/各类/采购/管理制度/、/操作/流程/的/修订/与/完善/工作/，/明确/各项/制度/的/执行/标准/与/规范/，/确保/制度/清晰/、/适用/、/合规/。/建立/常态化/监督机制/，/对/制度/落实/情况/进行/全程/跟踪/、/检查/，/及时发现/执行/中/的/偏差/与/风险/，/推动/问题/整改/，/保障/采购/活动/合规/有序/开展/。/推进/采购/信息化/平台/的/建设/与/优化/，/通过/数字化/工具/固化/流程/、/提升/数据/透明度/，/促进/采购/效率/与/管控/水平/的/持续/提升/。/4/./对接/公司/整体/采购/需求/，/分解/各类/采购/任务/及/采购计划/，/统筹/组织/开展/母子公司/范围/内/的/集中/采购/、/招标/采购/工作/，/全程/跟进/招采/流程/合规性/与/高效性/，/并/监督/年度/框架/协议/的/执行/进度/、/履约/质量/，/确保/协议/落地/到位/。/5/./牵头/推进/采购/成本/控制/工作/，/分析/物流/设备/核心/物料/市场/价格/趋势/，/优化/采购/成本/管控/方案/；/同时/完善/供应商/管理体系/，/推进/供应商/筛选/、/评估/、/优化/工作/，/提升/供应商/履约/能力/。/6/./协助/部门/总经理/推进/采购/人才队伍/建设/，/负责/团队/成员/的/日常/指导/、/能力/培养/与/工作/统筹/，/搭建/合理/的/人才培养/机制/，/提升/采购/团队/的/专业/素养/与/整体/工作/效能/。/7/./服从/公司/整体/安排/，/高效/完成/领导/交办/的/其他/各项/事务/，/主动/配合/公司/各/相关/部门/开展/协同工作/，/保障/公司/生产/运营/效率/。/任职/要求/：/1/./全日制/大学本科/及/以上学历/，/机电/一体化/、/自动化/、/工业/工程/、/项目管理/、/供应链/管理/等/相关/专业/优先/。/2/./具备/8/年/以上/采购/、/供应链/管理/或/相关/领域/工作/经验/，/3/年/以上/采购/团队/管理/经验/。/熟悉/仓储/、/物流/或/相关/行业者/优先/考虑/。/3/./具备/采购/战略规划/与/采购/体系/搭建/能力/，/能够/制定/并/推动/实施/长期/的/采购/策略/；/擅长/供应链/统筹/与/解决/方案设计/，/能够/优化/端到/端/供应链/效率/。/4/./具备/较强/的/成本/管控/意识/与/执行/能力/，/能/通过/采购/策略/持续/降低成本/；/拥有/供应商/全/生命周期/管理/能力/，/包括/开发/、/评估/、/绩效/管理/与/关系/维护/。/5/./能够/建立/并/完善/采购/制度/与/流程/，/确保/采购/活动/合规/、/透明/、/高效/；/熟悉/相关/法律法规/与/行业/规范/，/具备/风险管理/与/内部/控制/经验/。/6/./熟练/使用/ERP/等/采购/信息化/工具/，/具备/数据分析/能力/，/能/通过/数据/驱动/采购/决策/。/7/./具备/优秀/的/谈判/技巧/，/能够/达成/有利/的/商业/条款/；/对/供应/市场动态/有/敏锐/的/洞察力/，/能/及时/应对/市场/变化/，/保障/供应/安全/与/成本/优势/。/8/./具备/良好/的/语言文字/表达能力/，/能/撰写/清晰/的/报告/与/方案/；/拥有/出色/的/跨部门/沟通/与/协调/能力/，/能够/有效/推动/采购/相关/项目/的/落地/。/。/更/多/数据/：/搜索/马克/数据网/来源/：/www/./macrodatas/./cn
65422,深圳市鑫金泉精密技术有限公司,岗位/要求/：/1/、/有/生产/文员/相关/经验/优先/考虑/，/电脑操作/熟练/，/会/使用/金蝶/；/工作/认真细致/，/有/责任心/踏实/肯干/；/2/、/完成/领导/指派/的/工作/3/./有/刀具/行业/经验/或/机械加工/行业/经验/优先/上班时间/：/26/天制/，/不/加班/此/岗位/到/惠州市/鑫/金泉/工作/，/能/接受/的/欢迎/投递/!/职位/福利/：/包吃/住/、/五险/一金/、/全勤奖/、/年终奖/、/法定/节假日/、/节日/福利/等/综合/薪资/：/5/-/8K/。
7081,浙江三花汽车零部件有限公司,【/工作/内容/】/-/负责/冲压/工艺/的/设计/与/优化/，/提升/生产/效率/和/产品质量/；/-/参与/新/产品开发/，/进行/冲压/模具/的/结构设计/与/分析/；/-/协助/解决/生产/过程/中/出现/的/冲压/技术/问题/；/-/与/生产/部门/协作/，/确保/冲压/工序/顺利进行/并/达成/生产/目标/。/【/任职/要求/】/-/机械工程/、/材料/成型/等/相关/专业本科/及/以上学历/；/-/具备/良好/的/沟通/能力/和/团队/协作/精神/；/-/熟悉/冲压/工艺流程/及/常用软件/（/如/AutoCAD/、/SolidWorks/等/）/；/-/有/相关/工作/经验者/优先/，/但/不限/经验/。
33883,龙利得文化科技有限公司,要求/应届生/，/熟练/使用/Office/办公/软件/，/具备/一定/文案/功底/，/可/独立/完成/会议纪要/，/具备/良好/的/商务礼仪/和/沟通/仪态/，/负责/对接/董事长/，/后续/晋升/方向/是/董秘/，/工作/积极主动/，/有/责任心/，/有/行政助理/相关/实习/经验/优先/；/。/微信/公众/号/马克/数据网
9241,合众创亚（广州）包装有限公司,18/-/50/周岁/，/无/学历/要求/。/具有/叉车/操作证/，/能/适应/两班/倒/轮班工作/。/有/纸箱/同行/工作/经验/或/熟练/驾驶/叉车者/优先/！/无/近视/，/无/色盲/。/工作/职责/：/（/1/）/负责/生产线/的/上/纸/和/下纸/，/确保/机台/的/正常/生产/；/（/2/）/严格/按照/公司/规定/操作/叉车/；/（/3/）/按时/维护/、/保养/叉车/，/保证车辆/的/的/良好/运行/；/（/4/）/在/工程部/需要/叉车/协助/工作/的/情况/下/，/叉车/需/配合/，/保证/工程部/顺利/工作/。/（/5/）/按/叉车/保养/标准/，/做好/叉车/日常/保养/工作/。/（/6/）/遵守/公司/的/安全/制度/，/叉车/使用/规定/等/各项/规章制度/，/必须/确保安全/操作/。/（/7/）/完成/上级/安排/的/其它/工作/。
63769,江苏豪悦实业有限公司,【/工作/内容/】/-/负责/制定/和/实施/公司/外贸/业务/的/战略规划/，/推动/公司/产品/和/服务/的/海外/销售/；/-/管理/和/维护/与/海外/客户/的/关系/，/确保/客户/满意度/和/长期/合作/；/-/分析/国际/市场趋势/，/为/公司/产品/定位/和/市场策略/提供/决策/支持/；/-/领导/团队/进行/市场调研/，/收集/并/分析/竞争对手/信息/，/制定/有效/的/竞争/策略/；/-/协调/内部/资源/，/包括/生产/、/物流/、/财务/等/部门/，/确保/订单/顺利/执行/；/-/参与/重要/商务谈判/，/负责/合同/的/起草/、/修改/及/签订/；/-/定期/向/高层/管理层/汇报/业务/进展/和/市场动态/，/并/提出/改进/建议/。/【/任职/要求/】/-/本科/及/以上学历/，/国际贸易/、/市场营销/或/相关/专业/优先/；/-/5/年/卫生/护理/用品/行业/外贸/工作/经验/；/-/具备/良好/的/英语/听说读写/能力/，/能够/流利地/与/国外/客户/沟通/；/-/具有/较强/的/市场/分析/能力/和/谈判/技巧/，/了解/国际/商务/规则/；/-/优秀/的/领导力/和/团队/管理/能力/，/能够/激发/团队/潜力/，/提升/团队/整体/业绩/；/-/工作/积极主动/，/具备/良好/的/沟通/协调/能力/和/解决问题/的/能力/；/-/能够/承受/一定/的/工作/压力/，/适应/经常性/出差/；
47197,远东中乾（厦门）科技集团股份公司,岗位/核心/任职/条件/（/一/）/专业/能力/条件/1/./语言/能力/：/英语/需/达到/工作/交流/水平/，/可/熟练/撰写/英文/开发/信/、/合同条款/，/能/与/海外/客户/进行/口语/谈判/、/需求/对接/及/售后/沟通/；/掌握/小/语种/（/如/西班牙语/、/法语/、/东南亚/语言/）/者/优先/，/适配/欧美/、/东南亚/等/核心/出口/市场需求/。/2/./外贸/实操/能力/：/熟悉/外贸/全/流程/，/包括/客户/开发/、/询盘/跟进/、/报价/谈判/、/信用证/审核/、/报关/清关/、/物流/对接/等/环节/；/掌握/FOB/、/CIF/、/DDP/等/贸易/术语/，/能/独立/处理/订单/履约/中/的/各类/问题/，/防范/汇率/波动/、/信用证/诈骗/等/风险/。/3/./行业/与/产品/认知/：/了解/纸浆/模塑/餐具/设备/的/核心/构造/、/生产工艺/、/技术参数/及/优势/特点/，/如/高精度/热压/成型/、/智能化/生产线/等/技术/；/熟悉/行业/政策/，/包括/全球/“/限塑令/”/、/碳/关税/机制/、/欧盟/PPWD指令/等/环保/法规/，/能/向/客户/解读/政策/红利/与/合规/要点/。/4/./工具/与/数据分析/能力/：/熟练/使用/阿里巴巴/国际/站/、/亚马逊/等/跨境/B2B平台/，/及/Google/、/LinkedIn/、/外贸/数据库/等/客户/开发工具/；/会/运用/Excel/（/VLOOKUP函数/、/数据/透视/表/）/制作/报价表/、/跟进/表/，/能/通过/CRM系统管理/客户资源/，/借助/数据分析/优化/客户/开发/策略/。/（/二/）/经验/与/资质/条件/1/./大专/及/以上学历/，/国际贸易/、/商务英语/、/机械/相关/专业/优先/，/1/-/3/年/以上/外贸/业务/经验/，/有/机械设备/、/环保/包装/类产品/出口/经验者/加分/，/熟悉/RCEP成员国/、/欧美/市场者/优先/。/2/./具备/独立/开发/客户/的/成功/案例/，/能/清晰/阐述/过往/成交/订单/的/客户/来源/、/谈判/难点/及/解决方案/，/有/年销售额/达标/业绩者/优先/。/3/./持有/外贸/从业/相关/证书/（/如/国际贸易/单证员/证/、/报关员/证/）/者/优先/，/具备/基础/机械/知识/、/能看懂/设备/图纸者/加分/。/二/、/必备/人品/特质/1/./诚信/担当/：/外贸/业务/涉及/大额/订单/与/跨文化/合作/，/需对/客户/坦诚/披露/产品/信息/、/交货/周期/及/政策/风险/，/不/夸大/设备/性能/；/出现/订单/问题/（/如/延迟/交货/、/规格/偏差/）/时/主动/承担责任/，/积极/协调/解决方案/，/而/非推诿/找/借口/。/2/./坚韧/抗压/：/设备/出口/客户/开发周期长/、/谈判/环节/多/，/需/承受/询盘/转化率/低/、/订单/突发/变故/、/汇率/波动/等/压力/，/能/保持/耐心/跟进/客户/，/在/无/平台/询盘/时/主动/拓展/渠道/，/不/浮躁/、/不/放弃/。/3/./主动/进取/与/执行力/：/具备/强烈/的/目标感/，/主动/研究/市场动态/（/如/东南亚/新兴/市场需求/、/竞争对手/策略/）/，/制定/销售/计划/并/落地/执行/；/拒绝/“/坐等/询盘/”/的/惰性/思维/，/能/主动/撰写/开发/信/、/参加/国际/展会/、/对接/跨境/电商/资源/。/4/./团队/协作/与/责任心/：/能/与/技术部/、/生产部/、/物流部/高效/配合/，/精准/传递/客户/对/设备/规格/、/定制化/需求/的/要求/，/协调/生产/进度/与/交货/安排/；/爱护/公司/客户资源/，/离职/时/规范/交接/工作/，/不/泄露/商业/机密/。/5/./长期/主义/与/学习/力/：/认同/纸浆/模塑/行业/绿色/发展前景/，/愿意/长期/深耕/积累/客户资源/，/不/追求/短期/利益/、/*/*/*/；/主动/学习/行业/新/技术/、/新/政策/及/外贸/实操/技巧/，/快速/适配/市场/变化/与/客户/需求/升级/。/薪资/待遇/及/福利/：/五天/八小时/工作制/，/双休/制/公司/提供/五险/一金/具有/竞争力/的/薪资/和/福利待遇/；/基本工资/+/客户/开发/奖/+/业务/抽成/+/年底/奖金/，/年薪/范围/：/10/万/-/20/万/定期/开展/部门/团建/和/拓展/活动/提供/良好/的/职业/发展/空间/和/晋升/机会/；/提供/培训/和/学习/机会/，/帮助/员工/不断/提升/专业/能力/微信/公众/号/马克/数据网
51947,江苏博汇纸业有限公司,【/工作/内容/】/-/负责/涂布/白卡纸/生产线/的/日常/运营/管理/，/确保/生产流程/高效/、/稳定/运行/；/-/制定/并/执行/生产/计划/，/优化/生产/资源配置/，/提升/产能/与/产品质量/；/-/监督/生产/过程/中/的/质量/控制/与/成本/管控/，/推动/持续/改进/；/-/协调/跨部门/合作/，/保障/生产/与/销售/、/仓储/等/环节/的/顺畅/衔接/。/【/任职/要求/】/-/具备/良好/的/沟通/协调/能力/与/团队/管理/能力/；/-/熟悉/涂布/白卡纸/生产/工艺流程/及/相关/设备/操作/；/-/有/较/强/的/责任心/和/抗压/能力/，/能/适应/高强度/工作/节奏/；/-/5/年/以上/工作/经验/，/欢迎/有/相关/行业/背景/或/对/造纸/行业/感兴趣/的/人才/加入/。
87548,深高蓝德环保科技集团股份有限公司,任职/要求/：/1/./行政/管理/、/工商管理/或/人力/资源管理类/相关/专业/，/有/环境/从业/背景/优先/。/2/./身体健康/、/品行端正/、/具有/良好/的/职业道德/。/3/./具备/4/年/以上/综合/管理/、/行政/管理/等/相关/工作/经验/，/熟悉/国家/相关/法律法规/、/政策方针/，/掌握/行政/管理/、/人力/资源管理/等/相关/知识/。/4/./具备/扎实/的/文字/功底/及/撰写/能力/，/能够/撰写/各类/公文/、/报告/、/总结/等/。/5/./具备/较强/的/组织协调/能力/，/能够/统筹安排/公司/各项/行政事务/，/协调/公司/内部/各/部门/的/工作/关系/；/责任心/强/，/能/承受/一定/的/工作/压力/。/6/./熟练/使用/办公/软件/和/企业/管理/信息化/系统/；/持有/有效/C1驾照/，/1/年/以上/的/实际/驾驶/经验/。/岗位职责/：/1/./人事管理/（/1/）/宣贯/并/执行/总部/下发/的/各类/制度/，/监督/检查/行政/管理制度/、/人力/资源管理/制度/的/实施/情况/。/（/2/）/组织/编制/部门/预算/、/年度/及/月度/工作/计划/，/保证/本/部门/工作/符合/公司/年度/经营/目标/的/要求/。/（/3/）/根据/审批/后/的/编制/，/组织/实施/人员/招聘/、/面试/、/录用/工作/。/（/4/）/监控/公司员工/劳动合同/签订/、/五险/一金及/意外险/缴纳/情况/，/确保/符合国家/法律/规定/及/公司/要求/。/（/5/）/宣导/绩效/管理/政策/，/组织/各/部门/开展/绩效考核/管理工作/。/（/6/）/指导/公司/各/部门/开展/各项/内外部/培训/。/（/7/）/负责/员工/薪酬/的/核算/，/并/组织/进行/发放/。/（/8/）/处理/劳动/争议/、/员工/申诉/处理/、/意外事件/处理/等/。/（/9/）/定期/对/劳务/派遣/单位/进行/监督/与/评估/，/确保/其/服务质量/及/合规性/。/（/10/）/负责/本/部门/内部/组织/管理工作/，/确保/部门/业务/的/有效/运转/。/（/11/）/综合/协调/各/部门/工作/和/日常/处理事务/。/2/./行政/管理/（/1/）/负责/统筹/协调/公司/行政/管理/事务/，/包括/但/不/限于/行政/车辆/、/库管/、/员工/食堂/、/宿舍/、/保安/等/工作/的/统筹/管理/，/监督/园区/的/安全/与/卫生/。/（/2/）/撰写/总结/、/报告/等/各类/公文/以及/综合/文书/材料/、/文稿/审核/校对/。/（/3/）/负责/行政/人事类/审核/工作/。/（/4/）/负责/外部/单位/、/客户/接待/管理工作/。/（/5/）/组织协调/公司/各种/会议/，/并/检查督促/公司/领导/布置/主要/任务/的/贯彻落实/情况/。/（/6/）/组织/及/策划/公司员工/活动/。/（/7/）/完成/上级领导/交办/的/其他/临时性/工作/任务/。/3/./外联/工作/负责/处理/公司/对外/事务/，/如/与/政府部门/沟通/、/向/政府/监管部门/汇报/相关/工作/执行/结果/等/。/搜索/马/克/数/据/网
48834,上海交运起申汽车销售服务有限公司,上海/交运/起成/【/极/氪/家/】/招募/：/机电/技师/面试/地址/：/上海市/徐汇区/龙/水/南路/386/号/入职/要求/：/入职/前须/通过/极/氪/用户/服务中心/面试/，/并/在/面试/成功/后/通过/极/氪/指定/的/岗位培训/及/认证/方可/上岗/。/工作/职责/：/1/、/根据/极/氪/汽车/的/技术/维修/标准/要求/，/按时/完成/工单/的/维修/项目/；/2/、/确保/车辆/维修/质量/，/对/用户/、/车辆/负责/，/发现/问题/及时/汇报/；/3/、/熟练/使用/相关/设备/、/工具/，/定期/进行/维护/保养/，/确保/维修/工作/能/正常/开展/；/4/、/做好/车间/5S工作/，/保持/车间/整齐/、/整洁/；/5/、/负责/参与/极/氪/品牌/组织/的/各类/技能/培训/，/持续/提升/车辆/的/维修/质量/。/任职/要求/：/1/、/中专/学历/或/同等/文化/程度/，/拥有/低压/电工证/及/其他/相关/职业/等级/证/，/拥有/在/有效期/内/的/ZNT证书/者/优先/2/、/三年/以上/从事/乘用车/维修/的/工作/经验/，/熟悉/汽车/维修/的/流程/、/工艺/以及/工作进度/的/控制/3/、/一年/以上/新能源/车/维修/经验/4/、/具备/较强/的/机电/维修/能力/和/基本/的/故障诊断/能力/5/、/三年/以上/的/实际/驾龄
46865,深圳深汕特别合作区乾泰技术有限公司,1/./负责/动力电池/回收/业务/:/如/新能源/汽车/运营商/(/公交/集团/物流/车/共享/汽车/)/主机厂/由/池厂/、/PACK厂/等/行业/的/退役/动力电池/的/回收/工作/；/2/./熟悉/锂电池/回收/产业政策/与/规范/;/有/锂电/企业///PACK厂/销售/或/新能源/主机厂/采销/经验/优先/。
42579,上海长望气象科技股份有限公司,职位/描述/：/1/、/数据/采集/系统/相关/产品/的/软硬件/研发/；/2/、/无线/模块接口/驱动/、/组网/的/开发/、/调试/；/3/、/硬件/原理图/和/PCB/layout/设计/修改/；/4/、/不同/芯片/平台/下/的/嵌入式软件/驱动程序/和/应用程序/的/开发/；/5/、/解决/开发/过程/中/的/技术/问题/，/及/系统/日常/维护/。/任职/要求/：/1/./本科/以上学历/；/2/./精通/嵌入式/C编程/，/有/3/年/以上/嵌入式/软硬件/开发/经验/；/3/./熟悉/ARM/Cortex/系列/或/STM32系列/的/MCU嵌入式/开发/，/有/Zigbee/、/wifi/、/433M/、/BLE/、/RFID/等/开发/经验/优先/；/4/./熟悉/常见/的/SPI///IIC///AD///UART接口/编程/，/有物/联网/或/无线/传感/网/领域/相关/工作/经验者/优先/；/5/./有/硬件/电路/原理图/设计/、/PCB/layout/的/项目/开发/经验/；/6/./良好/的/工作/态度/、/学习/习惯/及/团队/合作/能力/；/7/./能够/独立/承担/工作/压力/，/要/有/较/强/的/分析/和/解决问题/的/能力/。
42588,必能信超声（上海）有限公司,"主要职责/：/1/./方案/与/报价/：/参与/新/项目/模具/的/技术/方案/评审/，/并/提供/设计/输入/以/支持/模具/成本/报价/；/2/./模具设计/：/熟练/运用/UG软件/，/进行/超声波/焊接/模具/的/3D建模/与/2D工程图/绘制/，/确保/图纸/的/准确性/与/完整性/。/3/./有限元/分析/：/运用/FEA/（/有限元/分析/）/工具/对/模具/进行/模拟/分析/，/以/优化/设计/、/预测/性能/并/提升/模具/可靠性/。/4/./团队/协作/：/与/其他/设计/工程师/协同工作/，/确保/项目/设计/的/一致性/与/高效性/，/共同/解决/设计/过程/中/的/技术难题/。/5/./技术/文件/输出/：/编制/并/输出/模具/清单/、/物料/清单/（/BOM/）/及/其他/相关/技术/文档/，/为/生产/加工/提供/清晰/指引/。/任职/必要条件/：/1/./大学本科/及/以上学历/，/机械设计/、/模具设计/或/相关/专业/背景/2.2/年/以上/塑料模具/设计/或/工装/夹具/设计/经验/。/3/./熟练/UG软件/，/能够/熟练/进行/复杂/的/3D建模/和/2D工程图/设计/。/4/./具备/良好/的/沟通/能力/，/能够/清晰/地/与/团队/内部/及/客户/进行/技术/交流/。/5/./熟悉/各种/机械加工/工艺/和/表面/处理/。/6/./熟练/使用/Microsoft/Office/等/办公/软件/（/Word/,/Excel/,/PowerPoint/）/7/./备/基础/的/英语/沟通/能力/，/能够/阅读/英文/技术/资料/。"
11110,深圳市顺丰同城物流有限公司,【/岗位职责/】/1/、/负责/区域/内/连锁/行业/品牌/客户/开发/挖掘/，/制定/区域/内/行业/客户/解决方案/；/2/、/负责/客户/商务谈判/及/客情/维护/，/搭建/区域/重点/品牌/商机/池/；/3/、/执行/区域/内部/的/行业/与/大/客户/运维/体系/；/4/、/客户/账款/催收/及/客户/需求/解决/。/【/任职/要求/】/1/、/专科/及/以上学历/优先/，/即时/配送/领域/销售/岗位/任职/经验/3/年/以上/，/有/连锁/客户资源/；/2/、/具有/较强/的/表达/沟通/能力/，/具有/良好/的/客户服务/意识/和/谈判/技巧/，/执行力/强/、/责任心/及/主观/能动性/强/；/3/、/熟练/使用/excel/、/word/及/PPT/等/办公/软件/，/数据/敏感度/高/，/具备/较强/的/思考/和/分析/能力/；/4/、/身心健康/，/无/不良嗜好/，/能够/承受/较大/的/工作/压力/。
11003,安徽顺丰通讯服务有限公司,一/，/岗位职责/：/1/、/负责/华北/业务/区/运营/侧/反馈/的/国际/物流/业务/下单/、/快件/查询/及/业务/咨询/等/服务/（/含/口语/口译/）/；/2/、/深入/挖掘/国际/件/商机/，/能够/按照/类型/及/场景/进行/归类/，/助力/业务/区/拓展/国际/市场/；/3/、/针对/目标/市场/、/客户/、/竞对/，/进行/深入/的/市场调研/及/分析/，/并/联动/内部/组织/解决/售后/问题/；/4/、/重点/产品/的/销售/推动/，/包括/内外部/沟通/协调/，/销售策略/制定/，/日常/监控/实施/，/销售/报表/，/数据/设计/及/分析/；/5/、/维护/客户关系/，/收集/客户/声音/，/不断/提升/客户/满意度/；/二/，/任职/资格/1/、/年满/18/周岁/以上/；/2/、/大专/及/以上学历/（/本科学历/优先/）/；/3/、/英文/四级/（/含/）/以上/（/会/日语/、/韩语者/优先/）/；/4/、/熟练/使用/常用/办公/软件/，/销售/报表/，/数据/设计/及/分析/能力/，/中文/打字/30/字///分钟/；/5/、/能/承受/较大/的/工作/压力/，/并/能/适应/排班/工作/，/协调/能力/强/。
77790,顺丰航空,岗位职责/1/、/制定/和/完善/货运/安全/质量标准/，/并/按照/标准/开展/安全/质量/管理工作/。/2/、/制定/和/完善/部门/安全/绩效/管理/标准/，/并/依据/标准/对/各处室/进行/绩效/监控/，/完成/对/各处室/的/绩效评价/和/与/质量/管理/有关/的/奖惩/工作/。/3/、/负责/统筹/实施/货运/风险/管理工作/，/建立/地服/系统/危险源/库/和/核心/风险/预警/机制/并/维护/地服/适用/内容/，/持续/开展/风险/预警/工作/。/4/、/负责/组织/开展/部门/监督/审核/（/含/外委/业务/）/，/组织/隐患/排查/，/数据分析/与/系统/评价/，/按/授权/开展/不/安全事件/调查/与/处理/，/不/安全事件/举一反三/等/，/并/组织/对/纠正/预防措施/落实/的/跟踪/验证/，/持续/改进/部门/安全/管理工作/。/任职/要求/1/、/本科/及/以上学历/，/民航/相关/专业/优先/；/2/、/大学/英语/四级/及/以上/，/具备/一定/的/听/、/说/、/写/的/能力/；/3/、/具有/5/年/及/以上/民航/安全/质量/管理/经验/，/持有/民航/企事业/单位/安全/管理人员/培训/证书/或/质量/管理/证书/优先/；/4/、/具有/民航/运行/控制/、/货运/地面/保障/、/载重/平衡/、/货物/安检/等/方面/的/工作/经历/或/具备/相关/岗位/的/技术/专业知识/优先/；/5/、/责任心/强/，/有/较/强/的/系统性/思维/和/综合/分析/能力/；/6/、/熟练/运用/OFFICE/等/办公/软件/。
78238,申通快递,岗位职责/：/1/、/负责/公司/的/员工/食堂/、/宿舍/管理/；/2/、/负责/后勤/的/物耗/管理/（/含/公司/生产类/设备/零件/管理/、/日常/运营/的/物耗/管理/等/）/；/3/、/负责/公司/办公/管理/、/会务/支持/、/外联/接待/、/活动/策划/等/工作/；/4/、/负责/落地/总公司/、/省/公司/交办/的/各项/工作/；/5/、/协助/上级/完成/其他/工作/推进/。/任职/要求/：/1/、/本科/及/以上学历/，/男女/不/限/；/2/、/工作/经验/：/涉及/行政/接待/，/要求/会/开车/，/有/1/年/以上/相关/行政/工作/经验/；/有/较/好/的/文字/功底/、/能够/熟练/使用/办公/软件/（/word/、/excel/、/PPT/）/；/3/、/有/食堂/、/宿舍/管理/经验/优先/；/4/、/其他/要求/：/①/具有/良好/的/职业道德/，/较强/的/沟通/协调/及/语言表达/能力/，/有/做事/耐心/、/责任心/；/②/有/团队/合作/精神/，/工作/踏实/、/细致/、/认真负责/；/③/具有/较强/的/执行力/以及/独立/解决问题/能力/；/④/工作/积极主动/、/乐观/向上/，/团结友爱/、/热爱/运动/。
11145,浙江凯乐士科技集团股份有限公司,工作/职责/:/1/、/合同/管理/：/销售/合同/的/草拟/、/组织/合同/评审/，/流程/申请/、/归类/、/建档/并/转交/行政/统一/保管/。/2/、/回款/管理/：/根据/年度/回款/目标/，/制定/月度/回款/计划/，/确保/回款/及时/推进/。/3/、/项目/投标/：/负责/标书/购买/、/商务/标书/制作/、/整合/排版/、/盖章/封装/，/协助/销售/投标/。/4/、/业务流程/操作/：/负责/ERP/、/致远/等/系统/的/业务流程/相关/操作/、/开票/申请/等/。/5/、/运营/管理/：/建立/业务/的/仪表盘/，/跟进/销售/人员/达成/情况/，/完成/每周/销售/周报/统计分析/。/建立/运营/管理/的/仪表盘/，/每月/完成/经营/管理/报表/。/6/、/渠道/管理/：/负责/渠道/的/日常/管理/、/推动/渠道/积分/管理/政策/落地/等/事宜/。/7/、/完成/上级领导/交办/的/其他/工作/任务/。/任职/资格/:/专业知识/：/1/、/熟悉/所/销售/产品/的/专业知识/；/2/、/熟悉/市场营销/与/商务/管理/方面/的/知识/和/技巧/；/3/、/熟悉/财务管理/相关/的/基础知识/。/专业技能/：/1/、/熟悉/ERP使用/；/2/、/熟悉/标书/制作/流程/；/3/、/熟悉/业务管理/流程/；/4/、/熟悉/office/等/办公/软件/。/能力/素质/：/1/、/具有/较强/沟通/协调/能力/和/应变能力/；/2/、/具有/较强/的/专业/素养/；/3/、/强烈/的/责任感/，/做事/细心/；/4/、/具有/优秀/的/文案/编写/能力/。
47526,青岛啤酒股份有限公司,一/、/工作/职责/：/收集/区域/内/有关/市场/信息/；/对/区域/内/市场/进行/分析/和/评估/；/对/区域/内/终端/进行/持续/有/规律/的/拜访/；/对/生动化/展示/和/库存/管理/；/经销商/管理/；/促销/活动/的/执行/和/监控/；/二/、/任职/要求/：/1/、/大专/及/以上学历/，/市场营销/或/相关/专业/毕业/优先/，/20/-/28/周岁/，/身体健康/、/有/快速/消费品/销售/经验者/优先/考虑/。/2/、/踏实/敬业/、/吃苦耐劳/、/善于/开拓/、/服从/管理/、/团队/合作/、/客户/导向/、/理解能力/强/。/3/、/待遇/保障/：/无/责任/底薪/+/补贴/+/奖金/（/上/不/封顶/）/五险/一金/旺季/双薪/年终奖金/带薪休假/工龄/津贴/（/1200/元///年/）/每年/至少/一次/旅游/每年/1/-/2/次/调薪/高温/补贴/取暖/补贴/劳保/补贴/个性化/福利
14402,上海巴克斯酒业有限公司,岗位职责/：/1/、/完善/生产/过程/质量/控制/流程/，/监控/产/线质量/，/确保/工艺/达标/、/过程/受控/及/产品/合规/。/2/、/维护/质量/管理体系/，/保障/产品质量/与/客户/满意/。/3/、/开展/过程/巡查/与/关键/控制点/验证/，/识别/质量/隐患/，/推动/改进/。/4/、/组织/质量/培训/与/技能/考核/，/提升/员工/质量/意识/和/技能/。/5/、/分析/制程/能力/与/质量/成本/，/推动/专项/改善/，/预防/质量/问题/。/6/、/进行/团队/评估/与/员工/辅导/，/控制/关键/人员/流失/。/7/、/落实/安全/生产/，/自查/隐患/，/防范/安全事故/。/8/、/参与/绩效/管理/，/推行/节约/，/提高/岗位/绩效/。/9/、/监督/不良/品/返工/，/审批/与/跟踪/不合格品/处理/。/10/、/推动/质量/改善/活动/，/从/识别/、/跟进/到/结果/输出/与/标准化/。/11/、/推行/GMP管理/，/实施/日常/检查/与/持续/改进/。/任职/要求/：/1/、/学历/：/全日制/大专/及/以上/，/食品科学/相关/专业/。/2/、/经验/：/5/年/以上/食品行业/经验/，/其中/2/年/同类/岗位/经历/。/3/、/证书/：/持有/食品/检验员/、/内审员/证书者/优先/。/4/、/技能/：/熟悉/食品/原料/、/化学/与/仪器/分析/知识/；/掌握/质量/管理/理论/与/方法/；/具备/数据分析/、/总结/汇报/能力/；/学习/、/沟通/与/团队/协作/能力/强/。/5/、/素质/：/责任心/强/，/细致/严谨/，/具备/组织/、/应变/、/抗压/及/内外/协调/能力/。/（/macrodatas/./cn/）/（/来/自/马/克/数/据/网/）
91593,金徽酒兰州销售有限公司,岗位职责/：/（/1/）/负责/辖区/销售/活动/的/策划/和/执行/，/完成/销售/任务/。/（/2/）/负责/终端/零售店/客户/拜访/，/维护/客情/关系/。/（/3/）/负责/辖区/市场/信息/的/收集/及/竞品/的/分析/。/任职/要求/：/（/1/）/35/周岁/以下/，/高中/及/以上学历/；/（/2/）/对/销售/事业/充满热情/，/具有/很强/的/执行/能力/和/业务/开拓/能力/；/（/3/）/具备/较强/语言表达/能力/和/沟通/协调/能力/；/（/4/）/有快/消品/销售/经验者/优先
64549,浙江李子园食品股份有限公司,工作/内容/：/1/、/客户/开拓/与/开发/：/①/负责/通过/多种/渠道/，/挖掘/全脂/乳粉/、/脱脂乳/粉/、/稀/奶油/、/浓缩/乳/、/奶酪/等/大宗/乳制品/的/客户资源/，/拓展/相关/乳制品/供应链/的/全国/业务/。/②/制定/客户/开发计划/，/主动/拜访/潜在/客户/，/介绍/公司/产品///服务/优势/，/建立/合作意向/。/2/、/销售/谈判/与/签约/：/①/与/客户/进行/商务谈判/，/明确/合作/细节/、/价格/条款/、/服务/内容/等/，/确保/达成/双方/满意/的/合作/协议/。/②/负责/销售/合同/的/起草/、/签订/及/管理工作/，/确保/合同/合规/有效/执行/。/3/、/客户关系/维护/与/管理/：/①/建立健全/客户档案/，/定期/回访/客户/，/了解/客户/需求/和/意见/，/及时/解决/客户/问题/，/提升/客户/满意度/和/忠诚度/。/②/定期/与/客户/进行/业务/沟通/和/技术/交流/，/促进/客户/二次开发/和/长期/合作/。/4/、/市场调研/与/分析/：/①/关注/行业动态/和/竞争对手/信息/，/收集/、/整理/市场/数据/，/分析/市场趋势/和/客户/需求/变化/，/为/公司/产品/研发/、/市场策略/制定/提供/参考/依据/。/②/及时/向/公司/反馈/市场/信息/和/客户/需求/，/提出/针对性/的/市场推广/和/销售策略/建议/。/5/、/销售/目标/达成/与/管理/：/①/严格/按照/公司/制定/的/销售/目标/和/工作/计划/，/积极开展/销售/工作/，/确保/完成/销售/任务/。/②/定期/对/销售/业绩/进行/自我/评估/和/分析/，/总结/经验教训/，/制定/改进/措施/，/不断/提升/销售/能力/和/业绩/水平/。/任职/要求/：/1/、/基本/要求/：/①/大专/及/以上学历/，/市场营销/、/工商管理/、/国际贸易/等/相关/专业/优先/。/②/具有/5/年/以上/全脂/乳粉/、/脱脂乳/粉/、/稀/奶油/、/浓缩/乳/、/奶酪/等/大宗/乳制品/供应链/销售/经验/。/③/具备/较强/的/沟通/能力/、/谈判/能力/和/客户关系/管理/能力/，/能够/有效/与/高层/管理人员/进行/沟通/和/交流/。/④/具有/较强/的/市场/开拓/能力/和/应变能力/，/能够/适应/市场/变化/和/工作/压力/。/⑤/具备/良好/的/职业道德/和/团队/合作/精神/，/能够/遵守/公司/的/各项/规章制度/和/销售/纪律/规定/。/2/、/技能/要求/：/①/能够/独立/完成/客户/开发/、/谈判/签约/和/客户/维护/等/工作/。/②/具备/一定/的/行业/知识/和/市场/分析/能力/。/③/熟练/使用/办公/软件/和/销售/管理系统/，/能够/及时/、/准确/地/完成/销售/数据/统计/和/分析/工作/。/④/有/驾照/，/执行力/强且/能够/接受/全国/范围/出差/。/招聘/人数/：/5/-/10/名/薪资/构成/：/底薪/+/提成/，/具体/面谈
42628,嘉士伯啤酒（广东）有限公司,工作/内容/：/1/./完成/取样/程序/和/上级/分派/的/各项/工作/，/将/不/合格/产品/在/生产/中/出现/的/可能性/降/至/最低/，/保证/出厂/产品/全部/合格/；/2/./按照/分析/操作规程/进行/每一项/的/分析/检验/工作/，/如实/、/清晰/地/记录/分析/检验/结果/；/3/./确定/出现/超标/或/不/合格/时要/立即/通知/生产/部门/当班/负责人/采取措施/，/制止/不合格品/的/继续/出现/，/并/对/已/生产/的/不合格品/进行/隔离/堆放/，/情况/得不到/改善/时要/马上/报告/；/4/./做好/交接班/工作/，/交班/人须/将/本班/未/完成/的/工作/或/发现/的/问题/向/接班人/进行/交接/；/5/./负责/本室/工作/过程/中/所/产生/废弃物/的/识别/和/处置/；/任职/要求/:/1/./大专/或/以上学历/，/主修/微生物/工程/、/化学分析/、/食品/分析/或/食品/工程/；/2/./有/2/年/以上/食品行业/品控/工作/经验/；/3/./对/酒精/不/过敏/，/能/进行/品酒/工作/；/4/./具有/基本/的/质量/管理/和/食品安全/知识/；/5/./具有/团队/合作/精神/和/良好/的/沟通/能力/；/6/./基本/的/电脑操作/技巧/；/7/./工作/积极主动/、/吃苦耐劳/，/适应/三班倒/。
6472,四川海特高新技术股份有限公司,工作/职责/:/1/、/根据/客户/，/OEM技术/资料/，/和/其他/批准/的/技术/资料/进行/机轮/维修/。/2/、/负责/科室/日常/维护/工作/3/、/阅读/理解/工卡/内容/。/4/、/参与/机轮/刹车/组装/、/清洗/、/磨损/、/缺损/、/异常/状况/的/检查/。/5/、/使用/合适/的/工具/进行/部件/的/调整/、/维修/和/替换/。/6/、/领导/交代/的/其他/事宜/任职/资格/:/2/年/以下/工作/经验
6476,四川海特高新技术股份有限公司,【/工作/内容/】/-/负责/餐厅/日常/炒菜/工作/，/确保/菜品/质量/与/口味/符合标准/；/-/根据/菜单/要求/准备/食材/并/进行/合理/搭配/，/保证/出餐/效率/；/-/保持/厨房/环境卫生/，/遵守/食品安全/规范/；/-/配合/团队/完成/餐饮/服务/工作/，/提升/顾客/用餐/体验/。/【/任职/要求/】/-/具备/5/年/及/以上/炒锅/工作/经验/，/有/相关/餐饮行业/背景/优先/；/-/持有/高中/及/以上学历/，/具备/基本/文化/素养/；/-/年龄/在/30/至/48/岁/之间/，/身体健康/，/责任心/强/；/-/熟悉/各类/中式/菜肴/的/烹饪/技巧/，/能/独立/完成/复杂/菜品/制作/；/-/具有/良好/的/沟通/能力/和/团队/协作/精神/，/适应/高强度/工作/节奏/。
27996,广州航新航空科技股份有限公司,岗位职责/：/1/、/负责/民航/部件/的/维修/能力/开发/任务/，/包括/CAAC/、/FAA/和/EASA能力/开发/，/以/满足/市场/与/生产/的/需求/。/2/、/负责/民航/部件/维修/的/技术/支援/，/对/维修/过程/中/涉及/的/技术/问题/，/提供/技术/方案/，/以/满足/生产/的/需求/。/3/、/负责/民航/部件/维修/工作文件/的/编制/和/校对/，/包括/工作/单卡/、/工装///设备/等效/文件/、/耗材/的/等效/文件/等/。/4/、/工装/的/设计/，/以/满足/部件/维修/能力/开发/的/需求/。/5/、/超/手册/修理/的/深度/开发/，/包括/修理/方案/的/设计/以及/文件/的/编写/。/6/、/领导/安排/的/其他/任务/。/任职/要求/：/1.02/本科/以上学历/。/2.02/机械/或/电气/相关/专业/。/3/./1/年/以上/航空器/或/部件/工程/经验/。/4/./民航/英语/4/级/人员/优先/。/有/机械设计/能力/和/机械制图/能力/的/人员/优先/。/5/./有/认真负责/的/工作/态度/，/做事/细致/有/耐心/，/愿意/服从/工作/安排/。
28002,上海航新航宇机械技术有限公司,岗位职责/：/1/、/从事/航空/产品设计/和/民航/机械/部件/技术开发/。/2/、/协调/机加/车间/进行/工艺/方案/的/策划/和/实施/。/任职/要求/:/1/、/本科/以上学历/，/流体/控制/、/机械设计/等/相关/专业/。/2/、/3/年/以上/机械设计/经验/，/独立/完成/过/工装/、/设备/或/航空/产品/全过程/开发/，/熟练/使用/CAD/\/CAXA/\/SOLIDWORK/，/熟悉/相关/有限元/分析/软件/。/3/、/熟悉/航空/机械设计/相关/的/国家标准/和/行业标准/。/4/、/英语/四级/以上/，/能/熟练/读写/。/5/、/熟悉/CCAR/-/21/部/设计/批准/相关/程序/和/CCAR/-/25/部等/标准/、/有/CAAC委任/代表/相关/培训/资质/优先/。/（/更/多/数据/，/详见/马克/数据网/）
28003,广州斯达尔科技有限公司,职位/描述/：/1/、/负责/公司/产品/的/系统/设计/，/包括/产品/需求/管理/、/系统/架构设计/、/项目/策划/、/组织/项目组/开展/方案/论证/和/设计/，/并/按/质量/管理体系/要求/组织/推进/项目/工作/；/2/、/负责/用户/需求/调研/和/沟通/，/指定/系统/需求/或/研制/要求/等/系统/需求/文档/，/为/设计/提供/有效/输入/；/3/、/负责/系统/总体方案/设计/，/按/质量/管理体系/流程/推进/产品/的/研制/工作/，/组织/解决/项目/各/阶段/的/技术/问题/，/负责/产品/的/总体性/文件/编制/；/4/、/负责/产品/研制/、/加工/中/的/工艺/设计/及/相关/特性/要求/设计/；/5/、/参与/通用/技术/平台/开发/，/推进/技术规范/的/体系/建设/。/任职/要求/：/1/、/电子/、/电气/、/自动化/、/测控/或/其他/相关/专业本科/或/以上学历/；/2/、/具备/优秀/的/沟通/表达/和/协调/能力/；/3/、/具备/良好/的/学习/能力/，/能够/承担/一定/的/工作/压力/；/4/、/有/通信/、/测控/、/航空/类产品/研发/经验者/优先/；/5/、/具备/系统/设计/“/六性/”/或/工艺/设计/经验者/优先/。
61657,江苏科速博新能源发展有限公司,"主要职责/：/一/、/完成/生产/计划/管理/。/1/./制定/生产/计划/1.1/-/根据/销售/订单/，/协助/指定/项目/生产/计划/及/日别/计划/；/1.2/-/将/订单/转化/为/生产/PR/,/协调/订单/评审/及交期/跟进/；/1.3/-/通过/系统/（/如/SAP/,/ERP/）/分解/订单/需求/，/生成/自制/件/和/外购/件/计划/；/2/./生产/进度/跟进/1.1/-/监控/生产/执行/情况/，/及时/调整计划/以/适应/异常/（/如/物料/延迟/，/设备/故障/等/）/；/1.2/-/统计分析/产能/数据/，/优化/排程/逻辑/；/二/、/物料/控制/与/采购/协调/1/./物料/需求/分析/1.1/-/根据/生产/计划/分解/物料/需求/，/计划/采购量/；/1.2/-/结合/库存/数据/，/生成/物料/申购/计划/并/提交/采购/部门/；/2/，/采购/进度/跟进/2.1/-/监控/物料/到货/时间/，/跟进/异常/物料/的/退货///补货/流程/；/2.2/-/协调/采购部/处理/交期/延迟/问题/，/确保/物料/供应/与/生产/节奏/匹配/；/三/、/库存/管理/1/./实时/库存/监控/1.1/-/定期/参与/盘点/库存/，/确保/账实/一致/；/1.2/-/分析/库存/数据/，/识别/呆滞/物料/并提/报/处理/建议/；/2/./优化/库存/结构/1.1/-/推动/可用/库存/消耗/（/如像/设计部/提供/库存/子件/信息/）/；/1.2/-/制定/安全/库存/标准/，/降低库存/积压/风险/；/四/、/异常/处理/与/跨部门/协作/1/./异常/相应/1.1/-/解决/生产/及/物料/的/突发/问题/（/如/订单/变更/，/物料/短缺/）/；/1.2/-/对/异常/物料/需在/3/个/工作日内/明确/处理/方案/；/2/./职能/协作/2.1/-/与/采购/，/仓储/，/生产/部门/联动/，/确保/信息/透明/及/物流/顺畅/；/2.2/-/协助/财务报表/盘点/与/订单/损溢/核算/-/具备/数据分析/和/处理/能力/，/能够/对/生产/计划/数据/进行/分析/和/优化/。/-/具备/团队/合作/精神/，/能够/协助/其他/部门/或/团队/完成/任务"
62864,广东好太太科技集团股份有限公司,岗位职责/:/根据/公司/财务管理/和/成本/控制/的/需求/，/通过/审核/采购/付款/申请/、/银行/承兑/资料/、/成本/数据/和/物料/价格/，/以及/完成/对账/、/发票/处理/和/成本/分析/等/工作/，/达到/提升/采购/效率/和/降低成本/，/保障/公司/成本/财务/准确性/和/合规性/。/任职/资格/:/1.1/年/以上/成本会计/工作/经验/，/2/./掌握/对账/基本/技巧/3/./掌握/会计/基础知识/4/./熟悉/使用/办公/软件/5/./熟悉/SAP系统/优先
804,中集运载科技有限公司,职责/描述/:/1/、/负责/法律/合规/相关/要求/在/公司/的/落地/执行/；/2/、/负责/非诉/业务/&/amp/;/诉讼/业务管理/和/应对/；/3/、/负责/合同/管理/相关/工作/，/包括/机制/建设/、/合同/履行/监督/、/合同/档案管理/等/工作/；/4/、/负责/外聘/律/所/的/对接/与/管理/。/任职/要求/:/1/、/法学专业/本科/及/以上学历/，/5/年/以上/工作/经验/，/英语/读写/沟通/熟练/流利/；/2/、/具有/法律/职业/资格证/或/境外/律师/职业/资格证/；/3/、/具有/清晰/的/逻辑思维/能力/，/良好/的/分析判断/、/风险/识别/、/处置/解决/及/应变能力/4/、/具有/良好/的/沟通/协调/和/团队/协作/能力/。/来源/：/百度/搜索/马克/数据网
73374,湖南惠同新材料股份有限公司,工作/内容/：/属于/车间/操作员/，/主要/负责/生产/操作/、/记录/、/设备/基础/清洁/等/方面/的/工作/。/计件/岗/，/*/*/*/，/根据/工作/任务/安排/休息/。/（/每天/工作/时间/8/:/00/-/20/:/00/）/岗位/要求/：/1/、/视力/在/1.0/以上/；/无/不良嗜好/，/遵纪守法/；/有/制造业/工作/经验者/或/纺织厂/工作/经验者/优先/。/相关/待遇/：/1/、/*/*/*/，/法定/节假日/休息/，/综合/工资待遇/每月/4000/-/7000/元/。/2/、/公司/包住/包/工作餐/，/电费/自己/承担/（/宿舍/为/2/-/3/人间/，/有/热水器/、/空调/、/洗衣机/、/电视/及/网络/）/；/3/、/入职/即/购买/五险/。/4/、/具有/较/好/的/上升/空间/。/晋升/空间/：/普工/—/骨干/—/班长/—/工段长/—/车间/主管/，/90%/的/基层/管理/岗位/都/从/企业/内部/员工/提拔/。/实施/能者/上/、/平者/让/、/庸者/下/”/的/晋升/体制/。/5/、/开门红/包/、/传统节日/福利/、/年终/奖励/及/每周/有/长沙/到/益阳/的/免费/通勤/班车/。/6/、/公司/内有/”/乒乓球/、/羽毛球/、/跑步机/“/和/专业/篮球场/。/7/、/每个/工作日/上午/十点/、/下午/三点/门卫室/填表/安排/面试/。/公司地址/：/长沙市/岳麓区/麓/松路/489/号/（/麓/谷/高新区/内/，/湖南省/医疗器械/园旁/）/工作/地点/：/湖南/长沙/麓/谷/高新区/麓/松路/489/号
832,中集新型环保材料股份有限公司,工作/要求/：/1/、/本科/及/以上学历/，/高分子/或/化学/相关/专业/；/2/、/有/良好/的/专业知识/与/专业技能/；/3/、/善于/总结/、/思维/敏捷/、/具备/良好/的/应变能力/和/抗压/能力/；/4/、/吃苦耐劳/，/动手/能力/强/，/能/熟练/操作/双螺杆/，/单螺杆/等/试验设备/，/具有/相关/职称者/优先/；/5/、/学习/能力/强/，/脚踏实地/，/愿意/从/一线/岗位/做起/；/6/、/会/开车/。/工作/内容/：/1/、/负责/PC/、/PP/、/ABS/、/PC///ABS/等/改性/料及/再生/料/的/研发/，/对/产品开发/可/改进/的/全过程/进行/有效/管理/和/控制/，/对/产品/的/配方/、/工艺/、/性能/等/技术/资料/进行/记录/、/总结/、/归档/，/并/按/公司/规定/执行/相关/的/保密工作/；/2/、/按照/公司/及/部门/的/规章制度/和/操作/规范/从事/塑料/改性/新/产品开发/工作/，/包括/制定/配方/、/生产工艺/、/产品/性能指标/及/检验/标准/等/；/3/、/按/公司/要求/对/现有/产品/进行/持续/改进/，/降低成本/，/提高/生产/效率/，/提升/产品品质/；/4/、/开发新/的/系列产品/；/5/、/参与/公司/及/部门/各项/塑料/技术/活动/，/解决/客户/投诉/中/出现/的/质量/技术/问题/。/更/多/数据/：/www/./macrodatas/./cn
88145,安徽开乐专用车辆股份有限公司,专用车/设计/工程师/、/液压/设计师/、/电气/设计师/工资待遇/：/工资/：/4500/起/，/五险/一金/，/带薪/年/假/。/任职/要求/：/本科/及/以上学历/，/学士学位/，/机械设计/、/车辆/工程/等/机械/相关/专业/，/会/二维/及/三维/软件/。/岗位职责/：/1/./负责/日常/合同/车辆/的/派/工单/、/图纸/、/变更/单/的/编制/。/2/./负责/设计/车辆/的/设计方案/，/核查/产品设计/的/客观性/、/经济性/、/准确性/和/可行性/，/编制/产品/的/说明书/、/设计/计算/书/、/设计/任务书/。/3/./负责/设计/车辆/的/使用/情况/、/售后/跟进/、/解决/生产/现场/出现/问题/工作/。/4/./协助/营销/管理部/完成/合同/报价/，/提供/设计方案/参与/竞标/。/晋升/路径/1/./设计员/-/设计/工程师/-/设计/高级/工程师/2/./设计员/-/设计/室主任/-/技术/工程部/正///副/部长/-/技术/副/总经理/3/./设计员/-/业务经理/-/营销部/正///副/部长/-/营销/副/总经理/4/./设计员/-/调度员/-/车间主任/-/制造部///副/部长/-/生产/副/总经理/职位/福利/：/五险/一金/、/全勤奖/、/提供/住宿/、/餐补/、/带薪/年/假/、/节日/福利
62636,江苏新日电动车股份有限公司,岗位职责/：/1/、/负责/冲压/钣金件/零部件/的/设计/、/开发/；/2/、/能/独立/完成/汽车/钣/金/结构设计/对接/模具厂/分析/工序/，/风险/方案/、/产品/成形/分析/；/3/、/懂/模具/结构/，/产品/艺/可行性/分析/，/工序/、/工艺/分解/；/4/、/钣金件/标准化/、/通用化/、/平台化/建设/的/样品/收集/和/文件/起草/；/要求/：/1/、/大专/以上学历/，/机械/相关/专业/；/3/年/以上/冲压/钣/金/的/工作/经验/；/2/、/汽车行业/、/两轮/车/行业/等/优先/考虑/；/熟悉/模具/相关/工艺/；/3/、/沟通/协调/能力/较/好/，/具备/一定/的/主动性/，/能/独立/解决问题/；
56536,奥赛能涡轮增压系统（重庆）有限公司,"Mission/Statement/:/Assure/the/quality/of/the/products/and/the/production/processes/./Assist/achieve/section/annual/quality/objective/./控制/产品/和/生产流程/的/质量/，/协助/完成/本/部门/年度/质量/目标/。/Main/Accountabilities/1/./Participate/in/quality/inspection/and/quality/control/of/full/manufacturing/process/./参与/公司/产品/从/原材料/，/外购/产品/入库/检验/，/零件/加工/、/装配/到/产品/出厂/全过程/的/质量检验/和/控制/工作/。/2/./Prepare/quality/control/plans/,/inspect/work/instructions/,/and/plan/the/inspection/of/products/./编制/产品质量/控制/计划/，/检验/作业/指导书/，/策划/产品/的/检验/和/控制/。/3/./Lead/the/analysis/of/quality/problems/from/the/factory/to/the/customer/,/promote/problem/solving/and/prevent/recurrence/./主导/分析/产品/从入/厂/到/客户/过程/中/的/质量/问题/，/推动/问题/解决/和/预防/再次发生/。/4/./Carry/out/risk/identification/,/evaluation/and/control/of/the/existing/production/process/control/process/,/and/continuously/improve/the/level/of/process/control/./对/现有/的/生产/过程/控制/流程/进行/风险/识别/、/评估/和/控制/，/持续/提升/过程/控制/水平/。/5/./Take/the/lead/in/dealing/with/the/quality/of/customer/feedback/./牵头/处理/客户/反馈/的/质量/问题/。/6/./Establish/and/improve/the/quality/control/mode/of/the/production/process/,/reduce/the/quality/cost/and/improve/the/efficiency/./建立/与/完善/生产/过程/的/质量/管控/模式/，/降低/质量/成本/，/提高效率/。/7/./Participate/in/quality/control/activities/in/new/product/development/projects/,/such/as/quality/control/activities/in/the/review/and/trial/production/stages/./参与/新/产品开发/项目/中/的/质量/控制/活动/，/如/评审/、/试生产/阶段/质量/控制/活动/。/8/./Lead/quality/data/management/and/analysis/,/the/development/of/quality/culture/activities/./牵头/质量/数据管理/、/分析/及/质量/文化/活动/的/开展/。/9/./Other/matters/arranged/by/the/leader/./领导/安排/的/其他/事宜/。/Knowledge/,/Skill/and/Experience/1/./Bachelor/degree/or/above/,/Mechanical/,/electronics/or/Nuclear/Engineering/-/related/major/./本科/及/以上学历/，/机械/、/电子/、/核工程/相关/专业/。/2/./Familiar/with/turbocharger/products/is/preferred/,/Experience/in/the/automotive/industry/is/recommended/./熟悉/涡轮/增压器/产品/优先/，/推荐/汽车行业/相关/经验/。/3/./Familiar/with/ISO9001///IATF16949/and/other/related/system/documents/./熟悉/ISO9001///IATF16949/等/相关/体系/文件/。/4/./Diligence/and/honesty/as/well/as/excellent/communication/skills/and/organizational/skills/./勤奋/、/诚实/以及/优秀/的/沟通/技巧/和/组织协调/能力/。/5/./Be/responsible/,/proactive/and/team/in/your/work/and/practice/the/company/culture/./在/工作/中有/责任心/、/主动性/、/团队精神/和/践行/公司/文化/。/6/./Demonstrated/ability/to/identify/and/solve/problems/./具备/发现/和/解决问题/的/能力/。/7/./Ability/to/work/under/pressure/./能/在/压力/下/工作/。/8/./Above/CET/-/4/level/in/English/./英语/CET4级/以上/。/9/./Exceptional/candidates/may/be/admitted/under/special/circumstances/./条件/优秀/可/适当/放宽/条件/。"
51422,中国航发贵州黎阳航空动力有限公司,一/、/专业/需求/工业/工程/等/相关/专业/。/二/、/职位/描述/1/./根据/总/生产/计划/、/库存/及/产能/制定/月度///周度/生产/计划/，/确保/产品/按时/交付/；/2/./协调/人力/、/设备/、/物料/资源/，/优化/生产/排程/，/提高/设备/利用率/；/3/./监控/生产/进度/，/处理/异常情况/并/调整计划/；/4/./运用/现代/工程技术/和/方法/进行/生产/系统/的/规划/、/设计/、/分析/和/改进/。/5/./完成/上级/交办/的/其他/工作/。
55738,安徽中车浦镇城轨交通运维科技有限公司,任职/要求/：/1/./电气类/专业/（/嵌入式/方向/）/。/2/./统招/全日制/公办/本科/及/以上学历/。/其中/，/双/一流/院校/或/铁路/院校/优先/考虑/。/3/./具备/3/年/及/以上/嵌入式/系统/设计/开发/工作/经验/。/业务/要求/：/熟悉/工控机/、/交换机/等/工控/产品/；/熟悉/并/掌握/工控/软件/的/开发/与/设计/；/熟悉/一种/或/多种/嵌入式/开发/语言/，/例如/C///C++/、/Python/、/C#/等/；/熟悉/工控/系统/的/架构/、/组成/及/特征/，/了解/工控/协议/；/掌握/一定/的/电气/理论知识/和/编写/电气/相关/技术/资料/的/能力
42601,上海铁林投资控股有限责任公司,职责/描述/：/1/、/负责/审核/各类/报销/票据/及/发票/，/并/保证/票据/的/真实性/；/2/、/负责/银行/账户/管理/、/资金/收付/结算/；/3/、/负责/日常/会计核算/工作/，/编制/凭证/，/整理/、/装订/凭证/，/保证/会计/资料完整/、/安全/；/4/、/负责/月/结及/年结/工作/，/出具/财务报表/，/汇算/清缴/等/；/5/、/每月/进行/纳税/申报/、/开具/发票/、/认证/发票/等/税务/相关/事项/；/6/、/负责/与/银行/、/税务/、/工商/、/审计/等/部门/的/对外/联络/及/业务/办理/；/7/、/参与/股权/项目/财务/尽调/、/撰写/财务/尽调/报告/；/8/、/完成/领导/交办/的/其他/工作/。/任职/要求/：/1/、/本科/及/以上学历/，/会计/或/金融/相关/专业/优先/，/有/CPA/及/财务/尽调/经验/优先/；/2/、/1/年/以上/财务/工作/经验/，/熟悉/会计准则/及/相关/法律法规/；/3/、/熟练/运用/office/办公/软件/，/有/使用/财务软件/的/经验/，/金蝶/经验/优先/；/4/、/能够/独立/处理/复杂/的/事务/，/学习/能力/突出/，/责任心/强/，/擅于/沟通/、/积极主动/、/团队/协作/意识/强/。/（/此/岗位/后期/转型/之/公司/资管/、/供应链/业务/（/非销售/）/，/建议者/谨慎/投递/）/微信/公众/号/马克/数据网
42600,上海铁林投资控股有限责任公司,岗位职责/：/1/./配合/承接/集团公司/战略规划/、/对拟/开展业务/的/对应/国家/政策/、/市场/和/行业/进行/分析/调研/，/为/项目/模型/的/建立/提出/建议///意见/；/2/./根据/集团/战略/发展/方向/研究/制定/公司/业务/的/创新/模型/，/负责/产品开发/及/项目/落地/；/3/./全面/风险/管理工作/，/配合/支持/业务/进行/投前/尽职/调查/、/出具/产品/方案/、/风控/方案/，/具有/一定/推动/产品/落地/能力/；/4/./负责/已/投/项目/的/投后/管理/、/风险/监控/、/业务/档案管理/等/；/5/./负责/公司/各/业务/条线/（/含/子公司/）/经营/分析/，/组织/落实/相应/业务/考核/及/年度/经营/进度/;/6/./公司/投资/中心/、/资产/管理中心/及/供应链/中心/业务/赋能/融合/工作/；/7/./协同/配合/相关/国资委/审计/监管/等/相关/工作/；/8/./根据/公司/要求/完成/安排/的/其他/工作/；/任职/要求/：/1/./有/较/强/的/抗压/能力/、/具有/较强/的/风险/识别/及/研判/能力/、/业务/逻辑/清晰/、/有/一定/的/项目/落地/经验/；/2/./金融/、/供应链/、/新能源/相关/行业/1/年/以上/相关/运营/经验/；/熟悉/资本/市场/金融工具/，/熟悉/股权/、/债权/投资/逻辑/、/包括/不/限于/一级/市场/、/二级/市场/、/资产/管理/、/供应链/（/大宗/农贸/）/落地/等/经验者/优先/；/3/./对行/金融/行业/监管/有/一定/的/了解/；/金融/财务/风控/法务/相关/背景/优先/，/大学本科/及/以上学历/；/4/./情商/高/，/有/一定/的/抗压性/。
50459,上海久光百货有限公司,职责/描述/：/1/./全面/负责/所在/楼层/及/品类/商品/的/整体/运营/管理工作/；/2/./根据/商场/年度/运营/目标/，/组织/所在/楼层/完成/公司/下达/的/各项/经营/指标/；/3/./根据/所/负责/的/楼层/及/品类/进行/全方位/的/市场/调查/，/预测/市场/发展趋势/，/针对/市场/变化/和/需要/，/为/合理/挑选/供应商/提出/建议/；/4/./根据/集团/整体/发展/战略/，/对/所/负责/楼层/及/品类/的/招商/整体/战略/及/计划/提出/建议/，/并/参与/实施/；/5/./负责/营运/管理/中/，/商户/组合/动态/调整/，/维护/与/供应商/长期/良好/的/合作/关系/，/保持/集团/品牌形象/；/6/./组织/对/竞争对手/的/调查/和/顾客/消费行为/的/调查/，/制订/所/负责/楼层/的/应对/措施/和/调整/方案/；/7/./熟悉/商铺/品牌/及/租赁/管理/，/建立/并/维护/良好/的/供应商/及/租户/关系/，/进行/商场/的/市场/定位/及/品牌/组合/方案/的/策略/，/合理/规划/商场/整体/布局/；/8/./负责/所在/楼层/的/人员/管理/及/培训/，/提高/团队/凝聚力/；/9/./解决/所在/楼层/内较/严重/的/顾客/投拆/，/确保/提供/良好/的/顾客/服务/体验/；/10/./负责/监管/所在/楼层/的/营运/安全/，/保证/设施/设备/正常/运行/，/保安/保洁/，/使/内外部/的/整体/环境/处于/良好/的/营运/状态/；/11/./与/当地政府/、/相应/职能部门/建立/良好/关系/，/确保/商场/营运/工作/有序/推进/；/12/./完成/上级领导/下达/的/其他/工作/。/任职/要求/：/1/./年龄/30/岁/至/45/岁/，/工商管理/、/市场营销/、/财务管理/等/相关/专业本科/或/以上学历/；/2/./具有/五年/及/以上/百货/零售/企业/管理工作/经验/，/具有/三年/及/以上/大型/百货/零售/运营/管理工作/经验/；/3/./熟悉/百货/零售/全面/业务流程/，/在/团队/管理/方面/有/较/强/的/领导/技巧/和/才能/；/4/./具有/较强/的/经营/管理/理念/以及/实施/能力/；/5/./具有/敏锐/的/市场/洞察力/和/商务谈判/能力/；/6/./具有/优秀/的/项目管理/能力/，/严谨/的/组织/策划/能力/；/7/./品行端正/、/稳重/大方/、/具有/良好/的/职业/操守/。
54675,正大青春宝药业有限公司,工作/职责/：/1/./负责/公司/产品/在/上海地区/的/开发/和/推广/，/并/达成/相应/的/绩效/目标/；/2/./负责/目标/区域/内/市场/和/客户/管理/，/宣传/公司/品牌/；/3/./完成/公司/规定/的/各类/销售/报表/。/岗位/要求/：/1/./大专/以上学历/，/医学/、/药学/或/相关/专业/毕业/；/2/./热爱/销售/工作/，/勤奋/踏实/，/能/承受/工作/压力/；/3/./较强/的/沟通/和/协调/能力/，/有/团队精神/；/4/./在/当地/有/较/好/的/客户资源者/优先/。
44077,上海雷允上药业西区有限公司,岗位职责/1/、/根据/病人/情况/，/制定/详细/的/治疗/方案/；/2/、/耐心/、/清楚/地向/病人/解释/病情/及/治疗/方案/，/保证/病人/充分/理解/和/同意/；/3/、/根据/公司/要求/，/规范/、/详细/书写/病历/和/处方/，/完善/病历/档案/；/4/、/指导/护士/进行/相关/的/检查/及/治疗/，/并/培训/护士/口腔/护理/技能/；/5/、/认真执行/各项/规章制度/和/技术/操作/常规/；/6/、/主动/学习/和/运用/国内外/先进/医学/科学技术/、/开展/新/技术/、/新疗法/，/协助/和/配合/完成/义诊/及/宣传/工作/；/7/、/规范/使用/口腔/设备/并/负责/设备/的/维护/；/8/、/完成/上级领导/交办/的/其他/工作/。/任职/资格/1/、/口腔/专业/统招/硕士/及/以上学历/，/有/规培/经历/优先/，/公立医院/工作/经验/优先/2/、/精通/口腔/临床/技能/操作/，/全科///早/矫///儿牙/方向/优先/3/、/有/《/医师/执业/证书/》/，/主治医生/资格/以上者/优先/4/、/擅长/病患/管理/，/具备/良好/的/沟通/能力/5/、/积极进取/、/有/工作/热情/，/具备/良好/的/职业/素养/和/形象
89860,上海和黄药业,1/、/根据/公司/推广/目标/和/策略/，/结合/所/辖/区域/的/市场/、/竞品/及/客户/情况/，/通过/专业/拜访/及/学术/研讨/活动/，/提供/专业/服务/，/传递/产品/信息/，/维护/公司/信誉/，/完成/所/辖/区域/的/业务/目标/；/2/、/分配/和/使用/区域/学术/资源/，/保证/资源/投入/的/合规/、/合理/和/有效/；/3/、/根据/公司/市场部/要求/及/区域/市场/计划/，/完成/区域/内/的/各项/市场推广/活动/；/4/、/收集/与/分析/区域/内/市场/信息/，/及时/、/准确/提交/各项/报表/；/任职/要求/：/1/、/专科/及/以上/，/医学/、/药学/相关/专业/；/2/、/工作/认真/，/责任心/强/，/勤奋/踏实/，/具备/务实精神/；/3/、/善于/沟通/，/能/承受/压力/且/具有/良好/的/市场/开拓/能力/。
89511,石家庄市庞大本兴汽车销售服务有限公司,【/岗位职责/】/作为/汽车/销售/顾问/，/您/将/负责/展示/并/推广/公司/的/新款/及/现有/车型/，/通过/有效/的/沟通/技巧/与/客户/创建/良好/关系/，/达成/购车/协议/，/并/提供/优质/售后服务/。/您/的/主要/任务/是/挖掘/潜在/市场/，/执行/销售策略/，/完成/月度/销售/目标/。/【/任职/要求/】/1/./拥有/良好/的/人际交往/能力/和/客户服务/意识/；/2/./至少/高中/及/以上学历/，/具备/一定/的/汽车行业/知识/或/接受/过/产品/培训/优先/；/3/./具备/至少/一年/以上/的/汽车/销售/经验/，/熟悉/销售/渠道/（/如面销/、/渠道/销售/）/者/优先/；/4/./如/持有/驾驶执照/，/能/适应/外勤/工作/以及/偶尔/出差/的/需求/。/【/福利待遇/】/1/./提供/具有/竞争力/的/薪酬/体系/，/可/根据/业绩/实行/提成/制度/；/2/./薪资/结构/含/基本工资/+/丰厚/绩效奖金/；/3/./完善/的/职业/发展/路径/和/晋升/机会/；/4/./公司/提供/全面/的/产品/知识/培训/和/支持系统/；/5/./入职/缴纳/五险/一金/，/单休/，/伙食/补贴/。/来自/马克/数据网
48345,福耀玻璃（苏州）有限公司,工作/职责/：/1/、/负责/设计/视觉/系统/与/机械/结构/的/集成/方案/；/2/、/负责/完成/相机/选型/、/光源/优化/等/硬件/适配/工作/，/算法/工程化/落地/；/3/、/负责/视觉/算法/移植/到/嵌入式/平台/（/如/FPGA/、/多核/MPU/）/，/满足/实时性/要求/；/4/、/负责/开发/视觉/检测/系统/的/调试/工具/，/支持/产线/快速/部署/与/故障诊断/；/5/、/负责/方案/测试/，/完成/流程/优化/、/查找/漏洞/、/修复/BUG/、/小批量/测试/；/6/、/负责/对接/UI界面/开发/与/软件开发/工作/。/岗位/要求/：/1/、/本科/及/以上学历/，/计算机///自动化///机械/电子/专业/优先/；/2/、/3/年/以上/非标/行业/视觉/算法/经验/、/设备/自动化/经验/；/3/、/精通/C++///Python/，/熟悉/Halcon///OpenCV/等/工具/库/，/熟悉/PyTorch///TensorFlow/框架/；/4/、/具备/良好/的/沟通/解决/工装/及/设备/自动化/问题/的/能力/。
75782,北新防水有限公司,岗位职责/：/1/./民建/业务/销售策略/、/销售/政策/、/销售/计划/和/进行/销售/预测/；/2/./拓展/零售/渠道/、/网点/开发/、/品牌/宣传/、/专业/会议/等/，/完成/既定目标/；/3/./控制/销售/预算/、/销售费用/、/销售/范围/与/销售/目标/的/平衡/发展/；/4/./收集/各种/市场/信息/，/并/及时/反馈/给/上级/与/其他/有关/部门/；/职位/要求/：/1/、/大专/以上学历/、/专业/不/限/；/2/、/年龄/35/岁/以下/，/性别/不/限/；/3/、/2/年/以上/建材/渠道/销售/经验/，/有/零售/分销/经验/优先/考虑/；/4/、/吃苦耐劳/，/能/出差///驻外/地/工作者/优先/。/职位/福利/：/五险/一金/、/交通/补助/、/通讯/补助/职位/亮点/：/央企/、/上市公司/、/大/平台
48352,福耀集团（上海）汽车玻璃有限公司,岗位职责/：/1/、/负责/制定/冲压/工序/的/工艺/标准/，/及时/更新/，/保障/其/有效性/；/2/、/负责/冲压/模具/的/设计/评审/，/提高/模具设计/和/应用/能力/；/3/、/负责/冲压/工艺/改善/和/技术难题/攻关/，/提升/成品率/，/并/形成/知识库/；/4/、/负责/冲压/工序/的/工艺/布局/、/自动化/连线/，/及/技术改造/方案/的/实现/；/5/、/对/冲压/生产/过程/定期/进行/监督/检查/；/6/、/负责/冲压/相关/提质/增效/项目/的/开展/；/7/、/负责/新/铝/板材/的/开发/、/验证/；/8/、/负责/本/模块/环安/管理体系/文件/的/建立/、/执行/、/完善/与/管理/。/9/、/负责/本/模块/的/专利/撰写/和/经验/库/积累/工作/。/任职/要求/：/1/、/本科/及/以上学历/优先/，/机械制造/、/模具/等/相关/专业/优先/2/、/2/2/、/2/年/及/以上/相关/工作/经验/；/3/、/熟练/使用/UG/或/CATIA/等/三维/软件/，/会/冲压/仿真/软件者/优先/考虑/；/4/、/熟悉/冲压/模具/构造/；/5/、/了解/冲压/工艺流程/；/6/、/熟悉/铝合金/板材/的/特性
3891,瑞昌中建材光电材料有限公司,1/./负责/薄膜/太阳能/发电/玻璃/在/海外/市场/的/销售/与/推广/，/制定/并/执行/市场/拓展/策略/，/完成/销售/目标/。/2/./深入/了解/目标/市场/（/如/欧美/、/亚太/、/中东/、/非洲/等/地区/）/的/行业动态/、/政策法规/和/客户/需求/，/挖掘/潜在/客户资源/。/3/./维护/和/发展/与/国际/客户/的/长期/合作/关系/，/提供/专业/的/售前/、/售中/和/售后服务/支持/。/4/./协助/公司/制定/海外/市场/的/价格/策略/、/产品/策略/和/推广/计划/，/提升/品牌/知名度/和/市场份额/。/5/./参加/国际/行业/展会/、/研讨会/等/活动/，/展示/公司/产品/和/技术/优势/，/收集/市场/反馈/信息/。/任职/要求/：/1/./本科/及/以上学历/，/国际贸易/、/市场营销/、/新能源/等/相关/专业/优先/。/2/./具备/3/年/以上/海外/销售/经验/，/有/新能源/、/光伏/行业/背景者/优先/。/3/./具备/一定/的/电气/、/幕墙/、/建筑/、/结构/等/相关/专业/技术/基础知识/，/以及/一定/的/光伏/电站/项目管理/经验者/优先/。/4/./熟悉/海外/市场/拓展/流程/和/销售/技巧/，/具备/良好/的/客户关系/管理/能力/。/5/./具备/出色/的/英语/沟通/能力/，/能够/熟练/使用/英语/进行/商务谈判/和/书面/交流/。/6/./具备/较强/的/市场/洞察力/和/数据分析/能力/，/能够/根据/市场/反馈/调整/销售策略/。/7/./能够/适应/海内外/出差/。
203,肇庆南玻节能玻璃有限公司,任职/资格/：/1/、/2/年/以上/计算机/维护/、/网络/维护/、/业务/系统维护/相关/经验/；/2/、/掌握/计算机/的/病毒/处理/、/软硬件/、/网络/、/数据库/等/相关/知识/；/3/、/有/CCNA/、/网络/工程师/认证/优先/职位/职责/：/1/、/负责/公司/网络/及/信息化/系统/的/维护/工作/，/及时处理/用户/的/日常/问题/；/2/、/负责/公司/计算机/、/打印机/及/周边设备/的/管理/、/维护/工作/；/3/、/负责/公司/DHCP/\/AD/\/文件/\/一卡通/等/系统/的/管理/、/维护/工作/。/福利待遇/：/1/、/购买/六险/（/全部/公司/出/）/一金/、/提供/住宿/；/2/、/年终奖/、/过节费/、/高温/补贴/、/餐补/；/3/、/年休假/、/工龄/假/、/法定/假/、/员工/技能/培训/；/4/、/专业/体检/、/员工/活动/及/不定期/福利/等/。
64017,浙江华康药业股份有限公司,任职/要求/：/1/、/本科/，/食品科学/与/工程/、/化学工程/等/相关/专业/；/2/、/3/年/以上/调味/糖浆///果酱/行业/的/生产工艺/技术/工作/经验/，/有/大型/流程型/食品/制造/生产工艺/工作/经验/亦可/；/3/、/掌握/食品/加工/工艺/原理/，/熟悉/蒸发/浓缩/、/灭菌/、/灌装/等/关键设备/操作/；/4/、/熟悉/食品/添加剂/应用/及/法规/标准/、/HACCP/、/GMP/、/ISO22000/等/质量/管理体系
87086,新疆天润乳业销售有限公司,驻地/：/福州/、/厦门/岗位职责/：/1/./负责/公司/牛奶/及/乳制品/在/指定/区域/的/市场/开发/、/渠道/拓展/与/客户/维护/。/2/./完成/区域/销售/任务/，/做好/终端/网点/铺市/、/陈列/与/动销/跟进/。/3/./维护/经销商/、/商超/、/便利店/、/团购/等/渠道/关系/，/提升/产品/覆盖率/。/4/./收集/市场/及/竞品/信息/，/制定/区域/销售/计划/并/落地/执行/。/5/./管理/区域/销售/团队/，/统筹/日常/工作/，/确保/回款/与/目标/达成/。/来自/：/马/克/团/队
80195,河北新希望天香乳业有限公司,1/./搜集/及/反馈/市场趋势/、/需求/变化/、/竞争对手/和/客户/实际/需求/；/2/./执行/公司/销售/政策/，/与/客户/建立/良好/关系/；/工作/要求/：/1/./大专/及/以上学历/。/2/./具有/较强/的/沟通/能力/。/职位/福利/：/五险/一金/、/通讯/补助/、/高温/补贴/、/节日/福利/、/带薪/年/假/、/定期/体检
20692,云南新希望邓川蝶泉乳业有限公司,岗位职责/：/1/、/负责/市场/开发/、/客户/维护/和/销售/执行/等/工作/；/2/、/负责/所属/区域/的/产品/宣传/、/推广/和/销售/，/完成/销售/的/任务/指标/；/3/、/制定/销售/计划/，/并/按计划/拜访/客户/和/开发新/客户/；/4/、/协助/片区/经理/制定/销售策略/、/销售/计划/，/以及/量化/销售/目标/；/5/、/制定/每月/销售费用/的/预算/，/控制/销售/成本/，/提高/销售/利润/；/6/、/做好/销售/合同/的/签订/、/履行/与/管理/等/相关/工作/，/以及/协调/处理/各类/市场/问/任职/要求/：/1/、/大专/及/以上学历/，/市场营销/、/工商管理/等/相关/专业/优先/；/2/、/2/年/及/以上/销售/经验/，/有快/消品/销售/经验者/优先/考虑/；/3/、/具备/较强/的/沟通/能力/、/谈判/技巧/和/客户服务/意识/；/4/、/工作/积极主动/，/具备/良好/的/团队/合作/精神/和/抗压/能力/；/5/、/熟练/使用/Office/办公/软件/，/具有/一定/的/数据分析/能力/；/负责/南华/市场/。
18220,广东粤垦农业小额贷款股份有限公司,来源/：/马/克/团/队/【/工作/地点/】/广东省/江门市/蓬江区/建设/三路/75/号/智荟城/2/幢/六层/616/室/【/岗位职责/】/1/./积极/营销/和/开发/市场/、/深入/了解/客户/贷款/需求/;/2/./收集/、/整理/客户/的/相关/资料/，/提出/贷款/建议/；/3/./开展/深入/、/细致/的/项目/调查/和/上报/审批/；/4/./与/客户/保持/沟通/，/做好/客户/维护/、/管理工作/；/5/./做好/贷后/管理/；/6/./完成/上级/交办/的/其他/工作/。/【/任职/要求/】/1/./本科/及/以上学历/，/金融/、/经济/、/营销/相关/专业/，/有/5/年/及/以上/信贷/工作/经验/的/，/专业/限制/可/予以/适当/放宽/；/2/./熟悉/市场营销/、/市场推广/工作/，/有/较/强/市场/开拓/能力/、/善于/与/人/沟通/;/3/./有/很/强/的/团队/协作/精神/和/服务/意识/；/4/./为人正直/、/坦诚/，/有/良好/的/职业/操守/及/品行/。/5/./结合/工作/实际/需要/，/公司/可/对此/工作岗位/进行/全省/范围/内/的/合理/调配/。
91751,同庆楼餐饮股份有限公司,岗位/内容/：/1/./负责/选址/调研/，/制定/选址/方案/及/实施/计划/；/2/./进行/市场/分析/和/商圈/评估/，/评估/潜在/竞争对手/及/机会/；/3/./分析/商业模式/及/业态/需求/，/策划/开发/策略/并/推进/落地/；/4/./掌握/政策法规/、/土地/市场/信息/及/资金/渠道/，/协助/项目/融资/等/。/任职/要求/：/1/./本科/及/以上学历/，/城市规划/、/建筑/、/房地产/等/相关/专业/背景/；/2/./三年/以上/丰富/的/商业地产/选址/开发/经验/，/优秀/的/市场/敏感度/及/分析/能力/；/3/./熟练掌握/选址/流程/和/常用工具/，/了解/市场/环境/与/趋势/；/4/./具备/较强/的/谈判/、/协调/、/管理/能力/以及/团队/合作/精神/。
91752,同庆楼餐饮股份有限公司,岗位/内容/：/1/./负责/包子铺/装修/项目/的/规划/、/设计/、/施工/以及/竣工/验收/等/全过程/管理/。/2/./协调/各个部门/和/供应商/，/确保/项目/按时/、/高质量/完成/。/3/./监察/预算/、/进度/和/风险/等/，/及时/报告/和/处理/问题/。/4/./提供/前期/预算/和/效果图/，/为/客户/提供/专业/建议/。/任职/要求/：/1/./具备/3/年/以上/连锁/餐饮/店铺/装修/项目管理/经验/，/能/独立/处理/和/解决/项目/问题/。/2/./精通/装修/项目/中/的/各项/工艺/和/材料/，/对/建筑工程/规范/有/深入/了解/。/3/./具备/较强/的/团队/合作/精神/和/领导/能力/，/能够/有效/沟通/和/协调/工作/。/4/./具备/出色/的/服务/意识/和/客户/管理/能力/，/有/成功/案例者/优先/考虑/。
91756,同庆楼餐饮股份有限公司,岗位/内容/：/1/./负责/工程项目/的/规划/、/组织/、/实施/和/管控/，/确保/工程质量/、/进度/和/安全/；/2/./指导/各/部门/的/合作/，/保证/项目/进展/的/衔接/协调/；/3/./制定/相关/标准/和/流程/，/优化/项目管理/体系/，/不断/提升/工程项目/管理水平/；/4/./针对/项目/中/出现/的/问题/和/风险/，/及时/解决/并/向/领导层/报告/情况/。/任职/要求/：/1/./本科/及/以上学历/，/机械/、/电子/、/自动化/等/相关/专业/背景/；/2/./具备/5/年/以上/相关/工作/经验/，/有/成功/的/工程/项目管理/经验者/优先/；/3/./熟悉/品质/管理/、/项目风险/管理/等/常见/的/管理/方法/和/工具/；/4/./具备/较强/的/沟通/、/协调/和/解决问题/能力/，/有/很/好/的/团队/合作/精神/；/5/./具备/全局/思维/和/创新/意识/，/能够/快速/适应/新/的/工作/环境/和/任务/。
91753,同庆楼餐饮股份有限公司,岗位职责/：/1/./负责/腊味/产品/研发/创新/，/每年/推出/3/-/5/款/新品/2/./主导/腊味/生产工艺/优化/，/提升/产品/良品率/至/95%/以上/3/./建立/腊味/标准化/生产/体系/，/制定/10/+/项/工艺/标准/4/./管理/5/-/8/人/研发/团队/，/把/控/研发/进度/与/质量/任职/要求/：/1/./食品/工程/相关/专业/专科/及/以上学历/2.5/年/以上/腊味/或/肉制品/研发/经验/3/./熟悉/传统/腊味/制作/工艺/与/现代/食品/技术/4/./具备/团队/管理/能力/与/项目管理/经验
85780,中冶南方武汉工程咨询管理有限公司,岗位/内容/：/1/./组织/编制/工程造价/（/土建///安装/）/预算书/及/施工图/预算/，/负责/工程项目/全/周期/造价/管理/，/包括/预算编制/、/成本核算/、/结算/审计/等/核心/工作/。/2/./独立/完成/工程量/清单/编制/、/招标/控制/价/审核/及/合同/价款/调整/等/专业/任务/。/3/./参与/项目/现场/勘查/与/成本/分析/，/识别/潜在/造价/风险/并/提出/优化/方案/。/4/./配合/项目/团队/完成/跨部门/协作/，/确保/造价/数据/与/业务/需求/的/一致性/。/6/./具备/造价/实操/经验/，/熟悉/国家/及/地方/造价/规范/与/计价/标准/。/7/../根据/项目/情况/，/确定/采用/的/定额/或/细目/定额/，/编制/相应/的/价格表/；/8/./参与/设计方案/的/优化/和/选优/，/提出/节约/成本/的/建议/。/任职/要求/：/1/./大专/及/以上学历/，/造价/相关/专业/背景/，/熟练掌握/工程造价/相关/理论/和/实践/；/有/5/年/以上/造价/（/安装/方向/）/经验/，/有/跟/审/经验/。/2/./有/一级/造价/工程师/、/中级/以上/职称者/优先/。/精通/各类/工程造价/软件/，/如/建设/工程造价/计算/软件/、/BIM软件/以及/CAD/等/绘图/软件/；/3/./具备/良好/的/沟通/能力/和/人际交往/能力/，/能够/有效/地/与/内外部/各方/进行/信息沟通/和/协调/；/4/./具有/较强/的/问题/解决/能力/和/判断力/，/能够/在/紧张/的/工作/环境/下/保持/高效率/和/高水平/的/工作/能力/。/（/来自/马克/数据网/）
39667,宝武环科武汉金属资源有限责任公司,负责/机械设备/日常/点检/、/保养/、/维护/计划/及/检查/并/督促/下属/单元/执行/；/负责/机械设备/采购/技术参数/的/编制/、/计划/申报/、/设备/安装/验收/及/相关/资料/的/归档/；/负责/机械/备件/的/梳理/、/申报/，/确保/设备/正常/运行/；/负责/机械/专业/项目/的/立项/、/施工/组织/、/验收/等/项目管理/，/参与/机械/项目/招标/管理/；/负责/编制/和/完善/设备/操作规程/、/维护/保养/指导书/、/设备/档案/等/。
76052,北京铁科首钢轨道技术股份有限公司,岗位职责/1/./市场调研/与/分析/：/负责/目标/市场/的/调研/，/分析/行业/趋势/、/竞争/格局/及/客户/需求/，/为/市场策略/制定/提供/依据/。/2/./客户/开发/与/维护/：/通过/展会/、/网络平台/、/行业协会/等/渠道/，/主动/开拓/新/产品/领域/客户/，/建立/并/维护/长期/稳定/的/客户关系/。/3/./销售/目标/达成/：/执行/销售/计划/，/完成/个人/年度/销售/指标/及/回款/任务/，/推动/业务/持续增长/。/4/./项目/跟踪/与/管理/：/负责/项目/从询/盘/、/报价/、/谈判/到/合同/签订/的/全/流程/跟进/，/协调/内部/资源/确保/订单/顺利/交付/。/5/./品牌/推广/：/参与/国际/行业/展会/、/技术/交流会/等/活动/，/推广/公司/产品/与/技术/解决方案/，/提升/品牌/知名度/。/6/./跨部门/协作/：/与/上级/单位/各个/专业/室/密切联系/，/推进/新/产品/转化/并/落地/；/与/生产/、/技术/、/采购/等/部门/密切配合/，/确保/客户/需求/有效/传递/并/落实/。/7/./完成/领导/交办/的/其他/工作/。/任职/资格/1/./大学本科/及/以上学历/，/计算机科学/与/技术/、/信息/与/通信工程/相关/专业/优先/考虑/。/2/./具备/5/年/以上/相关/工作/经历/，/有/与/铁路/内/单位/合作/工作/经历者/优先/考虑/。/3/./具备/较/好/的/沟通交流/能力/。/4/./积极主动/，/结果/导向/，/具备/良好/的/团队/协作/意识/和/客户服务/精神/。/5/./熟练/使用/基本/办公/软件/，/具备/基本/的/网络/知识/。/6/./有/驾照/，/能/适应/跨时区/工作/、/短期/海外/出差/及/高强度/业务/压力/。
39670,武汉宏信矿冶科工集团有限公司,1/、/在/技术/总工/的/领导/下/，/及时/完成/采掘/工程/测量/工作/。/2/、/经常/深入/现场/，/全面/了解/情况/，/参与/研究/解决/生产/中/遇到/的/关键问题/。/3/、/审查/测量/资料/及/图表/，/校正/、/维修/、/使用/仪器/，/爱护/、/保管/好/备用/器材/及/工具/，/保证/正常/使用/。/4/、/树立/高度/责任心/，/及时/更新/采/、/掘/工程/实测/图纸/，/为/生产/技术/提供/准确/详实/的/资料/。/5/、/服从/领导/，/参与/工程质量/监督管理/。/6/、/及时/填绘/测量/交换/图/、/资料/及/整理/，/必须/有/计算/成果/副本/。/7/、/努力学习/，/不断/提高/自身/的/业务素质/，/积极/完成/领导/下达/的/各项/生产/任务/。
38363,武钢集团有限公司,1/./岗位职责/负责/电气设备/、/电力设备/、/输配电/、/自动化/系统/等/相关/技术/工作/2/./任职/要求/电气/、/电力/、/自动化/等/相关/专业/大学本科/及/以上学历/应届/毕业生/，/按期/取得/毕业证书/、/学位证书
5214,四川大中赫锂业有限公司,安装/-/预算编制/与/审核/1/、/根据/矿山/工程/建设项目/的/设计/图纸/、/施工/方案/等/资料/，/准确/编制/工程预算/文件/，/包括/工程量/计算/、/套价/、/取费/等/工作/，/确保/预算/的/准确性/和/完整性/。/对/项目/变更/、/签证/等/进行/及时/的/预算/调整/，/跟踪/工程进度/，/对比/实际成本/与/预算/的/差异/，/分析/原因/并/提出/控制措施/。/2/、/参与/工程/招投标/文件/的/编制/，/提供/准确/的/工程预算/数据/，/为/投标/报价/提供/依据/。/审核/投标/单位/的/报价/文件/，/分析/其/合理性/，/协助/确定/中标/单位/。/成本/控制/与/分析/3/、/协助/制定/项目/成本/控制目标/和/计划/，/分解/成本/指标/到/各个部门/和/阶段/。/监控/项目/成本/支出/情况/，/对/超支/风险/进行/预警/，/及时发现/并/解决/成本/控制/中/的/问题/。/4/、/定期/进行/成本/分析/，/编制/成本/分析/报告/，/为/项目/决策/提供数据/支持/。/对/项目/的/人工/、/材料/、/设备/等/成本/要素/进行/分析/，/提出/降低成本/的/建议/和/措施/。/合同/管理/5/、/参与/工程建设/合同/的/谈判/和/签订/，/负责/合同/中/有关/工程造价/条款/的/审核/和/解释/。/确保/合同条款/明确/、/合理/，/保护/企业/的/经济/利益/。/跟踪/合同/执行/情况/，/对/合同/变更/进行/评估/和/处理/，/及时/调整/预算/和/成本/控制/计划/。/处理/合同纠纷/中/的/造价/争议/问题/，/提供/专业/的/意见/和/建议/。/工程/结算/与/审计/负责/项目/竣工/后/的/结算/工作/，/收集/、/整理/结算/资料/，/编制/工程/结算/报告/。/与/施工单位/、/监理/单位/等/进行/结算/核对/，/确保/结算/金额/准确无误/。/配合/内部/审计/和/外部/审计工作/，/提供/相关/的/预算/、/结算/资料/，/解释/审计/过程/中/的/疑问/。/对/审计/提出/的/问题/进行/整改/，/完善/工程造价/管理工作/。/其他/工作/收集/、/整理/和/分析/工程造价/相关/信息/，/建立/和/维护/工程造价/数据库/，/为/后续/项目/提供/参考/依据/。/参与/工程/建设项目/的/可行性研究/和/初步设计/阶段/的/工作/，/提供/造价/方面/的/专业/意见/和/建议/，/协助/优化/设计方案/，/控制/项目/投资/。
76194,大中矿业股份有限公司,1/./主持/生产指标/技术/指导/专题/会/，/指导/车间/进行/指标/调节/。/2/./每月/不得/少于/1/次/工艺流程/考察/，/并/编制/考查/报告/报厂/领导/。/3/./分析/各/车间/生产成本/节约/及/超支/的/原因/，/编制/成本/超节/分析/报告/报厂/领导/。/4/./检查和/分析/指标/波动/原因/，/根据/生产/实际/情况/对/责任人/给予/考核/。/5/./根据/生产/异动/情况/，/组织/选矿/技术/实验/，/通过/实验/结果/指导/生产/操作/。/6/./完成/上级领导/临时/安排/的/工作/任务/。/职位/福利/：/五险/一金/、/绩效奖金/、/定期/体检/、/免费/停车/、/包住
76193,安徽金日晟矿业有限责任公司,根据地/下/矿山/生产/工作/安排/，/生产/测量/工作
90576,海南矿业,岗位职责/：/1/./负责/矿山/电气/自动化/相关/项目/（/如/自动化/生产线/建设/、/电气系统/改造/、/智能/矿山/项目/等/）/的/全/流程/管理/，/负责/项目/技术/方案/的/论证/、/设计/审核/、/施工/指导/及/竣工/验收/，/确保/项目/按时/保质/完成/并/顺利/投产/。/2/./制定/设备/日常/维护/、/故障/排查/及/应急/处置/预案/，/定期/开展/系统/巡检/与/性能/评估/，/保障/电气/自动化/系统/稳定/、/安全/、/高效/运行/。/3/./协调/与/电气/自动化/相关/的/内外部/技术/对接/工作/，/包括/与/设备/供应商/、/施工单位/、/科研机构/的/技术/沟通/，/以及/与/矿山/内部/生产/、/安全/、/运维/等/部门/的/协作/配合/，/确保/技术/工作/顺畅/推进/。/岗位/要求/：/1/./本科/及/以上学历/，/电气工程/及其/自动化/、/自动化/、/控制工程/等/相关/专业/。/2/./具备/5/年/以上/电气/自动化/相关/工作/经验/，/有/大型项目/电气/自动化/系统/设计/、/实施/或/运维/管理/经验者/优先/。/3/./熟练掌握/PLC编程/、/DCS系统/组态/、/变频器/调试/、/工业/网络/搭建/等/核心技术/，/熟悉/矿山/主要/生产/设备/的/电气控制/原理/。/4/./具备/较强/的/技术/研判/能力/、/创新能力/及/问题/解决/能力/，/能够/独立/主导/关键技术/攻关/与/重大项目/实施/，/具备/应对/复杂/电气/自动化/系统故障/的/应急/处置/能力/。
76192,大中矿业股份有限公司,1/./主持/生产指标/技术/指导/专题/会/，/指导/车间/进行/指标/调节/。/2/./每月/不得/少于/1/次/工艺流程/考察/，/并/编制/考查/报告/报厂/领导/。/3/./分析/各/车间/生产成本/节约/及/超支/的/原因/，/编制/成本/超节/分析/报告/报厂/领导/。/4/./检查和/分析/指标/波动/原因/，/根据/生产/实际/情况/对/责任人/给予/考核/。/5/./根据/生产/异动/情况/，/组织/选矿/技术/实验/，/通过/实验/结果/指导/生产/操作/。/6/./完成/上级领导/临时/安排/的/工作/任务/。/职位/福利/：/五险/一金/、/绩效奖金/、/定期/体检/、/免费/停车/、/包住/（/macrodatas/./cn/）/（/来/自/马/克/数/据/网/）
